weeks_at_number_one,overall_rating,divisiveness,cdr_genre,artist_structure,multiple_lead_vocalists,group_named_after_non_lead_singer,posthumous,front_person_age,artist_male,artist_white,artist_black,songwriter_male,songwriter_white,artist_is_a_songwriter,artist_is_only_songwriter,producer_male,producer_white,artist_is_a_producer,artist_is_only_producer,songwriter_is_a_producer,time_signature,simplified_key,bpm,energy,danceability,happiness,loudness_d_b,acousticness,vocally_based,bass_based,guitar_based,piano_keyboard_based,orchestral_strings,horns_winds,accordion,banjo,bongos,clarinet,cowbell,falsetto_vocal,flute_piccolo,handclaps_snaps,harmonica,human_whistling,kazoo,mandolin,pedal_lap_steel,ocarina,saxophone,sitar,trumpet,ukulele,violin,rap_verse_in_a_non_rap_song,length_sec,instrumental,instrumental_length_sec,intro_length_sec,vocal_introduction,free_time_vocal_introduction,fade_out,live,cover,sample,interpolation,inspired_by_a_different_song,lyrical_topic,lyrical_narrative,spoken_word,explicit,foreign_language,written_for_a_play,written_for_a_film,written_for_a_t_v_show,associated_with_dance,topped_the_charts_by_multiple_artist,eurovision_entry
2,4,1.3333333333333333,Pop;Rock,1,0,0,0,18,1,1,0,0,1,0,0,1,1,1,0,0,4/4,C,155,33,54,80,-12,67,0,0,1,0,0,0,0,0,0,0,0,0,0,0,0,0,0,0,0,0,0,0,0,0,0,0,154,0,12,12,0,0,0,0,0,0,0,0,Lost Love,0,0,0,0,0,0,0,0,0,0
6,4.333333333333333,2.6666666666666665,Pop,1,0,0,0,35,1,0,1,1,1,0,0,1,1,0,0,0,3/4,Eb,71,15,33,61,-18,4,1,0,0,1,1,0,0,0,0,0,0,0,0,0,0,0,0,0,0,0,0,0,0,0,0,0,156,0,0,3,0,0,0,0,0,0,1,1,Love,0,0,0,0,0,0,0,0,0,0
2,8,1.3333333333333333,Pop,1,0,0,0,25,1,1,0,1,1,1,0,1,1,0,0,0,Free;6/8,B,127,43,44,36,-10,86,1,0,0,1,0,0,0,0,0,0,0,0,0,0,0,0,0,0,0,0,0,0,0,0,0,0,134,0,0,24,1,1,0,0,0,0,0,0,Lost Love,0,0,0,0,0,0,0,0,0,0
1,4,2,Folk/Country,0,0,0,0,24.333333333333332,1,1,0,1,1,0,0,1,1,0,0,0,4/4,E,126,14,63,52,-15,83,0,0,1,0,0,0,0,1,0,0,0,0,0,0,0,0,0,0,0,0,0,0,0,0,0,0,185,0,7,31,1,0,0,0,1,0,0,1,Murder;Death,1,1,0,0,0,0,0,0,0,0
3,8,0,Pop,0,0,0,0,18,2,1,0,1,1,1,1,1,1,1,1,1,12/8,Multiple Keys,175,20,32,35,-16,89,1,0,1,0,0,0,0,0,0,0,0,0,0,0,0,0,0,0,0,0,0,0,0,0,0,0,142,0,8,8,0,0,1,0,0,0,0,0,Longing for Love,0,0,0,0,0,0,0,0,0,0
4,2.6666666666666665,2.6666666666666665,Pop,0,0,0,0,39,1,0,0,1,0,1,1,1,0,1,1,1,3/4,Ab,153,37,61,78,-12,71,0,0,1,0,0,1,0,0,0,0,0,0,0,0,0,0,0,0,0,0,0,0,0,0,0,0,141,0,28,19,0,0,1,0,0,0,0,0,Christmas,0,0,0,0,0,0,0,0,0,0
3,8.666666666666666,0.6666666666666666,Pop,0,0,0,0,30,2,0,1,1,1,0,0,1,1,0,0,0,4/4,Multiple Keys,113,27,32,26,-11,93,1,0,0,0,1,0,0,0,0,0,0,0,0,0,0,0,0,0,0,0,0,0,0,0,0,0,158,0,16,8,0,0,0,0,1,0,0,1,Lost Love,0,0,0,0,1,0,0,0,0,0
4,7,2,Rock,1,0,0,0,25,1,0,1,1,0,1,0,1,1,0,0,0,Free;4/4,Eb,71,62,36,79,-8,74,0,0,1,0,0,1,0,0,0,0,0,0,0,0,0,0,0,0,0,0,0,0,0,0,0,0,145,0,32,13,1,1,1,0,1,0,0,1,Murder;Death,1,0,0,0,0,0,0,0,0,0
5,2.3333333333333335,0.6666666666666666,Pop,1,0,0,0,18,1,1,0,1,1,0,0,1,1,0,0,0,4/4,Bb,115,48,56,75,-10,73,1,0,1,1,0,0,0,0,0,0,0,0,0,0,0,0,0,0,0,0,0,0,0,0,0,0,142,0,23,16,0,0,0,0,0,0,0,0,Longing for Love,0,0,0,0,0,0,0,0,0,0
4,8,0,Pop,0,0,0,0,19,2,1,0,2,1,1,1,1,1,1,0,0,4/4,Db,123,9,60,67,-18,93,1,0,1,0,0,0,0,0,0,0,0,0,0,0,0,0,0,0,0,0,0,0,0,0,0,0,145,0,0,15,0,0,1,0,0,0,0,0,Longing for Love,0,0,0,0,0,0,0,0,0,0
2,6.666666666666667,0.6666666666666666,Rock,1,0,0,0,30,1,0,1,1,1,0,0,1,0,0,0,0,4/4,Db,115,67,73,91,-6,65,0,0,1,1,0,0,0,0,0,0,0,0,0,0,0,0,0,0,0,0,0,0,0,0,0,0,145,0,33,7,0,0,1,0,1,0,0,1,Lust/Sex,0,0,0,0,0,0,0,0,0,0
6,1.3333333333333333,0.6666666666666666,Folk/Country;March,1,0,0,0,34,1,1,0,1,1,0,0,1,1,0,0,0,4/4,A,89,75,70,92,-12,80,0,0,0,0,0,0,0,1,0,0,0,0,0,0,0,0,0,0,0,0,0,0,0,0,0,0,151,0,26,8,0,0,1,0,0,0,1,1,War,1,0,0,0,0,0,0,0,0,0
4,4,0,Pop,1,0,0,0,17,1,1,0,1,1,1,1,1,1,0,0,0,3/4,C,106,61,62,80,-10,35,0,0,1,0,1,1,0,0,0,0,0,0,0,0,0,0,0,0,0,0,0,0,0,0,0,0,151,0,19,6,0,0,1,0,0,0,0,0,Longing for Love,0,0,0,0,0,0,0,0,0,0
2,6,1.3333333333333333,Rock,1,0,0,0,24,1,1,0,1,2,0,0,1,1,0,0,0,4/4,C,87,93,55,96,-8,82,0,0,1,1,0,0,0,0,0,0,0,0,0,0,0,0,0,0,0,0,0,0,0,0,0,0,141,0,40,4,0,0,1,0,0,0,0,0,Lust/Sex,0,0,0,0,0,0,0,0,0,0
4,5.333333333333333,3.3333333333333335,Pop;Folk/Country,0,0,0,0,25,2,1,0,1,1,0,0,1,1,0,0,0,Free;4/4,G,106,33,46,32,-10,83,1,0,1,1,0,0,0,0,0,0,0,0,0,0,0,0,0,0,0,0,0,0,0,0,0,0,174,0,0,19,0,0,0,0,1,0,0,1,Life;Death,1,0,0,0,0,0,0,0,0,0
9,8.333333333333334,2.6666666666666665,Jazz,1,0,0,0,23,1,1,0,1,1,0,0,1,1,0,0,0,4/4,Multiple Keys,83,53,55,46,-12,76,0,1,0,1,0,1,0,0,0,0,0,0,0,0,0,0,0,0,0,0,0,0,0,0,0,0,184,0,12,6,0,0,0,0,1,0,0,1,Murder;Death,0,0,0,0,0,0,0,0,0,0
1,4.666666666666667,1.3333333333333333,Pop,0,0,0,0,19,2,1,0,1,1,0,0,2,1,0,0,0,Free;4/4,E,97,9,37,21,-17,93,1,0,1,0,0,1,0,0,0,0,0,0,0,0,0,0,0,0,0,0,0,0,0,0,0,0,145,0,0,34,1,1,1,0,0,0,0,0,Lost Love,0,0,0,0,0,0,0,0,0,0
2,3.6666666666666665,1.3333333333333333,Pop,1,0,0,0,32,1,1,0,1,1,0,0,1,1,0,0,0,4/4,F,172,59,58,84,-11,46,0,1,1,0,1,0,0,0,0,0,0,0,0,0,0,1,0,0,0,0,0,0,0,0,0,0,155,0,18,13,0,0,0,0,0,0,0,0,Lost Love,0,0,0,0,0,0,0,0,0,0
1,3,2,Pop,1,1,0,0,19,1,1,0,1,1,0,0,1,1,0,0,1,4/4,C,94,35,51,59,-9,76,0,0,1,0,1,0,0,0,0,0,0,0,0,0,0,0,0,0,0,0,0,0,0,0,0,0,158,0,26,9,0,0,0,0,0,0,0,0,Love,0,0,0,0,0,0,0,0,0,0
2,7,2,Folk/Country,1,0,0,0,34,1,1,0,1,1,1,1,1,1,0,0,0,3/4,D,107,45,65,69,-10,83,0,0,1,0,0,0,0,0,0,0,0,0,0,0,0,0,0,0,0,0,0,0,0,0,0,0,259,0,8,8,0,0,0,0,0,0,0,0,Love;Murder;Death,1,0,0,0,0,0,0,0,0,0
3,5.333333333333333,1.3333333333333333,Rock,1,0,0,0,20,1,1,0,1,1,0,0,1,1,0,0,1,4/4,Bb,120,30,77,82,-15,85,1,1,0,0,0,1,0,0,0,0,0,0,0,0,0,0,0,0,0,0,1,0,0,0,0,0,158,0,0,4,0,0,1,0,0,0,0,0,Love;Death,1,0,0,0,0,0,0,0,0,0
2,4.666666666666667,5.333333333333333,Pop,1,0,0,0,26,1,1,0,2,1,0,0,1,1,0,0,0,Free;4/4,C,102,6,57,28,-19,94,0,0,1,0,0,0,0,0,0,0,0,0,0,0,0,0,0,0,0,0,0,0,0,0,0,0,157,0,0,10,1,1,0,0,0,0,0,0,Love;Death,1,0,0,0,0,0,0,0,0,0
4,5.333333333333333,0.6666666666666666,Rock,1,0,0,0,25,1,1,0,1,2,0,0,1,1,0,0,0,4/4,G,132,51,65,95,-12,76,0,0,1,1,0,0,0,0,0,0,0,0,0,1,0,0,0,0,0,0,0,0,0,0,0,0,140,0,0,7,0,0,1,0,0,0,0,0,Lust/Sex,0,0,0,0,0,0,0,0,0,0
5,8.666666666666666,2,Rock,0,0,0,0,22,1,1,0,1,1,1,1,1,1,0,0,0,4/4,G,120,58,50,87,-9,41,0,0,1,0,0,0,0,0,0,0,0,0,0,0,0,0,0,0,0,0,0,0,0,0,0,0,144,0,7,7,0,0,1,0,0,0,0,0,Bad Relationships;Lost Love,0,0,0,0,0,0,0,0,0,0
2,4.333333333333333,0.6666666666666666,Pop,1,0,0,0,22,0,1,0,1,1,0,0,1,1,0,0,0,4/4,Gb,84,59,58,85,-10,75,0,0,0,0,0,0,0,0,0,0,0,0,0,0,0,0,0,0,0,0,0,0,0,1,0,0,160,0,11,11,0,0,0,0,0,0,0,0,Bad Relationships;Lost Love,0,0,0,0,0,0,0,0,0,0
1,6.333333333333333,2,Rock,0,0,0,0,20.5,1,1,0,1,1,0,0,1,1,1,1,0,4/4,G,65,56,66,89,-4,77,0,1,0,1,0,0,0,0,0,0,0,0,0,0,0,0,0,0,0,0,0,0,0,0,0,0,165,0,0,7,0,0,1,0,0,0,0,0,Bad Behavior,0,0,0,0,0,0,0,0,0,0
3,6.666666666666667,0.6666666666666666,Pop;Folk/Country,1,0,0,0,15,0,1,0,1,1,0,0,1,1,0,0,0,6/8,Bb,102,22,56,30,-12,87,1,0,1,1,1,0,0,0,0,0,0,0,0,0,0,0,0,0,0,0,0,0,0,0,0,0,144,0,14,14,0,0,0,0,0,0,0,0,Lost Love,0,0,0,0,0,0,0,0,0,0
1,1,0,Pop,1,1,0,0,17,1,1,0,1,1,0,0,1,1,0,0,0,4/4,D,122,40,80,97,-13,68,0,1,1,0,0,0,0,0,0,0,0,0,0,0,0,0,0,0,0,0,0,0,0,0,0,0,144,0,12,4,0,0,0,0,0,0,0,0,Shyness,1,1,0,0,0,0,0,0,0,0
5,8.333333333333334,2,Pop,1,0,0,0,25,1,1,0,1,1,0,0,1,1,0,0,0,Free;4/4,E,126,49,64,75,-9,64,1,0,0,1,0,0,0,0,0,0,0,0,0,0,0,0,0,1,0,0,0,0,0,0,0,0,196,0,8,10,0,0,0,0,1,0,0,1,Love,0,0,0,0,0,0,0,0,0,0
3,6.666666666666667,2,Rock,1,0,0,0,18,1,0,1,1,0,0,0,1,1,0,0,0,4/4,E,157,64,53,94,-7,20,0,0,1,1,0,1,0,0,0,0,0,0,0,0,0,0,0,0,0,0,1,0,0,0,0,0,154,0,19,5,0,0,0,0,1,0,0,1,Dancing,0,0,0,0,0,0,0,1,0,0
2,5.333333333333333,2,Folk/Country,1,0,0,0,22,0,1,0,1,1,0,0,1,1,0,0,0,4/4,Gb,109,48,32,66,-10,71,0,0,1,0,0,1,0,0,0,0,0,0,0,0,0,0,0,0,0,0,0,0,1,0,0,0,152,0,8,8,0,0,0,0,0,0,0,0,Lost Love,0,0,0,0,0,0,0,0,0,0
1,2.3333333333333335,1.3333333333333333,Folk/Country,1,0,0,0,24,1,1,0,1,1,0,0,1,1,0,0,1,4/4,Bm,108,23,83,6,-14,63,1,0,0,0,0,0,0,0,0,0,0,0,0,0,0,0,0,0,0,0,0,0,0,0,0,0,185,0,8,26,0,0,1,0,0,0,0,0,War,0,1,1,0,0,0,0,0,0,0
3,9.333333333333334,0.6666666666666666,Pop,0,0,0,0,22,1,0,1,1,1,0,0,1,1,0,0,0,4/4,E,143,53,54,90,-11,61,0,0,1,0,1,0,0,0,0,0,0,0,0,0,0,0,0,0,0,0,0,0,0,0,0,0,155,0,17,3,0,0,1,0,0,0,0,0,Love,0,0,0,0,0,0,0,0,0,0
1,6.333333333333333,3.3333333333333335,Pop,1,0,0,0,15,0,1,0,1,1,0,0,1,1,0,0,0,3/4,Ab,108,21,49,46,-15,59,1,0,0,1,1,0,0,0,0,0,0,0,0,0,0,0,0,0,0,0,0,0,0,0,0,0,185,0,0,12,0,0,0,0,1,0,0,1,Longing for Love,0,0,0,0,0,1,0,0,0,0
1,9.666666666666666,0.6666666666666666,Pop,1,0,0,0,30,1,0,1,1,1,0,0,1,1,0,0,0,4/4,G,90,40,14,30,-9,78,0,0,0,1,1,0,0,0,0,0,0,0,0,0,0,0,0,0,0,0,0,0,0,0,0,0,215,0,22,16,0,0,0,0,1,0,0,1,Home;Love,0,0,0,0,0,0,0,0,0,0
1,8.333333333333334,0.6666666666666666,Rock,0,1,0,0,22,1,0,1,1,0,1,1,1,1,0,0,0,4/4,Bb,124,71,49,69,-10,83,1,1,1,0,0,0,0,0,0,0,0,0,0,0,0,0,0,0,0,0,0,0,0,0,0,0,96,0,0,0,0,0,1,0,0,0,0,0,Love,0,0,0,0,0,0,0,0,0,0
6,7.666666666666667,0.6666666666666666,Pop;Folk/Country,1,0,0,0,25,1,1,0,1,1,0,0,1,1,0,0,0,3/4,C,66,9,35,19,-18,92,1,0,1,0,0,0,0,0,0,0,0,0,0,0,0,0,0,0,0,0,0,0,0,0,0,0,187,0,8,8,0,0,0,0,1,0,0,1,Lost Love;Longing for Love,0,1,0,0,0,0,0,0,0,0
2,9,0,Pop,0,0,0,0,19,0,0,1,2,1,0,0,1,0,0,0,0,4/4,C,137,38,49,47,-11,44,1,0,1,0,1,0,0,0,0,0,0,0,0,0,0,0,0,0,0,0,0,0,0,0,0,0,162,0,23,7,0,0,1,0,0,0,0,0,Love,0,0,0,0,0,0,0,0,0,0
3,5.333333333333333,0.6666666666666666,Rock,1,0,0,0,19,1,0,1,1,0,0,0,1,1,0,0,0,4/4,Eb,77,61,45,96,-7,1,0,0,1,1,0,1,0,0,0,0,0,0,0,1,0,0,0,0,0,0,1,0,0,0,0,0,147,0,18,4,0,0,1,0,1,0,0,1,Dancing,0,0,0,0,0,0,0,1,0,0
2,7,0,Pop,1,0,0,0,26,1,1,0,1,1,0,0,1,1,0,0,0,4/4,Multiple Keys,83,67,45,89,-8,76,0,0,1,1,0,1,0,0,0,0,0,0,0,0,0,0,0,0,0,0,0,0,0,0,0,0,112,0,19,9,0,0,1,0,1,0,0,1,Lust/Sex,0,0,0,0,0,0,0,0,0,0
4,9.666666666666666,0.6666666666666666,Rock,1,0,0,0,24,1,1,0,1,1,1,0,1,1,0,0,0,4/4,Multiple Keys,79,53,59,73,-8,15,0,0,1,0,0,0,0,0,0,0,0,1,0,0,0,0,0,0,0,0,0,0,0,0,0,0,137,0,31,6,0,0,1,0,0,0,0,0,Lost Love,0,0,0,0,0,0,0,0,0,0
1,6,0,Rock,1,0,0,0,28,1,0,1,1,0,0,0,1,0,0,0,1,4/4,Eb,127,63,75,75,-8,71,0,0,0,1,0,1,0,0,0,0,0,0,0,0,0,0,0,0,0,0,0,0,0,0,0,0,154,0,30,8,0,0,1,0,0,0,0,0,Anger;Family,0,0,0,0,0,0,0,0,0,0
2,5.333333333333333,2,Rock,1,0,0,0,21,1,1,0,1,1,0,0,1,1,1,0,0,4/4,D,123,36,74,86,-12,67,1,0,1,1,0,0,0,0,0,0,0,0,0,0,0,0,0,0,0,0,0,0,0,0,0,0,143,0,26,8,0,0,0,0,0,0,0,0,Lust/Sex,0,0,0,0,0,0,0,0,0,0
1,9,2,Pop,1,0,0,0,25,1,1,0,1,1,1,0,1,1,0,0,0,6/8,A,128,39,57,38,-11,78,0,0,1,0,1,1,0,0,0,0,0,0,0,0,0,0,0,0,0,0,0,0,0,0,0,0,132,0,3,3,0,0,0,0,0,0,1,1,Love,1,0,0,0,0,0,0,0,0,0
1,1.6666666666666667,1.3333333333333333,Pop,1,0,0,0,27,1,1,0,1,1,0,0,1,1,0,0,0,4/4,Fm,139,73,62,69,-7,58,0,1,1,1,0,0,0,0,0,0,0,0,0,0,0,0,0,0,0,0,0,0,0,0,0,0,154,0,26,14,0,0,1,0,1,0,0,1,Death;Love,1,0,0,0,0,0,0,0,0,0
2,8,1.3333333333333333,Funk/Soul;Rock,1,0,0,0,22,1,0,1,1,2,1,0,1,1,0,0,1,4/4,Eb,165,83,46,90,-9,93,0,0,1,0,0,1,0,0,0,0,0,0,0,1,0,0,0,0,0,0,1,0,0,0,0,0,150,0,60,28,0,0,1,0,0,0,1,1,Partying,0,0,0,0,0,0,0,0,0,0
7,7,1.3333333333333333,Rock,1,0,0,0,36,1,0,1,1,1,0,0,1,1,0,0,1,4/4,C,143,72,57,96,-9,22,0,1,1,0,0,1,0,0,0,0,0,0,0,0,0,0,0,0,0,0,1,0,0,0,0,0,159,0,15,1,0,0,1,0,0,0,0,0,Insomnia;Lost Love,0,0,0,0,0,0,0,0,0,0
1,1.3333333333333333,0.6666666666666666,Polka,1,0,0,0,21,1,1,0,2,1,0,0,1,1,0,0,0,4/4,Db,85,46,84,95,-10,71,0,0,0,1,0,1,0,0,0,0,0,0,0,0,0,0,0,0,0,0,1,0,0,0,0,0,118,0,33,5,0,0,0,0,1,0,0,1,Love,0,0,0,0,0,0,0,0,0,0
3,5.666666666666667,2,Rock,1,0,0,0,18,1,1,0,2,1,0,0,1,1,0,0,0,Free;4/4,F,82,43,49,66,-12,70,0,0,1,1,1,0,0,0,0,0,0,0,0,0,0,0,0,0,0,0,0,0,0,0,0,0,150,0,5,16,1,1,1,0,0,0,0,0,Lost Love,0,0,0,0,0,0,0,0,0,0
2,7.333333333333333,2,Funk/Soul,1,1,0,0,31,1,0,1,1,0,0,0,1,1,0,0,0,4/4,Abm,173,63,56,93,-11,63,0,1,0,1,0,1,0,0,0,0,0,0,0,0,0,0,0,0,0,0,0,0,0,0,0,0,120,0,5,5,0,0,0,0,0,0,0,0,Lost Love,0,0,0,0,0,0,0,0,0,0
2,8,0,Funk/Soul;Rock,1,0,0,0,22,1,1,0,1,1,1,0,1,1,0,0,0,Free;4/4,D,80,61,36,60,-10,45,1,0,1,0,0,1,0,0,0,0,0,0,0,1,0,0,0,0,0,0,1,0,0,0,0,0,161,0,28,46,1,1,1,0,0,0,0,0,Lost Love,0,0,0,0,0,0,0,0,0,0
5,6.666666666666667,2.6666666666666665,Folk/Country,1,0,0,0,33,1,1,0,1,1,1,1,1,1,0,0,0,4/4;Free,Em,174,46,52,46,-13,60,1,0,0,0,0,0,0,0,0,0,0,0,0,0,0,0,0,0,0,0,0,0,0,0,0,0,182,0,0,6,0,0,1,0,0,0,0,0,Work;Death,1,1,1,0,0,0,0,0,0,0
1,7.666666666666667,1.3333333333333333,Pop,0,1,0,0,16,0,0,1,1,0,0,0,1,0,0,0,1,4/4,D,121,78,79,97,-5,72,0,0,1,1,0,0,0,0,0,0,0,0,0,1,0,0,0,0,0,0,0,0,0,0,0,0,148,0,0,25,0,0,1,0,0,0,0,0,Lost Love;Love,0,0,0,0,0,0,0,0,1,0
3,4.666666666666667,2,Rock,0,0,0,0,21,1,2,2,1,2,1,0,1,0,0,0,1,4/4,C,99,77,42,69,-12,35,0,0,1,1,0,1,0,0,0,0,0,0,0,1,0,0,0,0,0,0,1,0,0,0,0,0,119,0,37,8,0,0,1,0,0,0,1,1,Dancing,0,0,0,0,0,0,0,1,0,0
3,6,2,Funk/Soul,1,0,0,0,22,1,0,1,2,0,1,0,1,0,0,0,0,4/4,F,105,28,58,47,-11,83,1,1,1,0,0,1,0,0,0,0,0,0,0,0,0,0,0,0,0,0,0,0,0,0,0,0,148,0,0,17,0,0,1,0,0,0,0,0,Love,0,0,0,0,0,0,0,0,0,0
3,5.666666666666667,1.3333333333333333,Rock,1,0,0,0,21,1,1,0,2,1,1,0,1,1,0,0,0,4/4,A,130,55,63,56,-9,20,0,0,1,1,0,0,0,0,0,0,0,0,0,0,1,0,0,0,0,0,0,0,0,0,0,0,142,0,17,14,0,0,1,0,0,0,0,0,Longing for Love,0,0,0,0,0,0,0,0,0,0
1,7,0,Pop,1,0,0,0,24,0,1,0,1,1,0,0,1,1,0,0,0,6/8,Ab,76,40,24,17,-7,88,1,0,1,1,1,0,0,0,0,0,0,0,0,0,0,0,0,0,0,0,0,0,0,0,0,0,185,0,0,12,0,0,0,0,0,0,0,0,Lost Love,0,1,0,0,0,0,0,0,0,0
2,5.333333333333333,1.3333333333333333,Pop,1,0,0,0,18,0,1,0,1,1,0,0,1,1,0,0,0,Free;4/4,C,108,38,37,74,-9,87,1,0,1,0,1,0,0,0,0,0,0,0,0,0,0,0,0,0,0,0,0,0,0,0,0,0,139,0,8,12,1,1,1,0,0,0,0,0,Longing for Love,0,0,0,0,0,0,1,0,0,0
2,4.666666666666667,0.6666666666666666,Rock,1,0,0,0,27,1,1,0,1,1,0,0,1,1,0,0,0,4/4,G,121,35,63,87,-17,80,0,1,1,0,0,0,0,0,0,0,0,0,0,0,0,0,0,0,0,0,0,0,0,0,0,0,144,0,6,8,0,0,1,0,0,0,0,0,Longing for Love,0,0,0,0,0,0,0,0,0,0
3,6.333333333333333,0.6666666666666666,Pop,0,0,0,0,20,0,0,1,2,2,0,0,1,0,0,0,1,Free;4/4,Bb,98,20,57,62,-15,75,0,0,1,1,0,1,0,0,0,0,0,0,0,0,0,0,0,0,0,0,0,0,0,0,0,0,162,0,40,17,1,1,0,0,0,0,0,0,Love,0,0,0,0,0,0,0,0,0,0
5,7.666666666666667,2,Pop,1,0,0,0,31,1,0,1,1,1,0,0,1,1,0,0,0,4/4;Free,F,79,28,31,38,-14,81,0,0,1,1,1,0,0,0,0,0,0,0,0,0,0,0,0,0,0,0,0,0,0,0,0,0,157,0,0,0,0,0,0,0,1,0,0,1,Lost Love,0,0,0,0,0,0,0,0,0,0
4,3.6666666666666665,2.6666666666666665,Pop,1,0,0,0,27,1,1,0,1,1,0,0,1,1,0,0,0,4/4;Free,F,103,22,51,53,-10,83,0,0,1,1,1,0,0,0,0,0,0,0,0,0,0,0,0,0,0,0,0,0,0,0,0,0,158,0,0,9,0,0,0,0,0,0,1,1,Love,1,0,0,0,0,0,0,0,0,0
2,6.333333333333333,2,Pop,1,1,0,0,23,1,1,0,1,1,1,0,1,1,0,0,0,4/4,B,116,80,74,96,-5,70,1,0,1,1,1,0,0,0,0,0,0,0,0,1,0,0,0,0,0,0,0,0,0,0,0,0,139,0,0,15,0,0,1,0,0,0,0,0,Lost Love,0,0,0,0,0,0,0,0,0,0
1,8,1.3333333333333333,Pop,1,1,0,0,19,0,0,1,2,1,0,0,1,1,0,0,1,4/4,Eb,129,78,63,74,-10,71,1,0,1,0,0,1,0,0,0,0,0,0,0,0,0,0,0,0,0,0,1,0,0,0,0,0,139,0,20,8,0,0,1,0,0,0,0,0,Dancing,0,0,0,0,0,0,0,1,1,0
2,6.333333333333333,2.6666666666666665,Rock,1,0,0,0,20,1,1,0,1,1,1,1,1,1,0,0,0,4/4,A,136,57,42,47,-9,28,0,0,1,0,0,0,0,0,0,0,0,0,0,0,0,0,0,0,0,0,0,0,0,0,0,0,127,0,16,7,0,0,1,0,0,0,1,1,Love,0,0,0,0,0,0,0,0,0,0
5,5.333333333333333,1.3333333333333333,Rock,0,1,0,0,28,1,1,0,1,1,1,1,1,1,0,0,0,4/4,C,118,47,70,69,-8,65,1,1,1,0,0,0,0,0,0,0,0,1,0,1,0,0,0,0,0,0,0,0,0,0,0,0,152,0,8,8,0,0,1,0,0,0,0,0,Love,0,0,0,0,0,0,0,0,0,0
2,5.333333333333333,2,Rock,0,0,0,0,24,1,1,0,1,1,1,0,1,1,0,0,0,4/4,G,70,49,69,71,-14,41,0,0,0,1,0,0,0,0,0,0,0,0,0,1,0,0,0,0,0,0,0,0,0,0,0,0,192,0,6,15,0,0,1,0,0,0,0,0,Partying;Dancing,1,1,0,0,0,0,0,1,0,0
2,9.666666666666666,0.6666666666666666,Pop,0,0,0,0,21,0,0,1,1,1,0,0,1,1,0,0,0,4/4,F,117,76,71,87,-6,63,0,0,0,1,0,1,0,0,0,0,0,0,0,1,0,0,0,0,0,0,1,0,0,0,0,0,151,0,25,8,0,0,1,0,0,0,0,0,Love;Bad Behavior,0,0,0,0,0,0,0,0,0,0
5,3,1.3333333333333333,Rock,0,1,0,0,28,1,1,0,1,1,1,0,1,1,0,0,1,4/4,G,130,84,76,84,-5,39,1,1,1,1,0,1,0,0,0,0,0,1,0,1,0,0,0,0,0,0,0,0,0,0,0,0,146,0,17,11,0,0,1,0,0,0,0,0,Lost Love,0,0,0,0,0,0,0,0,0,0
2,2.6666666666666665,2.6666666666666665,Pop,1,1,0,0,27,1,1,0,2,1,0,0,1,1,0,0,0,4/4,F,109,29,42,56,-14,49,0,1,1,1,1,0,0,0,0,0,0,0,0,0,0,0,0,0,0,0,0,0,0,0,0,0,132,0,28,8,0,0,0,0,1,0,0,1,Longing for Love;Forbidden Love,0,0,0,0,0,0,0,0,1,0
2,6,3.3333333333333335,Folk/Country,0,0,0,0,29,2,1,0,1,2,0,0,1,1,1,1,1,4/4,Ab,130,66,68,96,-10,79,0,0,1,0,0,0,0,0,0,0,0,0,0,0,0,0,0,0,0,0,0,0,0,0,0,0,137,0,60,31,0,0,0,0,1,0,0,1,Lust/Sex,0,0,0,0,0,0,0,0,0,0
3,3.6666666666666665,2.6666666666666665,Pop,2,1,0,0,21,2,1,0,1,1,1,1,1,1,0,0,0,6/8,G,110,26,51,54,-12,78,0,0,1,1,0,0,0,0,0,0,0,0,0,0,0,0,0,0,0,0,0,0,0,0,0,0,132,0,0,0,0,0,0,0,0,0,0,0,Love,0,0,0,0,0,0,0,0,0,0
3,7.666666666666667,0.6666666666666666,Rock,0,1,0,0,28,1,1,0,1,1,1,0,1,1,0,0,1,4/4,Bb,118,64,68,97,-10,61,0,1,1,0,0,0,0,0,0,0,0,1,0,1,0,0,0,0,0,0,0,0,0,0,0,0,117,0,4,28,0,0,1,0,0,0,0,0,Bad Relationships;Lost Love,0,0,0,0,0,0,0,0,0,0
1,5,0,Pop,0,0,0,0,28,2,0,1,1,1,0,0,1,1,0,0,0,4/4,Eb,93,62,53,73,-8,68,0,0,1,1,0,0,0,0,0,0,0,0,0,0,0,0,0,0,0,0,0,0,0,0,0,0,154,0,34,12,0,0,1,0,0,0,0,0,Love,0,0,0,0,0,0,0,0,0,0
4,6.666666666666667,2,Pop,0,0,0,0,16,0,0,1,1,0,0,0,1,1,0,0,0,4/4,G,72,63,56,87,-3,49,1,1,1,0,0,0,0,0,0,0,0,0,0,0,0,0,0,0,0,0,0,0,0,0,0,0,113,0,0,5,0,0,1,0,0,0,0,0,Longing for Love,0,0,0,0,0,0,0,0,0,0
3,6.333333333333333,0.6666666666666666,Pop,1,0,0,0,15,0,1,0,1,1,0,0,1,1,0,0,0,4/4,C,125,44,64,90,-11,72,1,0,1,0,1,0,0,0,0,0,0,0,0,0,0,0,0,0,0,0,0,0,0,0,0,0,148,0,0,15,0,0,1,0,1,0,0,1,Love,0,0,0,0,0,0,0,0,0,0
2,4.333333333333333,0.6666666666666666,Rock,1,0,0,0,20,1,0,1,2,1,0,0,1,1,0,0,1,4/4,Bb,93,87,67,84,-8,69,0,1,0,1,0,1,0,0,0,0,0,0,0,1,0,0,0,0,0,0,1,0,0,0,0,0,134,0,15,5,0,0,1,0,1,0,0,1,Marriage;Love,0,0,0,0,0,0,0,0,0,0
2,6.666666666666667,0.6666666666666666,Pop,1,0,0,0,17,0,1,0,1,1,0,0,1,0,0,0,0,4/4,A,128,49,69,96,-12,35,1,1,0,1,0,1,0,0,0,0,0,0,0,1,0,0,0,0,0,0,0,0,0,0,0,0,140,0,23,1,0,0,1,0,0,0,0,0,Lost Love,1,0,0,0,0,0,0,0,0,0
3,7.333333333333333,0.6666666666666666,Pop,1,0,0,0,21,1,0,0,1,0,0,0,1,0,0,0,0,4/4,G,146,36,41,40,-11,71,0,1,0,0,1,1,0,0,0,0,0,0,0,0,0,1,0,0,0,0,0,0,0,0,0,0,182,0,33,7,0,0,1,0,1,0,0,1,Lost Love,0,0,0,1,0,0,0,0,0,0
2,5.333333333333333,2.6666666666666665,Rock,0,0,0,0,23,2,0,1,1,0,0,0,1,0,0,0,0,4/4,E,136,47,80,88,-11,49,0,0,1,0,0,0,0,0,0,0,0,0,0,0,0,0,0,0,0,0,0,0,0,0,0,0,129,0,15,3,0,0,0,0,0,0,0,0,Longing for Love,0,0,0,0,0,0,0,0,0,0
2,6.333333333333333,2,Rock,2,1,0,0,22,1,1,0,1,1,1,0,1,1,1,1,1,4/4,Ab,148,81,53,96,-13,50,1,0,1,0,0,0,0,0,0,0,0,1,0,0,0,0,0,0,0,0,0,0,0,0,0,0,147,0,18,5,0,0,1,0,0,0,0,0,Surfing/Sailing;Partying;Utopia/Perfect Places,0,0,0,0,0,0,0,0,0,0
3,7.666666666666667,2,Pop,0,0,0,0,19,0,1,0,1,1,0,0,1,1,0,0,1,4/4,Eb,135,87,68,96,-6,69,0,1,1,0,0,1,0,0,0,0,0,0,0,1,0,0,0,0,0,0,0,0,0,0,0,0,134,0,0,12,1,0,1,0,0,0,0,0,Love;Violence;Lust/Sex,0,1,0,0,0,0,0,0,0,0
3,6,2,Pop,1,0,0,0,28,1,1,0,1,1,0,0,1,1,0,0,0,4/4;Free,Bb,80,25,38,28,-10,86,1,1,1,0,0,0,0,0,0,0,0,0,0,0,0,0,0,0,0,0,0,0,0,0,0,0,168,0,13,10,0,0,0,0,1,0,0,1,Lost Love,0,0,0,0,0,0,0,0,0,0
5,3,1.3333333333333333,Rock,0,0,0,0,23,1,1,0,2,1,0,0,1,1,0,0,0,4/4,G,133,80,79,88,-7,22,0,1,1,1,0,0,0,0,0,0,0,0,0,0,0,0,0,0,0,0,0,0,0,0,0,0,123,0,27,8,0,0,1,0,0,0,0,0,Lust/Sex;Better Times;Utopia/Perfect Places,1,0,0,0,0,0,0,0,0,0
1,4.666666666666667,2,Pop,2,1,0,0,31,2,1,0,1,1,0,0,1,1,0,0,0,4/4,F,131,32,51,57,-12,88,1,0,1,0,0,0,0,0,0,0,0,0,0,0,1,0,0,0,0,0,0,0,0,0,0,0,160,0,30,13,0,0,1,0,1,0,0,1,Lost Love;Dreaming,0,1,0,0,0,0,0,0,0,0
2,6.333333333333333,0.6666666666666666,Folk/Country;Rock,2,1,0,0,23.5,2,1,0,1,0,0,0,1,1,0,0,0,Free;6/8,B,105,36,23,71,-12,81,0,1,1,1,1,0,0,0,0,0,0,0,0,0,0,0,0,0,0,0,0,0,0,0,1,0,131,0,18,1,0,0,1,0,1,0,0,1,Lost Love,0,0,0,0,0,0,0,0,0,0
4,3.3333333333333335,2,Pop,1,0,0,0,28,1,1,0,1,1,0,0,1,1,0,0,0,Free;4/4,A,80,30,25,31,-10,78,1,0,1,0,1,1,0,0,0,0,0,0,0,0,0,0,0,0,0,0,0,0,0,0,0,0,145,0,13,3,0,0,0,0,1,0,0,1,Love,0,0,0,0,0,0,0,0,0,0
7,9.666666666666666,0.6666666666666666,Rock,0,0,0,0,22,1,1,0,1,1,1,1,1,1,0,0,0,4/4,G,131,71,49,87,-6,39,0,0,1,0,0,0,0,0,0,0,0,0,0,1,0,0,0,0,0,0,0,0,0,0,0,0,145,0,7,7,0,0,0,0,0,0,0,0,Love,0,0,0,0,0,0,0,0,0,0
2,9.333333333333334,1.3333333333333333,Rock,0,0,0,0,22,1,1,0,1,1,1,1,1,1,0,0,0,4/4,G,76,92,38,91,-3,26,0,0,1,0,0,0,0,0,0,0,0,0,0,0,0,0,0,0,0,0,0,0,0,0,0,0,140,0,8,0,0,0,0,0,0,0,0,0,Love,1,0,0,0,0,0,0,0,0,0
4,9,0,Rock,0,0,0,0,22,1,1,0,1,1,1,1,1,1,0,0,0,4/4,C,172,76,43,95,-4,12,0,0,1,0,0,0,0,0,0,0,0,0,0,0,0,0,0,0,0,0,0,0,0,0,0,0,131,0,17,0,0,0,0,0,0,0,0,0,Love,0,0,0,0,0,0,0,0,0,0
1,7,1.3333333333333333,Jazz,1,0,0,0,62,1,0,1,1,1,0,0,1,1,0,0,0,4/4,C,155,41,58,62,-10,84,0,0,0,0,0,1,0,0,0,0,0,0,0,0,0,0,0,0,0,0,0,0,1,1,0,0,147,0,76,12,0,0,0,0,1,0,0,1,Love,0,0,0,0,1,0,0,0,0,0
2,7.666666666666667,1.3333333333333333,Funk/Soul,1,0,0,0,21,0,0,1,1,0,0,0,1,0,0,0,1,4/4,Bb,127,58,69,91,-8,56,0,0,0,1,0,1,0,0,0,0,0,0,0,1,0,0,0,0,0,0,0,0,0,0,0,0,174,0,17,7,0,0,1,0,0,0,0,0,Love;Faithfulness,0,0,0,0,0,0,0,0,0,0
1,6.666666666666667,1.3333333333333333,Rock,0,1,0,0,22,1,1,0,1,1,1,1,1,1,0,0,0,4/4,G,148,83,52,74,-6,39,0,1,1,0,0,0,0,0,0,0,0,0,0,0,1,0,0,0,0,0,0,0,0,0,0,0,141,0,55,13,0,0,1,0,0,0,0,0,Longing for Love,0,0,0,0,0,0,0,0,0,0
3,8.333333333333334,0.6666666666666666,Pop,0,0,0,0,19.666666666666668,0,0,1,2,1,0,0,2,1,0,0,1,4/4,D,125,35,59,79,-10,73,0,1,0,0,0,1,0,0,0,0,0,0,0,1,0,0,0,0,0,0,0,0,0,0,0,0,170,0,7,14,0,0,1,0,1,0,0,1,Love;Marriage,0,0,0,0,0,0,0,0,0,0
1,5.333333333333333,0.6666666666666666,Rock,2,0,0,0,19.5,1,1,0,1,1,0,0,1,1,0,0,0,4/4,E,130,66,51,75,-10,23,0,0,1,1,0,0,0,0,0,0,0,0,0,0,0,0,0,0,0,0,0,0,0,0,0,0,160,0,47,4,0,0,0,0,0,0,0,0,Love;Lost Love,0,0,0,0,0,0,0,0,0,0
2,8,0,Rock,0,0,0,0,22.5,1,1,0,1,1,1,1,1,1,1,1,1,4/4,Multiple Keys,144,62,39,51,-8,36,1,0,1,0,0,0,0,0,0,0,0,1,0,1,0,0,0,0,0,0,0,0,0,0,0,0,134,0,19,1,0,0,1,0,0,0,0,0,Lust/Sex;Driving,0,0,0,0,0,0,0,0,0,0
2,8.666666666666666,0.6666666666666666,Pop,0,0,0,0,30,1,1,0,1,1,1,0,1,1,0,0,1,4/4,Bb,121,53,50,61,-8,75,1,0,1,0,0,0,0,0,0,0,0,1,0,1,0,0,0,0,0,0,0,0,0,0,0,0,174,0,5,37,0,0,1,0,0,0,0,0,Love;Poverty;Forbidden Love,1,0,0,0,0,0,0,0,0,0
2,10,0,Rock,0,1,0,0,22.5,1,1,0,1,1,1,1,1,1,0,0,0,4/4,G,139,81,59,80,-6,14,0,0,1,0,0,0,0,0,0,0,0,0,0,0,0,0,0,0,0,0,0,0,0,0,0,0,154,0,29,3,0,0,1,0,0,0,0,0,Lust/Sex;Work,0,0,0,0,0,1,0,0,0,0
1,4.666666666666667,2,Pop,1,0,0,0,47,1,1,0,1,1,0,0,1,1,0,0,0,6/8;Free,Eb,119,41,50,46,-12,86,0,0,1,1,1,1,0,0,0,0,0,0,0,0,0,0,0,0,0,0,0,0,0,0,0,0,165,0,21,6,0,0,0,0,1,0,0,1,Love,0,0,0,0,0,0,0,0,0,0
2,8.333333333333334,0.6666666666666666,Pop,0,0,0,0,20,0,0,1,1,0,0,0,1,0,0,0,1,4/4,C,135,48,55,83,-11,75,0,0,1,1,0,1,0,0,0,0,0,0,0,1,0,0,0,0,0,0,0,0,0,0,0,0,153,0,4,4,0,0,1,0,0,0,0,0,Lost Love,0,0,0,0,0,0,0,0,0,0
3,9.333333333333334,0.6666666666666666,Rock,1,0,0,0,28,1,1,0,1,1,1,0,1,1,0,0,0,4/4,Multiple Keys,127,58,61,96,-10,73,0,0,1,0,0,0,0,0,0,0,0,0,0,0,0,0,0,0,0,0,0,0,0,0,0,0,178,0,41,14,0,0,0,0,0,0,0,0,Love;Lust/Sex,1,0,0,0,0,0,0,0,0,0
2,7.333333333333333,0.6666666666666666,Rock,0,0,1,0,23,1,1,0,2,1,0,0,1,1,0,0,0,4/4,E,125,56,66,96,-8,26,0,0,1,1,0,0,0,0,0,0,0,0,0,0,0,0,0,0,0,0,0,0,0,0,0,0,143,0,12,4,0,0,0,0,1,0,0,1,Love;Lust/Sex,0,0,0,0,0,0,0,0,0,0
4,8,1.3333333333333333,Pop,0,0,0,0,20,0,0,1,1,0,0,0,1,0,0,0,1,4/4,C,136,64,58,71,-9,78,0,0,1,1,0,1,0,0,0,0,0,0,0,1,0,0,0,0,0,0,1,0,0,0,0,0,158,0,20,9,0,0,1,0,0,0,0,0,Lost Love,0,0,0,0,0,0,0,0,0,0
1,9.333333333333334,0.6666666666666666,Pop,0,1,0,0,15,0,1,0,2,1,0,0,1,1,0,0,1,Free;4/4,C,129,57,42,32,-9,71,0,0,1,1,0,0,0,0,0,0,0,0,0,0,0,0,0,0,0,0,0,0,0,0,0,0,171,0,29,16,1,1,1,0,0,0,0,0,Death;Bad Behavior;Driving;Forbidden Love,1,1,0,0,0,0,0,0,0,0
1,5,2.6666666666666665,Folk/Country,1,0,0,0,49,1,1,0,1,1,0,0,1,1,0,0,0,Free;4/4,Multiple Keys,111,52,56,65,-13,86,0,0,1,0,0,1,0,0,0,0,0,0,0,0,0,0,0,0,0,0,0,0,0,0,0,0,214,0,8,22,1,1,0,0,0,0,0,0,Death;Good vs. Evil,1,1,0,0,0,0,0,0,0,0
1,5.333333333333333,2,Pop,1,0,0,0,29,1,1,0,1,1,1,0,1,1,0,0,0,6/8;Free,E,169,29,25,34,-10,82,0,0,1,1,1,1,0,0,0,0,0,1,0,0,0,0,0,0,0,0,0,0,0,0,0,0,161,0,20,17,0,0,0,0,0,0,0,0,Lonesomeness;War,0,0,0,0,0,0,0,0,0,0
1,8.666666666666666,0.6666666666666666,Pop,0,0,0,0,20,0,0,1,1,0,0,0,1,0,0,0,1,4/4,D,126,50,73,88,-12,73,0,0,1,1,0,1,0,0,0,0,0,0,0,1,0,0,0,0,0,0,0,0,0,0,0,0,163,0,18,10,0,0,1,0,0,0,0,0,Lost Love,0,0,0,0,0,0,0,0,0,0
3,9.333333333333334,0.6666666666666666,Rock,0,0,0,0,23,1,1,0,1,1,1,1,1,1,0,0,0,Free;4/4,G,90,83,56,91,-7,9,0,0,1,0,0,0,0,0,0,0,0,0,0,0,0,0,0,0,0,0,0,0,0,0,0,0,139,0,68,15,0,0,1,0,0,0,1,1,Love,0,0,0,0,0,0,0,0,0,0
2,7.666666666666667,0.6666666666666666,Pop,1,0,0,0,32,0,1,0,1,1,0,0,1,1,0,0,1,4/4,E,117,69,48,60,-8,78,0,0,1,1,1,1,0,0,0,0,0,0,0,0,0,0,0,0,0,0,0,0,0,0,0,0,183,0,24,8,0,0,1,0,0,0,0,0,Utopia/Perfect Places,0,0,0,0,0,0,0,0,0,0
2,8.333333333333334,1.3333333333333333,Funk/Soul,2,1,0,0,24,1,1,0,2,1,0,0,1,1,0,0,1,4/4,Db,95,31,37,38,-14,52,0,0,1,1,1,1,0,0,0,0,0,0,0,0,0,0,0,0,0,0,0,0,0,0,0,0,225,0,35,0,0,0,1,0,0,0,0,0,Lost Love,0,0,0,0,0,0,0,0,0,0
2,3.6666666666666665,1.3333333333333333,Rock,0,0,0,0,19,1,1,0,1,1,0,0,1,1,0,0,0,4/4,Multiple Keys,133,61,63,77,-11,33,0,0,1,1,0,0,0,0,0,0,0,0,0,0,0,0,0,0,0,0,0,0,0,0,0,0,137,0,32,7,0,0,1,0,1,0,0,1,Lost Love,0,0,0,0,0,0,0,0,0,0
1,10,0,Pop,0,0,0,0,24,1,0,1,1,0,0,0,1,0,0,0,1,4/4,C,105,42,58,67,-11,63,0,1,1,0,1,1,0,0,0,0,0,0,0,1,0,0,0,0,0,0,0,0,0,0,0,0,165,0,51,9,0,0,1,0,0,0,0,0,Love,0,0,0,0,0,0,0,0,0,0
2,7,1.3333333333333333,Rock,0,0,0,0,23,1,1,0,1,1,1,1,1,1,0,0,0,4/4,D,138,58,65,74,-8,41,0,0,1,0,0,0,0,0,0,0,0,0,0,1,0,0,0,0,0,0,0,0,0,0,0,0,163,0,17,7,0,0,0,0,0,0,0,0,Love,0,0,0,0,0,0,0,0,0,0
2,8.333333333333334,0.6666666666666666,Pop,0,0,0,0,21,0,0,1,1,0,0,0,1,0,0,0,1,4/4,C,115,58,70,53,-6,62,0,0,1,1,0,1,0,0,0,0,0,0,0,0,0,0,0,0,0,0,0,0,0,0,0,0,172,0,20,19,0,0,1,0,0,0,0,0,Lost Love,0,0,0,0,0,0,0,0,0,0
2,4,1.3333333333333333,Rock,0,0,0,0,28,1,1,0,1,1,1,0,1,1,0,0,0,4/4,Ab,71,70,61,89,-7,38,0,0,1,0,0,0,0,0,0,0,0,0,0,0,0,0,0,0,0,0,0,0,0,0,0,0,128,0,22,6,0,0,0,0,0,0,0,0,Love,0,0,0,0,0,0,0,1,0,0
1,7,3.3333333333333335,Rock,0,0,0,0,19,1,1,0,1,1,0,0,1,1,0,0,0,4/4,A,109,84,57,95,-4,9,0,1,1,0,0,0,0,0,0,0,0,0,0,0,0,0,0,0,0,0,0,0,0,0,0,0,127,0,25,20,0,0,1,0,0,0,1,1,Love,0,0,0,0,0,0,0,0,0,0
3,3,1.3333333333333333,Pop,0,0,0,0,17,1,1,0,1,1,0,0,1,1,0,0,0,4/4,Multiple Keys,149,47,66,89,-10,75,0,0,1,0,0,0,0,0,0,0,0,0,0,0,0,0,0,0,0,0,0,0,0,0,0,0,167,0,23,6,0,0,1,0,1,0,0,1,Love,0,0,0,0,0,0,1,0,0,0
1,10,0,Rock,0,0,0,0,23,1,1,0,1,1,1,1,1,1,0,0,0,4/4,A,123,85,52,75,-7,5,0,0,1,0,0,0,0,0,0,0,0,1,0,0,0,0,0,0,0,0,0,0,0,0,0,0,189,0,42,7,0,0,1,0,0,0,0,0,Lost Love,0,0,0,0,0,0,0,0,0,0
2,7,1.3333333333333333,Rock,0,0,0,0,22,1,1,0,1,1,1,1,1,1,1,1,1,4/4,Db,140,75,54,82,-6,31,1,0,1,1,0,1,0,0,0,0,0,1,0,0,0,0,0,0,0,0,0,0,0,1,0,0,167,0,49,0,0,0,1,0,0,0,0,0,Lost Love;Lust/Sex,0,0,0,0,0,0,0,0,0,0
1,7.333333333333333,0.6666666666666666,Pop,0,0,0,0,21,0,0,1,1,0,0,0,1,0,0,0,1,4/4,C,123,53,71,48,-9,14,1,0,1,1,0,1,0,0,0,0,0,0,0,0,0,0,0,0,0,0,0,0,0,0,0,0,174,0,15,15,0,0,1,0,0,0,0,0,Love,0,0,0,0,0,0,0,0,0,0
2,8.666666666666666,0.6666666666666666,Pop,0,0,0,0,29,1,0,1,1,0,0,0,1,0,0,0,1,4/4,C,127,71,69,96,-5,20,0,1,1,1,1,1,0,0,0,0,0,0,0,0,0,0,0,0,0,0,1,0,0,0,0,0,163,0,35,10,0,0,1,0,0,0,0,0,Love;Lost Love,0,0,0,0,0,0,0,0,0,0
1,8.333333333333334,0.6666666666666666,Rock,0,0,0,0,22,1,1,0,1,1,0,0,1,1,0,0,0,4/4,D,120,47,46,64,-10,51,0,0,1,0,0,0,0,0,0,0,0,0,0,0,0,0,0,0,0,0,0,0,0,0,0,0,149,0,48,8,0,0,1,0,1,0,0,1,God;Faithfulness,0,0,0,0,0,0,0,0,0,0
4,9.333333333333334,1.3333333333333333,Rock,0,0,0,0,21,1,1,0,1,1,1,1,1,1,0,0,0,4/4,D,136,85,73,90,-8,3,0,1,1,0,0,0,0,0,0,0,0,0,0,0,0,0,0,0,0,0,0,0,0,0,0,0,222,0,30,14,0,0,1,0,0,0,0,0,Lust/Sex;Anger;Restlessness,0,0,1,0,0,0,0,0,0,0
1,4.666666666666667,1.3333333333333333,Rock,0,0,0,0,17,1,1,0,1,1,0,0,1,1,0,0,0,4/4,A,93,64,67,84,-10,8,0,1,1,0,0,0,0,0,0,0,0,0,0,0,0,0,0,0,0,0,0,0,0,0,0,0,110,0,36,6,0,0,0,0,1,0,0,1,Marriage,0,1,0,0,0,0,0,0,0,0
3,8,1.3333333333333333,Rock,2,1,0,0,24.5,2,1,0,1,1,1,1,1,1,1,1,1,3/4,F,111,71,62,62,-9,25,0,0,1,1,0,1,0,0,0,0,0,0,0,0,0,0,0,0,0,1,0,0,0,0,0,0,193,0,70,7,0,0,1,0,0,0,0,0,Love,0,0,0,0,0,0,0,0,0,0
3,9,1.3333333333333333,Pop;Rock,0,0,0,0,23.5,1,1,0,1,1,1,1,1,1,0,0,0,4/4,A,95,73,53,76,-8,19,0,1,1,0,0,0,0,0,0,0,0,1,0,0,0,0,0,0,0,0,0,0,0,0,0,0,140,0,28,11,1,0,0,0,0,0,0,0,Pain,0,0,0,0,0,1,0,0,0,0
1,5.666666666666667,0.6666666666666666,Folk/Country,1,0,0,0,30,1,1,0,1,1,0,0,1,1,0,0,1,4/4,D,118,47,59,77,-12,35,0,0,1,0,0,1,0,0,0,0,0,0,0,0,1,0,0,0,0,0,0,0,0,0,0,0,217,0,50,13,0,0,0,0,0,0,0,0,War;Violence;Dystopia,0,0,0,0,0,0,0,0,0,0
1,6.666666666666667,1.3333333333333333,Rock,0,0,0,0,18,1,1,0,1,1,0,0,1,1,0,0,0,4/4,G,115,52,76,94,-12,17,0,1,1,0,0,1,0,0,0,0,0,0,0,0,0,0,0,0,0,0,0,0,0,0,0,0,182,0,67,8,0,0,0,0,1,0,0,1,Love,0,0,0,0,0,0,0,0,0,0
4,8.666666666666666,2,Pop,0,0,0,0,24,1,1,0,1,1,1,1,1,1,0,0,0,4/4,F,97,18,33,31,-12,88,0,0,1,0,1,0,0,0,0,0,0,0,0,0,0,0,0,0,0,0,0,0,0,0,0,0,123,0,6,6,0,0,0,0,0,0,0,0,Lost Love,0,0,0,0,0,0,0,0,0,0
2,8.666666666666666,1.3333333333333333,Rock,0,0,0,0,22,1,1,0,1,1,1,1,1,1,0,0,0,4/4,E,126,90,59,91,-7,2,0,0,1,1,0,0,0,0,0,0,0,0,0,1,0,0,0,0,0,0,0,0,0,0,0,0,175,0,58,11,0,0,1,0,0,0,0,0,Anger;Restlessness,0,0,0,0,0,0,0,0,0,0
2,8,1.3333333333333333,Pop,0,0,0,0,21,0,0,1,1,0,0,0,1,0,0,0,1,4/4,Multiple Keys,140,62,56,38,-8,45,0,0,1,1,0,1,0,0,0,0,0,0,0,0,0,0,0,0,0,0,1,0,0,0,0,0,166,0,21,8,0,0,1,0,0,0,0,0,Love,0,0,0,0,0,0,0,0,0,0
3,7,1.3333333333333333,Rock,0,1,0,0,22.25,1,1,0,1,1,0,0,1,1,0,0,0,4/4,D,124,82,45,75,-8,14,0,0,1,0,0,0,0,0,0,0,0,0,0,0,0,0,0,0,0,0,0,0,0,0,0,0,229,0,78,14,0,0,1,0,1,0,0,1,Time,0,0,0,0,0,0,0,0,0,0
1,4.666666666666667,0.6666666666666666,Rock,0,0,1,0,23,1,1,0,1,0,0,0,1,1,1,1,0,4/4,Bb,150,86,54,90,-8,25,0,1,1,0,0,1,0,0,0,0,0,0,0,0,1,0,0,0,0,0,1,0,0,0,0,0,121,0,44,7,0,0,0,0,1,0,0,1,Lost Love;Longing for Love,0,0,0,0,0,0,0,0,0,0
2,8.666666666666666,2,Folk/Country,2,1,0,0,24,1,1,0,1,1,1,1,1,1,0,0,0,4/4,Gb,108,47,44,54,-10,17,0,0,1,0,0,0,0,0,0,0,0,0,0,0,0,0,0,0,0,0,0,0,0,0,0,0,185,0,10,3,0,0,0,0,0,0,0,0,Restlessness;Lonesomeness,0,0,0,0,0,0,0,0,0,0
3,9,1.3333333333333333,Pop,0,0,0,0,24,1,1,0,1,1,1,1,1,1,0,0,0,4/4;3/4,D,106,68,38,65,-9,6,0,0,1,1,0,0,0,0,0,0,0,0,0,0,0,0,0,0,0,0,0,0,0,0,0,0,136,0,19,0,0,0,0,0,0,0,0,0,Love;Bad Relationships,0,0,0,0,0,0,0,0,0,0
2,4.666666666666667,0.6666666666666666,Pop,1,0,0,0,33,0,1,0,1,1,0,0,1,1,0,0,1,4/4,A,174,86,51,95,-6,68,1,1,0,0,1,1,0,0,0,0,0,0,0,0,0,0,0,0,0,0,0,0,0,0,0,0,164,0,12,6,0,0,0,0,0,0,0,0,Love,0,0,0,0,0,0,0,0,0,0
1,5,1.3333333333333333,Rock,1,0,0,0,23,1,1,0,2,1,1,0,1,1,0,0,0,4/4,Multiple Keys,134,65,62,69,-8,61,0,0,1,1,0,1,0,0,0,0,0,1,0,0,0,0,0,0,0,0,0,0,0,0,0,0,181,0,22,8,0,0,1,0,0,0,0,0,Lust/Sex,0,0,0,0,0,0,0,0,0,0
1,9,1.3333333333333333,Rock,1,0,0,0,25,0,1,0,1,1,0,0,1,1,0,0,1,4/4,E,83,39,74,39,-12,48,0,1,1,0,0,1,0,0,0,0,0,0,0,0,0,0,0,0,0,0,0,0,0,0,0,0,162,0,86,12,0,0,1,0,0,0,0,0,Respect;Bad Relationships;Empowerment;Infidelity,0,0,0,0,0,0,0,0,0,0
5,1.6666666666666667,1.3333333333333333,March,1,0,0,0,25,1,1,0,1,1,1,0,1,1,0,0,0,4/4,C,84,33,71,71,-12,78,0,1,1,0,0,1,0,0,0,0,0,0,0,0,0,0,0,0,0,0,0,0,0,0,0,0,166,0,8,6,0,0,0,0,0,0,0,0,War;Death,1,0,0,0,0,0,0,0,0,0
3,6.666666666666667,2,Funk/Soul,2,1,0,0,25,1,1,0,2,1,0,0,1,1,1,1,0,4/4,B,94,43,17,28,-12,73,0,0,1,1,1,1,0,0,0,0,0,0,0,0,0,0,0,0,0,0,0,0,0,0,0,0,180,0,24,0,0,0,1,0,0,0,0,0,Love;Lost Love,0,1,0,0,0,0,0,0,0,0
1,8,0,Rock,0,0,0,0,21.5,1,1,0,1,2,0,0,1,1,0,0,0,4/4,D,98,51,25,82,-13,0,0,0,1,1,0,0,0,0,0,0,0,0,0,0,0,0,0,0,0,0,0,0,0,0,0,0,168,0,41,2,0,0,0,0,1,0,0,1,Lust/Sex,0,0,0,0,0,0,0,0,0,0
3,7,1.3333333333333333,Pop,0,0,0,0,30,2,1,0,1,1,1,1,1,1,0,0,0,4/4,Multiple Keys,110,48,49,67,-9,71,1,0,1,0,1,0,0,0,0,0,0,0,0,0,0,0,0,0,0,0,0,0,0,0,0,0,208,0,8,12,0,0,1,0,0,0,0,0,Love;Lost Love,0,0,0,0,0,0,0,0,0,0
2,8.666666666666666,0.6666666666666666,Funk/Soul,1,1,0,0,24,1,0,1,1,0,0,0,1,1,0,0,0,6/8,Db,97,15,52,21,-20,13,1,0,1,1,0,1,0,0,0,0,0,0,0,0,0,0,0,0,0,0,0,0,0,0,0,0,174,0,22,14,0,0,1,0,0,0,0,0,Love,0,0,0,0,0,0,0,0,1,0
2,9.666666666666666,0.6666666666666666,Rock,0,0,0,0,22,1,1,0,1,1,1,1,1,1,0,0,0,4/4,Em,159,80,47,59,-9,6,0,0,1,0,0,0,0,0,0,0,0,0,0,0,0,0,0,0,0,0,0,1,0,0,0,0,199,0,62,15,0,0,1,0,0,0,0,0,Sadness,0,0,0,0,0,0,0,0,0,0
2,10,0,Rock,0,0,0,0,24,1,1,0,1,1,1,1,1,1,0,0,0,4/4,G,157,86,47,84,-6,15,0,1,1,0,0,0,0,0,0,0,0,0,0,0,0,0,0,0,0,0,0,0,0,0,0,0,146,0,18,12,1,0,1,0,0,0,0,0,Jobs;Failure,0,0,0,0,0,0,0,0,0,0
1,5.333333333333333,2,Pop,1,0,0,0,50,1,1,0,1,2,0,0,1,1,0,0,0,4/4,F,80,49,23,53,-8,64,0,0,0,0,1,1,0,0,0,0,0,0,0,0,0,0,0,0,0,0,0,0,0,0,0,0,155,0,35,11,0,0,1,0,0,0,1,1,Love,0,0,0,0,0,1,0,0,0,0
2,5.333333333333333,3.3333333333333335,Rock,0,0,0,0,19,1,1,0,2,1,0,0,1,0,0,0,0,4/4,G,126,91,65,89,-6,41,0,0,1,0,0,0,0,0,0,0,0,0,0,0,0,0,0,0,0,0,0,0,0,0,0,0,172,0,44,0,0,0,1,0,1,0,0,1,Lust/Sex,0,0,0,0,0,0,0,0,0,0
2,8,1.3333333333333333,Rock,0,0,0,0,25,1,1,0,1,1,0,0,1,1,0,0,0,4/4,A,101,65,41,56,-11,67,0,0,1,0,0,1,0,0,0,0,0,0,0,0,0,0,0,0,0,1,0,0,0,0,0,0,159,0,89,7,0,0,1,0,1,0,0,1,Lust/Sex,0,0,0,0,0,0,0,0,0,0
3,7.666666666666667,0.6666666666666666,Rock,0,0,0,0,22,1,1,0,1,1,1,1,1,1,0,0,0,4/4,Multiple Keys,110,68,42,56,-10,6,0,0,1,1,0,0,0,0,0,0,0,0,0,0,0,0,0,0,0,0,0,0,0,0,0,0,161,0,67,7,0,0,1,0,0,0,0,0,Summer;Lust/Sex,0,0,0,0,0,0,0,0,0,0
1,5.666666666666667,2.6666666666666665,Rock,1,0,0,0,20,1,1,0,1,1,1,1,1,1,0,0,0,4/4,Db,133,68,63,63,-7,12,0,0,1,0,0,0,0,0,0,0,0,0,0,0,0,0,0,0,0,0,0,0,0,0,0,0,195,0,66,14,0,0,1,0,0,0,0,0,Lust/Sex,0,0,0,0,0,0,0,0,0,0
2,9.333333333333334,1.3333333333333333,Pop,0,0,0,0,22,0,0,1,1,0,0,0,1,0,0,0,1,4/4,Bb,97,73,49,69,-9,34,0,0,1,1,0,0,0,0,0,0,0,0,0,0,0,0,0,0,0,0,0,0,0,0,0,0,167,0,9,7,0,0,1,0,0,0,0,0,Longing for Love,0,0,0,0,0,0,0,0,0,0
3,3.6666666666666665,1.3333333333333333,Pop,0,0,0,0,26,1,2,0,1,1,1,1,1,1,0,0,0,4/4;Free,F,110,41,49,56,-14,73,1,0,1,1,0,0,0,0,0,0,0,0,0,0,0,0,0,0,0,0,0,0,0,0,0,0,193,0,18,9,0,0,0,0,0,0,0,0,Longing for Love,0,0,0,0,0,0,0,0,0,0
2,8.666666666666666,1.3333333333333333,Funk/Soul,0,0,0,0,30,1,0,1,1,0,0,0,1,0,0,0,1,4/4,Ebm,120,63,62,70,-8,3,0,0,1,1,0,1,0,0,0,0,0,0,1,0,0,0,0,0,0,0,0,0,0,0,0,0,180,0,26,16,0,0,1,0,0,0,0,0,Love,0,1,0,0,0,0,0,0,0,0
1,7.333333333333333,1.3333333333333333,Rock,0,0,0,0,22,1,0,0,1,0,1,1,1,0,1,1,1,4/4,G,124,56,65,88,-6,6,0,0,0,1,0,0,0,0,0,0,0,0,0,0,0,0,0,0,0,0,0,0,0,0,0,0,186,0,65,9,0,0,1,0,0,0,0,0,Lost Love;Anger;Revenge,0,0,0,0,0,0,0,0,0,0
1,8.666666666666666,0.6666666666666666,Rock,0,0,0,0,22,1,1,0,1,1,0,0,1,1,0,0,1,4/4,G,98,68,48,72,-7,47,0,0,1,0,0,0,0,0,0,0,0,0,0,0,0,0,0,0,0,0,0,0,0,0,0,0,166,0,37,9,0,0,1,0,0,0,1,1,Love;War,0,0,0,0,0,0,1,0,0,0
1,4,2.6666666666666665,Rock,1,0,0,0,24,1,1,0,1,1,1,0,1,1,0,0,1,4/4,Multiple Keys,103,49,42,44,-12,75,0,0,1,0,1,1,0,0,0,0,0,0,1,0,0,0,0,0,0,0,0,0,0,0,0,0,183,0,23,20,0,0,1,0,0,0,0,0,Love;Longing for Love,0,0,0,0,0,0,0,0,0,0
2,9.333333333333334,0.6666666666666666,Pop,0,1,0,0,22,0,0,1,1,0,0,0,1,0,0,0,1,4/4,Multiple Keys,128,61,68,85,-7,28,0,1,1,1,0,1,0,0,0,0,0,0,0,0,0,0,0,0,0,0,0,0,0,0,0,0,167,0,8,8,0,0,1,0,0,0,0,0,Bad Relationships,0,0,0,0,0,0,0,0,1,0
3,2.6666666666666665,0.6666666666666666,Pop,0,0,0,0,24,1,1,0,1,1,1,1,1,1,1,1,1,4/4,C,123,37,85,91,-14,61,0,0,1,1,0,1,0,0,0,0,0,0,0,0,0,1,0,0,0,0,0,0,0,0,0,0,140,0,74,64,0,0,0,0,0,0,0,0,Lost Love,0,0,0,0,0,0,0,0,0,0
1,10,0,Rock,0,0,0,0,22.666666666666668,1,1,0,1,1,1,1,1,1,1,1,1,4/4,Multiple Keys,133,47,40,38,-8,33,0,1,0,1,1,0,0,0,0,0,0,1,0,0,1,0,0,0,0,0,0,0,0,0,0,0,219,0,54,0,0,0,1,0,0,0,0,0,Love,0,0,0,0,0,0,0,0,0,0
7,8,1.3333333333333333,Rock,0,0,0,0,22.25,1,1,0,1,1,0,0,1,1,0,0,0,4/4,G,79,77,50,94,-6,60,0,0,1,1,0,0,0,0,0,0,0,0,0,0,0,0,0,0,0,0,0,0,0,0,0,0,167,0,40,5,0,0,1,0,0,0,0,0,Love,0,0,0,0,0,0,0,0,0,0
2,4.666666666666667,2.6666666666666665,Pop,0,0,0,0,18.5,1,1,0,1,1,0,0,1,1,0,0,0,4/4,G,139,78,27,53,-8,86,1,0,0,1,0,1,0,0,0,0,0,0,0,0,0,0,0,0,0,0,0,0,0,0,0,0,125,0,21,6,0,0,1,0,0,0,0,0,Lost Love,0,0,0,0,0,0,0,0,0,0
1,7.666666666666667,2,Rock,0,0,0,0,23,1,1,0,1,1,1,1,1,1,0,0,0,4/4,C,105,54,52,58,-11,83,0,1,0,1,0,1,0,0,0,0,0,0,0,0,0,0,0,0,0,0,0,0,0,0,0,0,192,0,54,0,0,0,0,0,0,0,0,0,Lost Love,0,0,0,0,0,0,0,0,0,0
1,5.666666666666667,2,Pop,0,0,0,0,22,0,0,1,1,0,0,0,1,0,0,0,1,4/4,Eb,114,64,57,85,-8,38,0,0,1,1,1,1,0,0,0,0,0,0,0,0,0,0,0,0,0,0,0,0,0,0,0,0,167,0,0,6,0,0,1,0,0,0,0,0,Lost Love,0,1,0,0,0,0,0,0,0,0
1,8,2.6666666666666665,Pop,0,0,0,0,24,1,1,0,1,1,1,1,1,1,0,0,0,4/4,Multiple Keys,113,49,65,49,-8,21,0,0,0,1,0,1,0,0,0,0,0,0,1,0,0,0,0,0,0,0,0,0,1,0,0,0,183,0,42,0,0,0,0,0,0,0,0,0,Childhood;Better Times;Utopia/Perfect Places,0,0,0,0,0,0,0,0,0,0
3,8.333333333333334,0.6666666666666666,Rock,0,0,0,0,19,1,1,0,1,1,0,0,1,1,0,0,0,4/4,Multiple Keys,120,37,58,59,-10,55,1,0,1,0,1,1,0,0,0,1,0,0,0,0,0,0,0,0,0,0,0,0,0,0,0,0,170,0,26,8,0,0,0,0,0,0,0,0,Longing for Love,0,0,0,0,0,0,0,0,0,0
4,5.333333333333333,3.3333333333333335,Pop,2,1,0,0,38.5,2,1,0,1,1,0,0,1,1,0,0,0,4/4,E,104,32,27,54,-13,76,0,0,1,0,1,1,0,0,0,0,0,0,0,0,0,0,0,0,0,0,0,0,0,0,0,0,162,0,70,9,0,0,1,0,1,0,0,1,Love,0,0,0,0,0,0,0,0,0,0
1,4.333333333333333,2,Pop,0,0,0,0,23,0,0,1,1,2,0,0,1,0,0,0,1,4/4,Multiple Keys,172,75,34,83,-7,20,0,0,1,0,0,1,0,0,0,0,0,0,1,0,0,0,0,0,0,0,0,0,0,0,0,0,169,0,26,10,0,0,1,0,0,0,0,0,Lost Love,0,0,0,0,0,1,0,0,0,0
4,7,2,Funk/Soul,0,0,0,0,22.5,1,1,0,1,1,1,1,1,1,1,1,1,4/4,Eb,107,46,61,68,-9,60,1,0,0,1,0,0,0,0,1,0,0,0,0,0,1,0,0,0,0,0,0,0,0,0,0,0,150,0,63,9,0,0,1,0,0,0,0,0,Love;Lust/Sex,0,0,0,0,0,0,0,0,0,0
2,9.666666666666666,0.6666666666666666,Funk/Soul,1,0,0,0,25,0,0,1,1,0,0,0,1,1,0,0,0,4/4,Multiple Keys,115,56,81,96,-5,16,0,0,1,1,0,1,0,0,0,0,0,0,0,0,0,0,0,0,0,0,1,0,0,0,0,0,149,0,25,8,0,0,1,0,1,0,0,1,Lust/Sex;Respect;Bad Relationships;Empowerment,0,0,0,0,0,0,0,0,0,0
4,5.333333333333333,0.6666666666666666,Pop,0,1,0,0,26,1,2,0,0,1,0,0,1,1,0,0,0,4/4,F,133,72,68,90,-8,36,1,0,1,1,0,1,0,0,0,0,0,0,1,0,0,0,0,0,0,0,0,0,0,0,0,0,173,0,36,15,0,0,1,0,1,0,0,1,Appreciation;Love,0,0,0,0,0,0,0,0,0,0
3,6,0,Rock,0,0,0,0,23,1,1,0,1,1,1,1,1,1,0,0,0,4/4,Multiple Keys,130,63,48,73,-10,25,0,0,1,1,0,0,0,0,0,0,0,0,0,0,0,0,0,0,0,0,0,0,0,0,0,0,174,0,53,10,0,0,0,0,0,0,0,0,Lust/Sex,0,0,1,0,0,0,0,0,0,0
1,4.666666666666667,3.3333333333333335,Pop,0,0,0,0,26,1,1,0,1,1,1,1,1,1,0,0,0,7/4;8/4;6/4;4/4,G,105,62,40,68,-6,44,0,0,0,1,1,1,0,0,0,0,0,0,0,0,0,0,0,0,0,0,0,0,0,0,0,0,237,0,60,26,0,0,1,0,0,0,1,1,Love;Coexistance,0,0,0,0,0,0,1,0,0,0
4,9,2,Folk/Country,1,0,0,0,25,0,1,0,0,1,1,1,1,1,0,0,0,4/4,D,120,19,64,69,-11,72,0,0,1,0,1,0,0,0,0,0,0,0,0,0,0,0,0,0,0,0,0,0,0,0,0,0,255,0,68,8,0,0,0,0,0,0,0,0,Death;Family;Life,1,0,0,0,0,0,0,0,0,0
4,7.333333333333333,2,Rock,0,0,0,0,16,1,1,0,1,1,0,0,1,1,0,0,0,4/4,C,139,43,64,90,-12,25,0,0,1,1,1,1,0,0,0,0,0,0,0,0,0,0,0,0,0,0,0,0,0,0,0,0,112,0,30,3,0,0,1,0,0,0,0,0,Lost Love,0,0,0,0,0,0,0,0,0,0
5,6.666666666666667,1.3333333333333333,Pop,1,0,0,0,18,0,1,0,1,1,0,0,1,1,0,0,0,4/4,E,97,40,55,30,-9,36,0,0,1,0,1,1,0,0,0,0,0,0,0,0,0,0,0,0,0,0,0,0,0,0,0,0,166,0,29,10,0,0,0,0,0,0,0,0,Appreciation;Growing Up,0,0,0,0,0,1,0,0,0,0
4,7.333333333333333,0.6666666666666666,Pop,0,0,0,0,21,1,1,0,1,1,0,0,1,1,0,0,0,4/4,G,126,49,51,65,-10,26,0,0,1,1,1,1,0,0,0,0,0,0,0,1,0,0,0,0,0,0,0,0,0,0,0,0,172,0,20,7,0,0,1,0,0,0,0,0,Love;Growing Up,0,0,0,0,0,0,1,0,0,0
3,7,3.3333333333333335,Pop,0,0,0,0,25,1,1,0,1,1,1,1,1,1,0,0,0,4/4,C,99,73,48,81,-9,31,0,0,0,1,1,0,0,0,0,0,0,0,0,0,0,0,0,0,0,0,0,0,0,0,0,0,207,0,25,0,0,0,1,0,0,0,0,0,Unclear,0,0,0,0,0,0,0,0,0,0
2,4.666666666666667,0.6666666666666666,Rock,0,0,0,0,25,1,1,0,1,1,1,1,1,1,1,1,1,4/4,Eb,82,74,63,95,-8,6,0,0,1,1,1,1,0,0,0,0,0,0,0,0,0,0,0,0,0,0,0,1,0,0,0,0,175,0,70,23,0,0,0,0,0,0,1,1,Lust/Sex,0,0,0,0,0,0,0,0,0,0
2,4.333333333333333,2,Rock,0,0,0,0,19,1,1,0,2,1,0,0,1,1,0,0,1,4/4,G,111,61,50,31,-8,12,0,0,1,1,1,0,0,0,0,0,0,0,0,0,0,0,0,0,0,0,0,1,0,0,0,0,147,0,81,20,0,0,1,0,0,0,0,0,Playing Music;Poverty,0,0,0,0,0,0,0,0,0,0
4,10,0,Funk/Soul,1,0,0,1,26,1,0,1,1,2,1,0,1,1,1,1,1,4/4,D,104,37,77,54,-11,68,0,0,1,1,0,1,0,0,0,0,0,0,0,0,0,1,0,0,0,0,0,0,0,0,0,0,164,0,34,9,0,0,1,0,0,0,0,0,Lonesomeness;Failure,0,0,0,0,0,0,0,0,0,0
5,1.3333333333333333,0.6666666666666666,Pop,1,0,0,0,26,1,1,0,1,1,0,0,1,1,0,0,0,4/4,C,93,28,40,60,-13,67,0,0,1,0,1,0,0,0,0,0,0,0,0,0,0,0,0,0,0,0,0,0,0,0,0,0,239,0,68,10,0,0,1,0,1,0,0,1,Death;Life;Sadness,1,0,0,0,0,0,0,0,0,0
2,7,2,Funk/Soul,0,0,0,0,23,1,0,1,1,0,1,1,1,0,0,0,0,4/4,Gb,125,44,71,72,-13,24,0,1,1,1,0,1,0,0,0,0,0,0,0,1,0,0,0,0,0,0,0,0,0,0,0,0,195,0,103,37,0,0,1,0,0,0,0,0,Dancing;Playing Music,0,1,0,0,0,0,0,1,0,0
3,7.333333333333333,2,Rock,2,1,0,0,26,1,1,0,1,1,1,1,1,1,1,0,1,4/4,A,92,46,61,81,-14,71,0,0,1,0,0,0,0,0,0,0,0,0,0,0,0,0,0,0,0,0,0,0,0,0,0,0,244,0,63,33,0,0,1,0,0,0,1,1,Lust/Sex;Better Times;Lost Innocence,0,0,0,0,0,1,0,0,0,0
4,4.333333333333333,2,Pop,1,0,0,0,33,1,1,0,1,1,0,0,1,1,1,0,0,4/4,Db,84,17,63,25,-13,86,0,0,1,1,1,1,0,0,0,0,0,0,0,0,1,0,0,0,0,0,0,0,1,0,0,0,235,0,61,12,0,0,1,0,1,0,0,1,Love,0,0,0,0,0,0,0,0,0,0
2,5.666666666666667,1.3333333333333333,Rock,0,0,0,0,24,1,1,0,1,1,1,1,1,1,0,0,0,4/4,A,118,55,60,96,-14,3,0,0,0,1,0,0,0,0,0,0,0,0,0,0,0,0,0,0,0,0,0,0,0,0,0,0,133,0,14,10,0,0,1,0,0,0,1,1,Lust/Sex,0,0,0,0,0,0,0,0,0,0
5,4.666666666666667,0.6666666666666666,Rock;Funk/Soul,0,0,0,0,23.5,1,1,0,1,1,1,1,1,1,1,0,1,4/4,C,126,70,69,96,-8,47,0,0,1,1,0,1,0,0,0,0,0,0,0,0,0,0,0,0,0,0,0,0,0,0,0,0,182,0,50,0,0,0,1,0,0,0,0,0,Respect;Coexistance;Racism,0,0,0,0,0,0,0,0,0,0
1,8.333333333333334,2.6666666666666665,Folk/Country,1,0,0,0,22,0,1,0,1,1,0,0,1,1,0,0,0,4/4,A,123,67,76,87,-7,61,0,0,1,0,0,0,0,0,0,0,0,0,0,0,0,0,0,0,0,0,0,0,0,0,0,0,195,0,69,9,0,0,0,0,1,0,0,1,Anger;Hypocrisy;Empowerment,1,0,0,0,0,0,0,0,0,0
9,8.333333333333334,2,Pop,0,0,0,0,26,1,1,0,1,1,1,1,1,1,0,0,0,4/4,F,147,61,39,53,-8,1,0,0,0,1,1,1,0,0,0,0,0,0,0,1,0,0,0,0,0,0,0,0,0,0,0,0,426,0,32,0,0,0,1,0,0,0,0,0,Calming Down;Hope,0,0,0,0,0,0,0,0,0,0
2,9.333333333333334,1.3333333333333333,Funk/Soul,0,0,0,0,24,0,0,1,2,2,0,0,1,2,0,0,1,4/4,Am,105,96,57,65,-1,12,0,0,1,1,1,0,0,0,0,0,0,0,0,0,0,0,0,0,0,0,0,0,0,0,0,0,183,0,19,19,0,0,1,0,0,0,0,0,Growing Up;Illegitimacy;Poverty,0,0,0,0,0,0,0,0,0,0
7,10,0,Funk/Soul,1,0,0,0,29,1,0,1,1,0,0,0,1,0,0,0,1,4/4,Ebm,117,35,72,64,-11,20,0,0,1,1,1,0,0,0,1,0,0,1,0,0,0,0,0,0,0,0,0,0,0,0,0,0,196,0,38,21,0,0,1,0,1,0,0,1,Lost Love,0,0,0,0,0,0,0,0,0,0
2,9,1.3333333333333333,Rock,0,0,0,0,21,1,1,0,1,1,1,1,1,1,1,1,1,4/4,B,86,59,41,65,-12,25,0,0,1,0,0,0,0,0,0,0,0,0,0,0,0,0,0,0,0,0,0,0,0,0,0,0,203,0,111,0,0,0,1,0,0,0,0,0,Longing for Love,0,0,0,0,0,0,0,0,0,0
4,8.333333333333334,0.6666666666666666,Rock;Funk/Soul,0,1,0,0,25,2,2,2,1,0,1,1,1,0,1,1,1,4/4,G,115,62,81,77,-8,25,0,0,0,1,0,1,0,0,0,0,0,0,0,0,0,0,0,0,0,0,0,0,0,0,0,0,142,0,14,8,0,0,0,0,0,0,0,0,Coexistence;Respect;Racism,0,0,0,0,0,0,0,0,0,0
4,5.666666666666667,3.3333333333333335,Pop,1,0,0,0,26,1,1,0,1,1,1,0,1,1,0,0,0,4/4,Multiple Keys,104,41,79,82,-11,1,0,1,1,0,1,0,0,0,0,0,0,0,0,0,0,0,0,0,0,0,0,0,0,0,0,0,172,0,62,14,0,0,1,0,0,0,0,0,Love,0,0,0,0,0,0,0,0,0,0
6,5,1.3333333333333333,Pop,0,1,0,0,27.5,2,0,1,1,1,0,0,1,1,0,0,0,Free;4/4,Multiple Keys,118,74,29,52,-6,45,0,0,0,1,1,1,0,0,0,0,0,0,0,0,0,0,0,0,0,0,0,0,0,0,0,0,289,0,37,17,0,0,1,0,1,0,0,1,Coexistence;Respect;Love,0,0,0,0,1,0,0,0,0,0
5,7,0,Rock,0,0,0,0,26,1,1,0,1,1,1,1,1,1,0,0,0,4/4,A,123,59,76,33,-10,49,0,0,1,1,0,0,0,0,0,0,0,0,0,0,0,0,0,0,0,0,0,0,0,0,0,0,194,0,72,8,0,0,1,0,0,0,0,0,Unclear,0,1,0,0,0,0,0,0,0,0
6,2.3333333333333335,2,Rock,2,1,0,0,25.5,1,1,0,1,1,1,1,1,1,1,1,1,Free;4/4,Abm,123,62,45,50,-6,14,0,0,1,0,1,0,0,0,0,0,0,0,0,0,0,0,0,0,0,0,0,0,0,0,0,0,190,0,18,24,1,1,1,0,0,0,0,0,Dystopia;Death;Pain,0,0,0,0,0,0,0,0,0,0
4,8.666666666666666,1.3333333333333333,Rock,0,0,0,0,26,1,1,0,1,1,1,1,1,1,0,0,0,4/4,G,114,97,37,40,-5,0,0,0,1,0,0,1,0,0,0,0,1,0,0,0,0,0,0,0,0,0,0,0,0,0,0,0,183,0,86,16,0,0,0,0,0,0,0,0,Lust/Sex,0,0,1,0,0,0,0,0,0,0
2,8,2,Funk/Soul,0,1,0,0,26,1,0,1,1,0,0,0,1,0,0,0,1,Free;4/4,Cm,109,69,68,71,-13,56,0,0,1,1,0,1,0,0,0,0,0,1,0,1,0,0,0,0,0,0,0,0,0,0,0,0,175,0,35,23,0,0,1,0,0,0,0,0,Longing for Love,0,1,0,0,0,0,0,0,0,0
1,8.333333333333334,0.6666666666666666,Pop,1,0,0,0,34,1,1,0,1,1,0,0,1,1,1,0,0,4/4;6/8,G,117,38,49,71,-11,4,0,0,1,1,1,1,0,0,0,0,0,0,0,0,0,0,0,0,0,0,0,0,0,0,0,0,261,0,33,5,0,0,1,0,1,0,0,1,Lost Love;Bad Relationships,0,0,0,0,0,0,0,0,0,0
3,5,2.6666666666666665,Pop,0,0,0,0,28.5,2,0,1,0,1,0,0,1,1,0,0,0,4/4,C,118,67,48,62,-5,55,0,0,0,1,1,1,0,0,0,0,0,0,0,0,0,0,0,0,0,0,0,0,0,0,0,0,165,0,10,10,0,0,1,0,1,0,0,1,Love;Marriage,0,0,0,0,0,0,0,0,0,0
1,8.666666666666666,1.3333333333333333,Rock,0,0,0,0,29,1,1,0,1,1,1,1,1,1,0,0,0,4/4,Dm,165,38,53,19,-12,3,0,1,1,0,0,0,0,0,0,0,0,0,0,0,0,0,0,0,0,0,0,0,0,0,0,0,259,0,114,19,0,0,1,0,0,0,1,1,Unclear,0,0,0,0,0,0,0,0,0,0
2,4.333333333333333,0.6666666666666666,Pop,0,1,0,0,26,1,1,0,1,1,1,1,1,1,1,1,1,4/4,Multiple Keys,115,92,64,51,-7,1,0,0,0,1,0,0,0,0,0,0,0,0,0,0,0,0,0,0,0,0,0,0,0,0,0,0,225,0,24,18,0,0,1,0,0,0,0,0,Lost Love,0,0,0,0,0,0,0,0,0,0
1,8,2,Folk/Country,0,0,0,0,32,2,1,0,1,1,0,0,1,1,0,0,0,4/4,A,133,17,41,38,-17,80,0,0,1,0,0,0,0,0,0,0,0,0,0,0,0,0,0,0,0,0,0,0,0,0,0,0,207,0,10,10,0,0,0,0,1,0,0,1,Love;Lost Love,0,0,0,0,0,0,0,0,0,0
1,7,1.3333333333333333,Funk/Soul,0,0,0,0,25,0,0,1,1,0,0,0,1,0,0,0,1,4/4,Db,107,54,68,83,-12,14,0,0,0,0,1,1,0,0,0,0,0,0,0,0,0,0,0,0,0,0,0,0,0,0,0,0,194,0,28,26,0,0,1,0,1,0,0,1,Longing for Love,0,0,0,0,0,0,0,0,0,0
4,6.333333333333333,2.6666666666666665,Pop,1,0,0,0,27,1,1,0,1,1,0,0,1,1,0,0,1,4/4,F,106,49,51,70,-8,87,0,0,0,0,1,1,0,0,0,0,0,0,0,0,0,0,0,0,0,0,0,0,0,1,0,0,177,0,63,5,0,0,1,0,0,0,0,0,Sadness;Calming Down;Positivity,0,0,0,0,0,0,0,0,0,0
1,10,0,Pop,0,1,0,0,11,1,0,1,1,2,0,0,1,2,0,0,1,4/4,Ab,98,54,64,94,-13,49,0,1,1,1,1,0,0,0,1,0,0,0,0,1,0,0,0,0,0,0,0,0,0,0,0,0,180,0,20,30,0,0,1,0,0,0,0,0,Lost Love,0,0,0,0,0,0,0,0,0,0
1,5.666666666666667,1.3333333333333333,Rock,0,1,0,0,24,2,1,0,1,1,1,1,2,1,1,1,1,4/4,Bm,128,76,69,96,-6,46,0,0,1,1,0,0,0,0,0,0,0,0,0,0,0,0,0,0,0,0,0,0,0,0,0,0,187,0,71,18,0,0,1,0,0,0,1,1,Lust/Sex,0,0,0,0,0,0,0,0,1,0
2,7.333333333333333,0.6666666666666666,Funk/Soul,0,0,0,0,28,2,2,2,1,0,1,1,1,0,1,1,1,4/4,E,106,71,90,90,-13,30,0,1,1,0,0,1,0,0,0,0,0,0,0,0,0,0,0,0,0,0,0,0,0,0,0,0,288,0,136,18,0,0,0,0,0,0,0,0,Endings/Goodbyes,0,0,0,0,0,0,0,0,0,0
6,10,0,Pop,2,0,0,0,28,1,1,0,1,1,1,1,1,1,1,0,1,4/4,Eb,80,21,15,26,-14,82,0,0,0,1,1,0,0,0,0,0,0,0,0,0,0,0,0,0,0,0,0,0,0,0,0,0,293,0,86,23,0,0,0,0,0,0,0,0,God;Redemption;Faithfulness,0,0,0,0,0,0,0,0,0,0
2,8.666666666666666,1.3333333333333333,Funk/Soul;Rock,0,0,0,0,27,1,1,0,1,1,1,1,1,1,0,0,0,4/4,C,143,40,44,41,-8,63,0,0,0,1,0,0,0,0,0,0,0,1,0,0,0,0,0,0,0,0,0,0,0,0,0,0,230,0,83,13,0,0,0,0,0,0,0,0,Faithfulness;Restlessness,0,0,0,0,0,0,0,0,0,0
2,9,1.3333333333333333,Pop,0,1,0,0,11,1,0,1,1,2,0,0,1,2,0,0,1,4/4,Ab,94,81,71,95,-8,45,0,0,1,1,0,0,0,0,1,0,0,0,0,1,0,0,0,0,0,0,0,0,0,0,0,0,175,0,8,1,0,0,1,0,0,0,0,0,Love,0,0,0,0,0,0,0,0,0,0
3,6.666666666666667,2.6666666666666665,Rock,0,0,0,0,22,1,1,0,1,1,1,1,1,1,0,0,0,4/4,Em,93,84,54,88,-8,4,0,0,1,0,0,0,0,0,0,0,0,0,0,0,0,0,0,0,0,0,0,0,0,0,0,0,231,0,83,22,0,0,0,0,0,0,0,0,Bad Relationships,0,0,0,0,0,0,0,0,0,0
2,2.6666666666666665,0.6666666666666666,Funk/Soul,1,0,0,0,31,1,1,0,1,1,1,1,1,1,1,1,1,4/4,F,112,38,37,72,-15,51,0,0,0,1,1,1,0,0,0,0,0,0,0,1,0,0,0,0,0,0,0,0,0,0,0,0,209,0,12,20,1,0,1,0,0,0,0,0,Coexistence;Respect;Appreciation,0,0,0,0,0,0,0,0,0,0
2,6,1.3333333333333333,Pop,0,0,0,0,28,1,1,0,1,1,1,1,1,1,0,0,0,4/4,Eb,133,37,33,31,-9,67,0,0,0,1,1,1,0,0,0,0,0,0,0,0,0,0,0,0,0,0,0,0,0,0,0,0,220,0,21,0,0,0,0,0,0,0,0,0,Sadness;Failure,0,0,0,0,0,0,0,0,0,0
2,6.666666666666667,2.6666666666666665,Pop,0,1,0,0,11,1,0,1,1,2,0,0,1,2,0,0,1,4/4,G,114,70,75,95,-11,36,0,0,1,0,1,1,0,0,0,0,0,0,0,1,0,0,0,0,0,0,0,0,0,0,0,0,180,0,15,18,0,0,1,0,0,0,0,0,Love;Bad Behavior,0,0,0,0,0,0,0,0,0,0
2,7,2,Rock,0,0,0,0,28.666666666666668,1,2,2,1,1,0,0,1,1,0,0,0,3/4;2/4,Ab,120,67,67,82,-14,38,0,0,1,1,0,0,0,0,0,0,0,0,0,0,0,0,0,0,0,0,0,0,0,0,0,0,199,0,43,10,0,0,0,0,1,0,0,1,Partying;Regret,0,0,0,0,0,0,0,0,0,0
4,5.666666666666667,2.6666666666666665,Pop,2,0,0,0,21,2,1,0,1,1,0,0,1,1,0,0,0,4/4,G,89,25,53,24,-15,71,0,0,0,1,1,1,0,0,0,0,0,0,0,0,0,0,0,0,0,0,0,0,0,0,0,0,220,0,42,9,0,0,0,0,1,0,0,1,Love,0,0,0,0,0,0,0,0,0,0
1,4,1.3333333333333333,Rock,0,0,0,0,28,1,1,0,1,1,1,1,1,1,1,1,1,4/4,E,84,36,63,47,-11,66,0,0,1,0,1,0,0,0,0,0,0,0,0,0,0,0,0,0,0,0,0,0,0,0,0,0,192,0,55,13,0,0,1,0,0,0,0,0,Love;Lust/Sex,0,0,0,0,0,0,0,0,0,0
3,9,1.3333333333333333,Funk/Soul,1,0,0,0,28,1,0,1,1,0,0,0,1,0,0,0,1,4/4,Ebm,109,67,59,74,-12,9,0,0,1,0,0,1,0,0,0,0,0,0,0,1,0,0,0,0,0,0,0,0,0,0,0,0,200,0,4,4,0,0,1,0,1,0,0,1,War;Violence,0,0,0,0,0,0,0,0,0,0
3,6,2.6666666666666665,Funk/Soul,1,0,0,0,26,0,0,1,2,0,0,0,2,0,0,0,1,4/4,Multiple Keys,99,79,39,38,-5,19,0,0,0,1,1,1,0,0,0,0,0,0,0,0,0,0,0,0,0,0,0,0,0,0,0,0,205,0,25,36,1,0,1,0,1,0,0,1,Love,0,1,0,0,0,0,0,0,0,0
1,6.666666666666667,2,Pop,1,0,0,0,29,1,1,0,1,1,1,1,1,1,0,0,0,4/4,Db,128,49,56,86,-15,35,0,0,1,0,1,1,0,0,0,0,0,0,0,1,0,0,0,0,0,0,0,0,0,0,0,0,180,0,12,8,0,0,1,0,0,0,0,0,Love,0,0,0,0,0,0,0,0,0,0
5,8,2,Funk/Soul,0,1,0,0,12,1,0,1,1,0,0,0,1,0,0,0,1,4/4,F,93,51,51,33,-7,59,1,0,0,1,0,0,0,0,0,0,0,0,0,0,0,0,0,0,0,0,0,0,0,0,0,0,238,0,12,12,0,0,1,0,0,0,0,0,Love,0,0,0,0,0,0,0,0,1,0
3,5.333333333333333,2,Pop,0,0,0,0,20,2,1,0,1,1,0,0,1,1,0,0,0,4/4,Multiple Keys,102,47,43,78,-12,42,0,0,0,1,0,0,0,0,0,0,0,0,0,0,0,0,0,0,0,0,0,0,0,0,0,0,173,0,31,9,0,0,1,0,0,0,0,0,Love,0,0,0,0,0,0,1,0,0,0
2,7.333333333333333,2,Pop,0,0,0,0,30,2,0,1,1,0,1,0,1,0,1,0,1,4/4,Db,128,61,59,95,-10,15,0,0,0,1,0,0,0,0,0,0,0,0,0,0,0,0,0,0,0,0,0,0,0,0,0,0,182,0,23,13,0,0,1,0,0,0,0,0,Lost Love,0,0,0,0,0,0,0,0,0,0
4,8.333333333333334,1.3333333333333333,Rock,1,0,0,0,27,1,1,0,1,1,1,1,1,1,1,0,1,4/4,E,121,70,54,58,-9,8,0,0,1,1,1,0,0,0,0,0,0,0,0,0,0,0,0,0,0,0,0,0,0,0,0,0,281,0,47,31,0,0,1,0,0,0,1,1,God;Faithfulness,0,0,0,0,0,0,0,0,0,0
3,3.6666666666666665,2.6666666666666665,Pop,0,0,0,0,26,2,2,2,1,1,0,0,1,1,0,0,0,4/4,Db,123,58,78,93,-10,15,0,0,1,1,0,1,0,0,0,0,0,0,0,0,0,0,0,0,0,0,0,0,0,0,0,0,180,0,32,8,0,0,1,0,0,0,0,0,Longing for Love,0,0,0,0,0,0,0,0,0,0
5,5.333333333333333,1.3333333333333333,Pop,0,1,0,0,15,1,1,0,1,0,0,0,1,1,0,0,0,4/4,C,101,57,60,92,-7,38,0,0,1,1,1,0,0,0,0,0,0,0,0,0,0,0,0,0,0,0,0,0,0,0,0,0,165,0,29,10,0,0,1,0,0,0,0,0,Lost Love;Bad Relationships;Love,0,0,0,0,0,0,0,0,0,0
2,10,0,Rock,1,0,0,1,27,0,1,0,1,1,0,0,1,1,0,0,0,4/4,G,93,46,45,66,-11,30,0,0,1,1,0,0,0,0,0,0,0,0,0,0,0,0,0,0,0,0,0,0,0,0,0,0,271,0,74,5,0,0,0,0,1,0,0,1,Love;Lost Love,1,0,0,0,0,0,0,0,0,0
2,10,0,Funk/Soul,0,1,0,0,31,1,0,1,1,0,0,0,1,0,0,0,1,4/4,C,92,24,43,46,-15,90,0,0,1,0,1,1,0,0,0,0,0,0,0,0,0,0,0,0,0,0,0,0,0,0,0,0,228,0,30,24,0,0,1,0,0,0,0,0,Lost Love,0,0,0,0,0,0,0,0,0,0
6,5.666666666666667,1.3333333333333333,Rock,0,0,0,0,29.333333333333332,1,2,2,1,1,0,0,1,1,0,0,0,4/4,D,127,67,65,97,-12,47,0,0,1,1,0,0,0,0,0,0,0,0,0,0,0,0,0,0,0,0,0,0,0,0,0,0,197,0,21,5,0,0,1,0,0,0,0,0,Unclear,0,0,0,0,0,0,0,0,0,0
2,7.666666666666667,0.6666666666666666,Rock,0,0,0,0,27,1,1,0,1,1,1,1,1,1,0,0,0,4/4,C,129,93,64,97,-4,22,0,0,1,1,0,1,0,0,0,0,0,0,0,1,0,0,0,0,0,0,0,0,0,0,0,0,230,0,102,30,0,0,1,0,0,0,0,0,Lust/Sex,0,0,1,0,0,0,0,0,0,0
5,7,2.6666666666666665,Rock,1,0,0,0,29,0,1,0,0,1,1,0,1,1,0,0,0,4/4,Multiple Keys,104,44,45,81,-13,50,0,0,0,1,0,1,0,0,0,0,0,0,0,0,0,0,0,0,0,0,1,0,0,0,0,0,231,0,112,9,0,0,0,0,0,0,0,0,Lost Love,0,0,0,0,0,0,0,0,0,0
1,4.666666666666667,2.6666666666666665,Rock,0,0,0,0,29,1,1,0,1,1,0,0,1,1,1,1,0,4/4,Dbm,132,38,64,21,-13,28,0,0,1,1,1,1,0,0,0,0,0,0,0,0,0,0,0,0,0,0,0,0,0,0,0,0,172,0,86,8,0,0,0,0,1,0,0,1,Murder;Death;Poverty,1,0,0,0,0,0,0,0,0,0
1,4.666666666666667,0.6666666666666666,Rock,1,0,0,0,23,1,1,0,0,1,0,0,1,1,0,0,0,4/4,A,92,28,69,44,-15,68,0,0,1,0,0,0,0,0,1,0,0,0,0,0,0,0,0,0,0,0,0,0,0,0,0,0,268,0,48,8,0,0,0,0,1,0,0,1,Friendship;Love;Sadness,0,0,0,0,0,0,0,0,0,0
4,4,1.3333333333333333,Rock,0,0,0,0,22,1,1,0,1,1,1,1,1,1,1,0,1,4/4,E,69,26,44,25,-14,63,0,0,1,0,1,0,0,0,0,0,0,0,0,0,0,0,0,0,0,0,0,0,0,0,0,0,239,0,23,14,0,0,0,0,0,0,0,0,Lost Love,0,0,0,0,0,0,0,0,0,0
1,7,0,Rock,2,1,0,0,29,2,1,0,2,1,1,1,2,1,1,1,1,4/4,Multiple Keys,92,51,37,54,-10,58,0,0,1,1,1,1,0,0,0,0,0,1,0,0,0,0,0,0,0,0,0,0,0,0,0,0,295,0,130,0,0,0,0,0,0,0,0,0,Unclear,0,0,0,0,0,0,0,0,0,0
3,1.6666666666666667,1.3333333333333333,Pop,1,1,0,0,13,1,1,0,2,1,0,0,1,1,0,0,0,4/4,G,108,41,39,38,-11,78,0,0,1,0,1,1,0,0,0,0,0,0,0,0,0,0,0,0,0,0,0,0,0,0,0,0,149,0,13,8,0,0,1,0,1,0,0,1,Longing for Love;Forbidden Love,0,0,0,0,0,0,0,0,1,0
5,9.333333333333334,0.6666666666666666,Rock,1,0,0,0,26,1,1,0,1,1,1,0,1,1,1,1,1,4/4,D,130,66,58,78,-9,68,0,0,1,0,0,0,0,0,0,0,0,0,0,0,0,0,0,1,0,0,0,0,0,0,0,0,222,0,75,7,0,0,1,0,0,0,0,0,Lust/Sex;Lost Love,0,0,0,0,0,0,0,0,0,0
2,4.666666666666667,0.6666666666666666,Pop,1,0,0,0,25,0,1,0,1,1,0,0,1,1,0,0,0,4/4,Am,171,67,48,70,-11,20,0,0,0,1,0,0,0,0,0,0,0,0,0,0,0,0,0,0,0,0,0,0,0,0,0,0,158,0,21,8,0,0,1,0,0,0,0,0,Life;Growing Up;Racism;Prostitution,1,0,0,0,0,0,0,0,0,0
2,8.333333333333334,2,Funk/Soul,1,0,0,0,29,1,0,1,1,0,1,1,1,0,1,1,1,4/4,Am,120,69,50,69,-12,4,0,0,1,1,1,1,0,0,0,0,0,0,1,0,0,0,0,0,0,0,0,0,0,0,0,0,197,0,159,109,0,0,0,0,0,0,0,0,Lust/Sex;Badassery,0,0,1,0,0,1,0,0,0,0
3,8.666666666666666,0.6666666666666666,Funk/Soul,0,0,0,0,28,2,2,2,1,0,1,1,1,0,1,1,1,4/4,F,109,61,82,80,-14,67,0,0,1,1,0,0,0,0,0,0,0,1,0,0,0,0,0,0,0,0,0,0,0,0,0,0,185,0,32,4,0,0,1,0,0,0,0,0,Family;Growing Up;Home,0,0,0,0,0,0,0,0,0,0
3,5.666666666666667,0.6666666666666666,Folk/Country,1,0,0,0,24,0,1,0,0,1,1,1,1,1,0,0,0,4/4,Db,84,41,67,82,-8,82,0,1,1,1,0,0,0,0,0,0,0,1,0,0,0,0,0,0,0,0,0,0,0,0,0,0,144,0,19,6,0,0,1,0,0,0,0,0,Longing for Love;Lust/Sex,1,0,0,0,0,0,0,0,0,0
4,7.333333333333333,1.3333333333333333,Rock,1,0,0,0,26,1,1,0,1,1,1,1,1,1,0,0,0,4/4,G,138,48,53,49,-12,70,0,0,1,1,0,0,0,0,0,0,0,0,0,0,0,0,0,0,0,0,0,0,0,0,0,0,515,0,28,0,0,0,0,0,0,0,1,1,Lost Innocence,0,0,1,0,0,0,0,0,0,0
1,9.333333333333334,0.6666666666666666,Funk/Soul,1,0,0,0,25,1,0,1,1,0,1,0,1,0,0,0,1,4/4,F,102,40,76,51,-11,57,0,0,1,1,1,1,0,0,0,0,0,1,0,0,0,0,0,0,0,0,0,0,0,0,0,0,199,0,19,9,0,0,1,0,0,0,0,0,Love,0,0,0,0,0,0,0,0,0,0
4,7,1.3333333333333333,Pop,1,0,0,0,30,1,1,0,1,1,0,0,1,1,0,0,0,4/4,E,65,19,39,14,-15,61,0,0,0,1,1,1,0,0,0,0,0,0,0,0,0,0,0,0,0,0,0,0,0,0,0,0,201,0,40,6,0,0,1,0,1,0,0,1,Lost Love,0,0,0,0,0,0,0,0,0,0
1,8.666666666666666,0.6666666666666666,Rock,1,0,0,0,26,1,1,0,1,1,1,1,1,1,1,0,1,4/4,Em,171,46,54,80,-10,19,0,0,1,0,0,0,0,0,0,0,0,0,0,0,1,0,0,0,0,0,0,0,0,0,0,0,187,0,91,34,0,0,0,0,0,0,0,0,Time;Longing for Love;Lost Innocence,0,0,0,0,0,0,0,0,0,0
3,6.333333333333333,0.6666666666666666,Rock,0,0,0,0,20,1,1,0,1,1,1,1,1,1,0,0,0,4/4,Em,123,51,65,83,-17,69,0,0,1,0,0,0,0,0,1,0,0,0,0,0,0,0,0,0,0,0,0,0,0,0,0,0,272,0,26,9,0,0,1,0,0,0,0,0,Enlightenment;Dreaming,0,0,0,0,0,0,0,0,0,0
6,8.333333333333334,1.3333333333333333,Pop,1,0,0,0,35,0,0,1,1,1,0,0,1,1,0,0,0,4/4,C,121,3,31,14,-22,73,0,0,1,1,1,0,0,0,0,0,0,0,0,0,0,0,0,0,0,0,0,0,0,0,0,0,255,0,48,20,0,0,0,0,1,0,0,1,Love,0,0,0,0,0,0,0,0,0,0
1,8.333333333333334,0.6666666666666666,Funk/Soul,0,0,0,0,31,1,0,1,1,0,1,1,1,0,1,1,1,4/4,Bb,134,40,42,60,-13,23,1,0,1,1,1,0,0,0,0,0,0,0,0,0,1,0,0,0,0,0,0,0,0,0,0,0,216,0,86,13,0,0,1,0,0,0,0,0,Lost Love,0,0,0,0,0,0,0,0,0,0
1,8,1.3333333333333333,Funk/Soul,0,0,0,0,32,2,0,1,1,0,0,0,1,0,0,0,1,4/4,C,102,60,84,80,-9,10,0,1,1,1,1,1,0,0,0,0,0,0,0,0,1,0,0,0,0,0,0,0,0,0,0,0,196,0,51,11,0,0,1,0,0,0,1,1,Utopia/Perfect Places,0,0,0,0,0,0,0,0,0,0
3,2.3333333333333335,2,Pop,1,0,0,0,46,1,0,1,1,1,0,0,1,1,0,0,0,4/4,C,131,55,64,84,-11,81,0,0,0,0,1,1,0,0,0,0,0,0,0,1,0,0,0,0,0,0,0,0,0,0,0,0,192,0,5,24,1,0,1,0,1,0,0,1,Jobs;Candy,0,1,0,0,0,0,0,0,0,0
1,5,1.3333333333333333,Pop,1,0,0,0,31,1,1,0,1,1,1,1,1,1,1,0,1,4/4,C,109,41,51,36,-13,36,0,0,1,1,1,1,0,0,0,0,0,0,0,0,0,0,0,0,0,0,0,0,0,0,0,0,194,0,92,18,0,0,1,0,0,0,1,1,Sadness;Playing Music,0,0,0,0,0,0,0,0,0,0
3,8,2.6666666666666665,Funk/Soul,1,1,0,0,34,1,0,1,1,0,1,1,1,0,1,0,1,4/4,C,75,22,62,42,-14,78,0,0,1,1,1,0,0,0,0,0,0,0,0,1,0,0,0,0,0,0,0,0,0,0,0,0,258,0,27,27,0,0,0,0,0,0,0,0,Pain;Sadness;Friendship,0,0,0,0,0,0,0,0,1,0
6,3,0,Rock,1,0,0,0,25,1,1,0,1,1,1,1,1,1,1,0,1,4/4,Multiple Keys,172,46,56,56,-8,58,0,0,1,0,1,1,0,0,0,0,0,0,0,0,0,0,0,0,0,0,0,0,0,0,0,0,217,0,61,11,0,0,0,0,0,0,0,0,Sadness;Death,0,0,0,0,0,0,0,0,0,0
1,7,0,Rock,0,0,0,0,24,1,1,0,1,1,1,1,1,1,1,0,1,4/4,E,125,77,72,77,-8,54,0,0,1,1,0,1,0,0,0,0,0,0,0,0,0,0,0,0,0,0,0,0,0,0,0,0,186,0,15,15,0,0,1,0,0,0,0,0,Lost Love,1,0,0,0,0,0,0,0,0,0
1,3.3333333333333335,2.6666666666666665,Rock,0,0,0,0,30.333333333333332,1,1,0,1,1,0,0,1,1,0,0,0,4/4,B,109,58,69,94,-12,50,0,0,0,1,0,0,0,0,0,0,0,0,0,1,0,0,0,0,0,0,0,0,0,0,0,0,206,0,57,12,0,0,1,0,1,0,0,1,Coexistence;Respect;Love;Racism,0,0,0,0,0,0,0,0,0,0
3,3,1.3333333333333333,Rock,1,0,0,0,30,1,1,0,1,1,1,1,1,1,0,0,1,4/4,A,81,31,50,80,-18,26,0,0,1,1,1,0,0,0,0,0,0,0,0,0,0,0,0,0,0,0,0,0,0,0,0,0,183,0,45,13,0,0,1,0,0,0,0,0,Lust/Sex;Bad Behavior;Lost Love,0,0,0,0,0,0,0,0,0,0
1,5,3.3333333333333335,Pop,1,0,0,0,14,1,0,1,1,1,0,0,1,2,0,0,0,4/4,F,136,17,44,30,-11,91,0,0,1,0,1,1,0,0,0,0,0,0,1,0,0,0,0,0,0,0,0,0,0,0,0,0,167,0,36,13,0,0,0,0,0,0,0,0,Friendship,0,0,0,0,0,1,0,0,0,0
2,2,1.3333333333333333,Pop,1,0,0,0,46,1,0,1,1,0,0,0,1,0,0,0,0,4/4,Eb,122,55,69,49,-8,77,0,0,1,0,0,0,0,0,0,0,0,0,0,0,0,0,0,0,0,0,0,0,0,0,0,0,256,0,0,8,0,0,1,1,1,0,0,1,Masturbation,1,1,1,0,0,0,0,0,0,0
4,7.666666666666667,2,Funk/Soul,1,0,0,0,32,1,0,1,1,0,1,1,1,0,1,1,1,4/4,Multiple Keys,123,37,68,62,-13,63,0,0,1,1,0,0,1,0,1,0,0,0,0,0,0,0,0,0,0,0,0,0,0,0,0,0,164,0,67,6,0,0,1,0,0,0,0,0,Better Times;Hope;Redemption,0,0,0,0,0,0,0,0,0,0
1,9.666666666666666,0.6666666666666666,Funk/Soul,0,1,0,0,27.75,1,0,1,1,0,0,0,1,0,0,0,1,4/4,Bbm,121,41,82,90,-14,45,0,1,1,0,1,1,0,0,0,0,0,1,0,1,0,0,0,0,0,0,0,0,1,0,0,0,419,0,187,115,0,0,1,0,1,0,0,1,Death;Family;Bad Behavior;Bad Relationships,1,0,0,0,0,0,0,0,0,0
1,5.333333333333333,0.6666666666666666,Pop,1,0,0,0,31,0,1,0,2,1,1,0,1,1,0,0,0,4/4,Multiple Keys,171,68,39,71,-9,41,0,0,1,0,1,1,0,0,0,0,0,0,0,0,0,0,0,0,0,0,0,0,0,0,0,0,205,0,21,10,0,0,1,0,0,0,0,0,Empowerment,0,0,0,0,0,0,0,0,0,0
3,7.333333333333333,2,Funk/Soul,1,0,0,0,38,1,0,1,1,0,0,0,1,0,0,0,1,4/4;6/8,Ab,100,53,30,45,-10,23,0,0,0,0,1,1,0,0,0,0,0,0,0,0,0,0,0,0,0,0,1,0,0,0,0,0,284,0,58,26,0,0,1,0,0,0,0,0,Forbidden Love;Infidelity,0,0,0,0,0,0,0,0,0,0
3,8.666666666666666,0.6666666666666666,Rock,1,0,0,0,27,0,1,0,0,1,1,1,1,1,0,0,0,4/4,C,106,68,66,65,-8,16,0,0,1,1,1,0,0,0,0,0,0,0,0,0,0,0,0,0,0,0,0,0,0,0,0,0,258,0,54,17,0,0,1,0,0,0,0,0,Lost Love;Anger,0,0,0,0,0,0,0,0,0,0
1,10,0,Funk/Soul,1,0,0,0,22,1,0,1,1,0,1,1,1,2,1,0,1,4/4,Ebm,100,63,63,87,-12,4,0,0,0,1,0,1,0,0,0,0,0,0,0,0,0,0,0,0,0,0,0,0,0,0,0,0,245,0,151,28,0,0,1,0,0,0,0,0,Superstition,0,0,0,0,0,0,0,0,0,0
3,5.333333333333333,2.6666666666666665,Rock,1,0,0,0,25,1,1,0,1,1,1,0,1,1,0,0,0,4/4,G,150,80,63,97,-7,3,0,0,1,1,0,0,0,0,0,0,0,0,0,1,0,0,0,0,0,0,0,0,0,0,0,0,235,0,14,14,0,0,1,0,0,0,1,1,Dancing;Growing Up;Better Times;Lost Love;Listening to Music,0,0,0,0,0,0,0,0,0,0
5,8,1.3333333333333333,Pop,1,0,0,0,36,0,0,1,1,1,0,0,2,1,1,0,0,4/4,Ab,122,38,48,33,-10,73,0,0,0,1,0,0,0,0,0,0,0,0,0,0,0,0,0,0,0,0,0,0,0,0,0,0,286,0,18,0,0,0,0,0,1,0,0,1,Sadness;Listening to Music,1,0,0,0,0,0,0,0,0,0
1,6.333333333333333,0.6666666666666666,Funk/Soul,0,0,0,0,30,1,0,1,1,0,0,0,1,0,0,0,1,4/4,C,123,57,74,69,-10,19,0,0,1,0,1,1,0,0,0,0,0,0,0,0,0,0,0,0,0,0,0,0,0,0,0,0,178,0,8,8,0,0,1,0,0,0,0,0,Coexistence;Respect,0,0,0,0,0,0,0,0,0,0
2,4.666666666666667,0.6666666666666666,Pop,1,0,0,0,24,0,1,0,1,1,0,0,1,1,0,0,0,4/4,Multiple Keys,173,41,46,61,-14,85,0,0,1,1,1,1,0,0,0,0,0,0,0,0,0,0,0,0,0,0,0,0,0,0,0,0,220,0,40,12,0,0,1,0,0,0,0,0,Murder;Death;Infidelity,1,0,0,0,0,0,0,0,0,0
4,2,1.3333333333333333,Pop,0,0,0,0,29,2,2,2,1,1,0,0,1,1,0,0,0,4/4;Free,F,88,62,56,68,-12,28,0,0,1,1,1,0,0,0,0,0,0,0,0,1,1,0,0,0,0,0,0,0,0,0,0,0,206,0,47,11,0,0,1,0,0,0,0,0,Love,1,0,1,0,0,0,0,0,0,0
1,7.666666666666667,1.3333333333333333,Funk/Soul,1,1,0,0,23,1,0,1,1,0,1,1,1,2,1,0,1,4/4,B,132,46,52,68,-15,82,0,0,0,1,0,1,0,0,0,0,0,0,0,0,0,0,0,0,0,0,0,0,0,0,0,0,172,0,15,15,0,0,1,0,0,0,0,0,Love,0,0,0,0,0,0,0,0,0,0
4,5.333333333333333,2,Rock,0,0,0,0,30,2,1,0,2,1,1,1,1,1,1,1,1,4/4,F,120,36,41,13,-14,43,0,0,0,1,1,1,0,0,0,0,0,0,0,0,0,0,0,0,0,0,0,0,0,0,0,0,247,0,49,7,0,0,0,0,0,0,0,0,Love,0,0,0,0,0,0,0,0,0,0
1,7.666666666666667,2.6666666666666665,Rock,1,0,0,0,30,1,1,0,1,1,1,1,1,1,1,1,1,4/4,F,79,56,39,60,-12,49,0,0,1,1,0,0,0,0,0,0,0,0,0,0,0,0,0,0,0,0,0,0,0,0,0,0,215,0,54,19,0,0,0,0,0,0,0,0,Hope;Love;Enlightement;God,0,0,0,0,0,0,0,0,0,0
2,6.333333333333333,0.6666666666666666,Funk/Soul,1,0,0,0,26,1,0,1,1,0,1,0,1,0,1,1,1,4/4,Abm,98,71,69,96,-13,37,0,0,0,1,0,1,0,0,0,0,0,0,0,0,1,0,0,0,0,0,0,0,0,0,0,0,224,0,41,4,0,0,1,0,0,0,0,0,Playing Music,0,0,0,0,0,0,0,0,0,0
2,4.666666666666667,2,Rock,1,0,0,0,30,1,1,0,1,1,1,1,1,1,0,0,0,4/4,G,148,80,67,88,-7,52,0,0,0,1,0,0,0,0,0,0,0,0,0,1,0,0,0,0,0,0,0,0,0,0,0,0,181,0,12,12,0,0,0,0,0,0,0,0,Bad Behavior;Lust/Sex;Violence,1,0,1,0,0,0,0,0,0,0
2,2.6666666666666665,1.3333333333333333,Pop,1,0,0,0,24,0,1,0,1,1,0,0,1,1,0,0,0,4/4,Multiple Keys,80,51,41,35,-7,47,0,0,0,1,1,0,0,0,0,0,0,0,0,0,0,0,0,0,0,0,0,0,0,0,0,0,141,0,6,6,0,0,1,0,1,0,0,1,Hope,0,0,0,0,0,1,0,0,0,0
1,5.666666666666667,0.6666666666666666,Pop,1,0,0,0,29,0,0,1,1,1,0,0,1,2,0,0,1,4/4,Db,137,62,35,60,-7,45,0,1,1,1,1,1,0,0,0,0,0,0,0,0,0,0,0,0,0,0,0,0,0,0,0,0,207,0,3,1,0,0,1,0,0,0,0,0,Lust/Sex,0,1,0,0,0,0,0,0,0,0
2,5.333333333333333,2.6666666666666665,Funk/Soul,0,0,0,0,25,1,1,0,1,0,0,0,1,1,0,0,0,4/4,Am,104,50,70,85,-9,10,0,0,1,1,1,0,0,0,0,0,0,0,0,0,0,0,0,0,0,0,0,0,0,0,0,0,235,0,74,18,0,0,1,0,1,0,0,1,Forbidden Love,1,0,0,0,0,0,0,0,0,0
2,9.333333333333334,1.3333333333333333,Funk/Soul,1,0,0,0,34,1,0,1,1,0,1,0,1,0,1,0,1,4/4,Eb,167,65,48,65,-10,30,0,1,1,0,1,1,0,0,0,0,0,1,0,1,0,0,0,0,0,0,0,0,0,0,0,0,240,0,3,3,0,0,1,0,0,0,0,0,Lust/Sex,0,0,1,0,0,0,0,0,0,0
1,5.666666666666667,2.6666666666666665,Pop,1,0,0,0,31,0,1,0,1,1,0,0,1,1,0,0,0,4/4,C,157,82,48,79,-8,46,0,0,0,1,1,1,0,0,0,0,0,0,0,0,0,0,0,0,0,0,0,0,0,0,0,0,190,0,0,24,0,0,1,0,1,0,0,1,Lost Love,1,0,0,0,0,0,0,0,0,0
1,6.333333333333333,1.3333333333333333,Rock,0,0,0,0,24,1,1,0,1,1,1,1,1,1,0,0,0,4/4,D,128,89,64,92,-5,12,0,0,1,0,0,0,0,0,0,0,1,0,0,0,0,0,0,0,0,0,0,0,0,0,0,0,307,0,58,30,0,0,0,0,0,0,0,0,Partying;Playing Music;Lust/Sex;Bands,0,0,0,0,0,0,0,0,0,0
2,4.333333333333333,1.3333333333333333,Pop,1,0,0,0,27,0,1,0,2,1,0,0,1,1,0,0,0,4/4,Am,103,46,65,90,-13,50,0,0,1,0,1,1,0,0,0,0,0,0,0,0,0,0,0,0,0,0,0,0,0,0,0,0,167,0,22,14,0,0,1,0,0,0,0,0,Life;Growing Up;Racism,1,0,0,0,0,0,0,0,0,0
1,7,1.3333333333333333,Rock,0,0,0,0,30,1,1,0,1,1,1,1,1,1,0,0,0,4/4,C,136,54,44,40,-6,73,0,0,1,1,1,0,0,0,0,0,0,0,0,0,0,0,0,0,0,0,0,0,0,0,0,0,272,0,78,18,0,0,0,0,0,0,0,0,Lost Love,0,0,0,0,0,0,0,0,0,0
2,9.333333333333334,0.6666666666666666,Funk/Soul,0,0,0,0,29,2,0,1,1,1,0,0,1,1,0,0,0,4/4,Db,91,44,59,43,-10,19,0,0,0,1,1,1,0,0,0,0,0,0,0,0,0,0,0,0,0,0,0,0,0,0,0,0,237,0,14,14,0,0,1,0,1,0,0,1,Dreaming;Failure;Home;Love,0,0,0,0,0,0,0,0,0,0
2,7,1.3333333333333333,Funk/Soul,1,0,0,0,33,1,0,1,2,0,0,0,1,0,0,0,1,4/4,Fm,101,68,47,72,-12,33,0,0,1,1,1,1,0,0,1,0,0,1,0,1,0,0,0,0,0,0,0,0,0,0,0,0,212,0,93,4,0,0,1,0,0,0,0,0,Lust/Sex,0,0,0,0,0,0,0,0,0,0
1,6.333333333333333,0.6666666666666666,Pop,1,0,0,0,33,1,1,0,1,1,1,0,1,1,0,0,0,4/4,E,111,70,62,90,-13,2,0,0,1,0,1,1,0,0,0,0,0,0,0,0,0,0,0,0,0,0,1,0,0,0,0,0,239,0,95,14,0,0,0,0,0,0,0,0,Lost Love,0,0,0,0,0,0,0,0,0,0
2,4.666666666666667,2,Pop,2,0,0,0,23,2,1,0,1,1,1,0,1,1,0,0,0,4/4,Bb,92,34,38,69,-13,81,0,0,1,1,1,0,0,0,0,0,0,0,0,0,0,0,0,0,1,0,0,0,0,0,0,0,179,0,31,16,0,0,0,0,0,0,0,0,Love,0,0,0,0,0,0,0,0,0,0
2,5.666666666666667,1.3333333333333333,Folk/Country,1,0,0,0,41,1,1,0,1,1,0,0,1,1,0,0,1,4/4,G,103,41,57,46,-10,70,0,0,1,1,1,0,0,0,0,0,0,0,0,0,0,0,0,0,1,0,0,0,0,0,0,0,162,0,19,9,0,0,1,0,0,0,1,1,Lost Love,0,0,0,0,0,0,0,0,0,0
2,9.666666666666666,0.6666666666666666,Pop,1,0,0,1,30,1,1,0,1,1,1,1,1,1,0,0,0,3/4,Multiple Keys,134,26,54,63,-12,85,0,0,1,0,0,0,0,0,0,0,0,0,0,0,0,0,0,0,0,0,0,0,0,0,0,0,147,0,65,10,0,0,0,0,0,0,0,0,Time;Love,0,0,0,0,0,0,0,0,0,0
1,7.666666666666667,1.3333333333333333,Rock,0,0,0,0,30,1,1,0,1,2,1,0,1,1,1,1,1,4/4,F,165,34,42,72,-13,45,0,0,1,0,0,0,0,0,0,0,0,0,0,0,0,0,0,0,0,0,0,0,0,0,0,0,217,0,58,2,0,0,1,0,0,0,0,0,Lust/Sex,0,0,0,0,0,0,0,0,0,0
1,5.333333333333333,1.3333333333333333,Funk/Soul,1,0,0,0,34,1,0,1,1,1,0,0,1,1,0,0,1,4/4,D,89,42,37,93,-11,30,0,1,1,1,1,1,0,0,0,0,0,1,0,0,0,0,0,0,0,0,0,0,0,0,0,0,207,0,44,23,0,0,1,0,1,0,0,1,Love;Longing for Love,0,0,0,0,0,0,0,0,0,0
1,3.3333333333333335,2,Rock,1,0,0,0,33,1,1,0,1,1,0,0,1,1,0,0,0,4/4,Ab,124,63,67,86,-13,4,0,0,0,1,0,0,0,0,0,0,0,0,0,1,0,0,1,0,0,0,0,0,0,0,0,0,169,0,47,7,0,0,1,0,1,0,0,1,Lust/Sex,0,0,0,0,0,0,0,0,0,0
3,5.666666666666667,0.6666666666666666,Pop,1,0,0,0,31,0,1,0,2,1,0,0,1,1,0,0,0,4/4,A,138,32,26,17,-12,88,0,0,0,1,1,1,0,0,0,0,0,0,0,0,0,0,0,0,0,0,0,0,0,0,0,0,211,0,76,34,0,0,0,0,0,0,0,0,Lost Love,0,0,0,0,0,1,0,0,0,0
3,3,1.3333333333333333,Pop,1,0,0,0,29,1,1,0,1,1,0,0,1,1,1,1,0,4/4,Multiple Keys,99,61,68,82,-8,78,0,0,1,1,1,0,0,0,0,0,0,0,0,0,0,0,0,0,0,0,0,0,0,0,0,0,186,0,6,6,0,0,1,0,1,0,0,1,Death;Time,0,0,0,0,0,0,0,0,0,0
1,4.333333333333333,0.6666666666666666,Pop,1,0,0,0,27,0,1,0,1,1,0,0,1,1,0,0,0,4/4,Cm,147,41,53,44,-15,49,0,0,1,0,1,0,0,0,0,0,0,0,0,1,0,0,0,0,0,0,0,0,0,0,0,0,209,0,41,19,0,0,1,0,0,0,0,0,Murder;Death;Infidelity,1,0,0,0,0,0,0,0,0,0
1,6.333333333333333,0.6666666666666666,Folk/Country,1,0,0,0,30,1,1,0,1,1,1,0,1,1,0,0,0,4/4,Bb,147,17,32,26,-14,92,0,0,1,0,1,1,0,0,0,0,0,0,0,0,0,0,0,0,0,0,0,0,0,0,0,0,208,0,50,7,0,0,0,0,0,0,0,0,Hope;Friendship,0,0,0,0,0,0,0,0,0,0
1,6,2.6666666666666665,Rock,0,0,0,0,26,1,1,0,1,1,0,0,1,1,0,0,0,4/4,Ab,118,67,55,90,-11,30,0,0,1,0,0,1,0,0,0,0,0,0,0,1,0,0,0,0,0,0,0,0,0,0,0,0,173,0,21,9,0,0,1,0,1,0,0,1,Lust/Sex;Love,0,0,0,0,0,0,0,0,0,0
1,7.333333333333333,2.6666666666666665,Funk/Soul;Rock,1,0,0,0,27,1,1,0,1,1,1,0,1,1,0,0,0,4/4,C,132,72,66,75,-7,30,0,0,0,1,0,0,0,0,0,0,0,1,0,1,0,0,0,0,0,0,0,0,0,0,0,0,323,0,125,27,0,0,1,0,0,0,0,0,Bands,0,0,0,0,0,0,0,0,0,0
2,5.333333333333333,1.3333333333333333,Rock,0,1,0,0,24.333333333333332,1,1,0,2,1,0,0,1,1,0,0,0,4/4,D,125,95,48,28,-4,37,0,0,1,0,0,0,0,0,0,0,0,0,0,1,0,0,0,0,0,0,0,0,0,0,0,0,167,0,33,3,0,0,1,0,1,0,0,1,Dancing,0,0,0,0,0,0,0,1,1,0
3,1,0,Folk/Country,1,0,0,0,35,1,1,0,1,1,1,1,1,1,1,1,1,Free;4/4,C,120,52,69,79,-14,65,0,0,0,0,0,0,0,1,0,0,0,0,0,0,0,0,0,0,0,0,0,0,0,0,0,0,198,0,0,26,1,1,0,0,0,0,0,0,Nudity,1,1,0,0,0,0,0,0,0,0
1,8.333333333333334,1.3333333333333333,Rock,0,0,0,0,31,2,1,0,2,1,1,1,1,1,1,1,1,4/4,G,125,60,48,67,-9,8,0,0,1,0,1,1,0,0,0,0,0,0,0,1,0,0,0,0,0,0,0,0,0,0,0,0,309,0,114,37,0,0,0,0,0,0,0,0,Escape;Bands,1,0,0,0,0,0,0,0,0,0
1,8.333333333333334,0.6666666666666666,Rock,1,0,0,0,35,1,1,0,1,1,1,1,1,1,0,0,0,4/4,Gb,106,43,79,75,-15,33,0,0,1,0,0,0,0,0,0,0,0,0,0,0,0,0,0,0,0,0,0,0,0,0,0,0,213,0,81,18,0,0,1,0,0,0,0,0,Lost Love,0,0,0,0,0,0,0,0,0,0
1,7,0,Funk/Soul,0,1,0,0,30,2,0,1,1,1,0,0,1,1,0,0,0,4/4;7/4,Eb,107,58,60,88,-10,26,0,0,1,1,1,1,0,0,0,0,0,0,0,0,0,0,0,0,0,0,0,0,0,0,0,0,203,0,52,8,0,0,1,0,0,0,0,0,Love,0,0,0,0,0,0,0,0,0,0
2,8,1.3333333333333333,Funk/Soul,1,0,0,0,29,1,0,1,1,1,0,0,1,1,0,0,1,4/4,Eb,104,66,61,94,-13,28,0,0,1,1,0,0,0,0,0,0,0,0,0,0,0,0,0,0,0,0,0,0,0,0,0,0,199,0,78,40,0,0,1,0,0,0,0,0,Lust/Sex,0,0,0,0,0,0,0,0,0,0
2,6.666666666666667,2,Folk/Country,1,0,0,0,30,1,1,0,1,1,1,1,1,1,0,0,0,3/4,D,146,31,30,46,-11,87,0,0,1,0,1,1,0,0,0,0,0,0,1,0,0,0,0,1,0,0,0,0,0,0,0,0,181,0,33,9,0,0,1,0,0,0,0,0,Love,0,0,0,0,0,0,0,0,0,0
1,6.333333333333333,1.3333333333333333,Funk/Soul,1,0,0,0,37,0,0,1,1,0,0,0,0,0,1,1,0,4/4,Eb,94,26,68,69,-22,83,0,1,1,1,0,0,0,0,0,0,0,0,0,0,0,0,0,0,0,0,0,0,0,0,0,0,175,0,24,1,0,0,1,0,0,0,0,0,Lust/Sex,0,0,1,0,0,0,0,0,0,0
1,4.333333333333333,0.6666666666666666,Rock,0,0,0,0,26,1,1,0,1,1,0,0,1,1,0,0,1,4/4,C,107,45,77,81,-12,35,0,0,1,1,0,0,0,0,0,0,0,0,0,1,0,0,0,0,0,0,0,0,0,0,0,0,203,0,24,28,1,0,1,0,0,0,0,0,Murder;Death,1,1,0,0,0,0,0,0,0,0
3,2,2,Pop,2,1,0,0,32.5,2,2,2,1,1,1,1,1,1,0,0,0,4/4,C,75,59,60,69,-9,55,0,0,1,1,1,1,0,0,0,0,0,0,0,0,0,0,0,0,0,0,0,0,0,0,0,0,156,0,12,12,0,0,1,0,0,0,0,0,Child Birth;Family;Love,0,0,0,0,0,0,0,0,0,0
1,4.333333333333333,1.3333333333333333,Reggae,1,0,0,0,29,1,1,0,1,0,0,0,1,1,0,0,0,4/4,Gm,94,57,73,69,-14,11,0,0,1,1,0,0,0,0,0,0,0,0,0,0,0,0,0,0,0,0,0,0,0,0,0,0,210,0,59,0,0,0,1,0,1,0,0,1,Murder,1,0,0,0,0,0,0,0,0,0
1,8,0,Funk/Soul,1,0,0,0,30,1,0,1,1,0,1,1,1,0,1,1,1,4/4,F,111,83,80,75,-7,12,0,0,1,0,1,1,0,0,0,0,0,0,0,0,0,0,0,0,0,0,0,0,0,0,0,0,229,0,43,37,1,0,1,0,0,0,0,0,Lust/Sex,0,0,1,0,0,0,0,0,0,0
1,8,1.3333333333333333,Pop,1,0,0,0,27,1,1,0,1,1,1,1,1,1,1,1,1,4/4,C,123,70,72,78,-8,23,0,0,1,1,0,0,0,0,0,0,0,1,0,0,0,0,0,0,0,0,0,0,0,0,0,0,208,0,43,17,0,0,1,0,0,0,0,0,Lust/Sex,0,0,0,0,0,0,0,0,0,0
2,4.666666666666667,1.3333333333333333,Pop,1,0,0,0,26,0,1,0,1,1,0,0,1,1,0,0,0,4/4,Bb,135,11,36,15,-15,96,0,0,0,1,1,0,0,0,0,0,0,0,0,0,0,0,0,0,0,0,0,0,0,0,0,0,221,0,72,22,0,0,0,0,0,0,0,0,Love;Forbidden Love,0,0,0,0,0,0,0,0,0,0
1,6,1.3333333333333333,Funk/Soul,1,0,0,0,28,1,0,1,1,0,1,0,1,0,1,1,1,4/4,C,103,71,81,92,-8,58,0,0,0,1,0,1,0,1,0,0,0,0,0,0,0,0,0,0,0,0,0,0,0,0,0,0,158,0,79,15,0,0,1,0,0,0,1,1,Lust/Sex,0,0,0,0,0,0,0,0,0,0
1,6.666666666666667,0.6666666666666666,Funk/Soul,0,1,0,0,33,2,0,1,1,0,0,0,1,0,0,0,0,4/4,F,116,59,84,80,-12,51,0,0,0,1,1,1,0,0,0,0,0,0,0,0,0,0,0,0,0,0,0,1,0,0,0,0,239,0,60,18,0,0,1,0,0,0,0,0,Love,0,0,0,0,0,0,0,0,0,0
1,7.666666666666667,2.6666666666666665,Funk/Soul,1,0,0,0,24,1,0,1,1,0,1,1,1,2,1,0,1,4/4,Ebm,101,63,75,82,-10,29,0,0,0,1,0,1,0,0,0,0,0,0,0,0,0,0,0,0,0,0,0,0,0,0,0,0,203,0,67,28,0,0,1,0,0,0,0,0,Anger,0,0,0,0,0,0,0,0,0,0
1,7.333333333333333,2.6666666666666665,Rock,0,0,0,0,31,1,1,0,1,1,1,1,1,1,1,1,1,4/4,A,120,53,51,79,-12,0,0,0,1,0,0,0,0,0,0,0,1,0,0,0,0,0,0,0,0,0,0,0,0,0,0,0,218,0,77,17,0,0,1,0,0,0,0,0,Lust/Sex,1,0,0,0,0,0,0,0,0,0
1,6.666666666666667,1.3333333333333333,Rock,1,0,0,0,34,1,1,0,1,1,1,1,1,1,1,1,1,4/4,D,126,79,57,77,-11,56,0,0,1,1,0,1,0,0,0,0,0,0,0,1,0,0,0,0,0,0,1,0,0,0,0,0,206,0,101,14,0,0,1,0,0,0,0,0,Hope;Faithfulness,0,0,0,0,0,0,0,0,0,0
2,5,1.3333333333333333,Pop,1,0,0,0,32,1,1,0,1,1,1,1,1,1,0,0,0,4/4,C,125,68,47,53,-9,51,0,0,1,1,0,0,0,0,0,0,0,0,0,1,0,0,0,0,0,0,0,0,0,0,0,0,178,0,83,19,0,0,0,0,0,0,0,0,Lust/Sex,0,0,0,0,0,0,0,0,0,0
2,4,1.3333333333333333,Funk/Soul,1,0,0,0,32,1,0,1,1,0,1,1,1,0,0,0,0,Free;4/4,D,102,67,60,59,-10,4,0,0,1,0,1,1,0,0,0,0,0,0,0,0,0,0,0,0,0,0,0,0,0,0,0,0,195,0,0,26,1,1,1,0,0,0,1,1,Fighting,0,0,0,0,0,0,0,0,0,0
1,8.333333333333334,0.6666666666666666,Rock,1,0,0,0,32,1,1,0,2,1,1,0,1,1,0,0,0,4/4;2/4,F,78,48,46,51,-13,46,0,0,1,0,1,0,0,0,0,0,0,0,0,0,0,0,0,0,0,0,0,0,0,0,0,0,212,0,59,13,0,0,0,0,0,0,0,0,Growing Up;Childhood;Bad Relationships,1,0,0,0,0,0,0,0,0,0
1,6.333333333333333,1.3333333333333333,Pop,1,0,0,0,33,0,1,0,1,1,0,0,1,1,0,0,0,4/4,Gm,80,34,56,60,-16,48,0,0,1,0,1,0,0,0,0,0,0,0,0,0,0,0,0,0,0,0,0,0,0,0,0,0,211,0,64,7,0,0,1,0,0,0,0,0,Lust/Sex;Dancing;Escape,1,0,0,0,0,0,0,0,0,0
2,4,0,Rock,1,0,0,0,27,1,1,0,1,1,0,0,1,1,0,0,0,3/4;4/4,Multiple Keys,164,57,39,54,-8,9,0,0,1,1,0,1,0,0,0,0,0,0,0,0,0,0,0,0,0,0,0,1,0,0,0,0,354,0,81,26,0,0,1,0,1,0,0,1,Love;Appreciation,0,0,0,0,0,0,0,0,0,0
1,4.333333333333333,2,Pop,1,0,0,0,31,1,1,0,1,1,0,0,1,1,1,0,0,4/4,Bb,104,46,31,32,-9,42,0,0,0,1,1,1,0,0,0,0,0,0,0,0,0,0,0,0,0,0,0,0,0,0,0,0,195,0,66,18,0,0,1,0,1,0,0,1,Lost Love,0,0,0,0,0,0,0,0,0,0
1,1.6666666666666667,0.6666666666666666,Pop,2,1,0,0,24,2,1,0,1,0,0,0,2,1,1,1,0,4/4,A,133,55,66,96,-12,14,0,0,1,0,1,1,0,0,0,0,0,0,0,1,0,0,0,0,0,0,1,0,0,0,0,0,172,0,62,10,1,0,1,0,1,0,0,1,Lost Love;Love,0,0,0,0,0,0,0,0,1,0
1,2.6666666666666665,1.3333333333333333,Pop,1,0,0,0,35,1,1,0,1,1,1,0,1,1,1,0,1,4/4,F,101,63,51,95,-9,36,0,0,0,1,1,1,0,0,0,0,0,0,0,0,0,0,0,0,0,0,1,0,0,0,0,0,170,0,35,11,0,0,1,0,0,0,0,0,Love,0,0,0,0,0,0,0,0,0,0
1,7,1.3333333333333333,Rock,1,0,0,0,28,0,1,0,1,1,0,0,1,1,0,0,0,4/4,Bbm,105,52,67,63,-10,25,0,0,1,1,1,0,0,0,0,0,0,0,0,1,0,0,0,0,0,0,0,0,0,0,0,0,224,0,110,10,0,0,1,0,1,0,0,1,Bad Relationships;Lost Love;Longing for Love;Regret,0,0,0,0,0,0,0,0,0,0
1,5.333333333333333,0.6666666666666666,Rock,0,0,0,0,27,1,1,0,1,1,1,0,1,1,0,0,0,4/4,C,90,38,40,74,-12,65,0,0,1,0,0,0,0,0,0,0,0,0,0,0,0,0,0,0,1,0,0,0,0,0,0,0,330,0,30,22,0,0,1,0,0,0,0,0,Lost Love,0,0,0,0,0,0,0,0,0,0
1,3,1.3333333333333333,Pop,1,0,0,0,26,0,1,0,1,1,0,0,1,1,0,0,1,4/4,C,122,32,54,42,-14,57,0,0,1,1,1,0,0,0,0,0,0,0,0,0,0,0,0,0,0,0,0,0,0,0,0,0,210,0,50,18,0,0,0,0,0,0,0,0,Calming Down,0,0,0,0,0,0,0,0,0,0
1,7.666666666666667,2,Rock;Folk/Country,0,0,0,0,26,1,2,2,1,1,1,1,1,1,0,0,0,4/4,D,168,31,54,65,-18,33,0,0,1,0,1,0,0,0,0,0,0,0,0,0,0,0,0,0,0,0,0,0,0,0,0,0,255,0,70,18,0,0,1,0,0,0,0,0,Dancing;Partying,0,0,0,0,0,0,0,0,0,0
1,5.666666666666667,0.6666666666666666,Pop,1,0,0,0,41,1,1,0,1,1,0,0,1,1,0,0,1,4/4,D,138,50,46,39,-10,24,0,0,1,0,1,0,0,0,0,0,0,0,0,0,1,0,0,0,0,0,0,0,0,0,0,0,212,0,18,14,0,0,1,0,0,0,0,0,Lost Love;Love;Growing Up,0,0,0,0,0,0,0,0,0,0
1,7,2,Funk/Soul,0,1,0,0,30,0,0,1,1,1,0,0,2,2,0,0,0,4/4,Dm,118,65,57,95,-11,55,0,1,0,1,0,1,0,0,0,0,0,0,0,0,0,0,0,0,0,0,0,0,0,0,0,0,236,0,30,8,0,0,1,0,1,0,0,1,Lust/Sex,0,0,0,1,0,0,0,0,1,0
1,4.666666666666667,2.6666666666666665,Pop,1,0,0,0,27,0,0,1,2,0,1,0,1,2,0,0,1,4/4,A,101,21,39,31,-12,90,0,0,1,1,1,0,0,0,0,0,0,1,0,0,0,0,0,0,0,0,0,0,0,0,0,0,204,0,17,17,0,0,1,0,0,0,0,0,Love,0,0,0,0,0,0,0,0,0,0
2,6.666666666666667,1.3333333333333333,Rock,1,0,0,0,28,1,1,0,1,1,1,0,1,1,0,0,0,4/4,A,125,68,71,81,-6,4,0,1,1,0,1,1,0,0,0,0,0,0,1,0,0,0,0,0,0,0,0,0,1,0,0,0,325,0,68,15,0,0,0,0,0,0,0,0,Appreciation;Love,0,0,0,0,0,0,0,0,0,0
1,5.333333333333333,0.6666666666666666,Folk/Country,1,0,0,0,32,1,1,0,1,1,0,0,1,1,0,0,1,Free;4/4,E,125,53,64,70,-11,74,0,0,1,0,1,1,0,0,0,0,0,0,0,0,0,0,0,0,0,0,0,0,0,0,0,0,206,0,27,21,1,1,1,0,0,0,0,0,Lost Love,0,0,0,0,0,0,0,0,0,0
3,3.3333333333333335,1.3333333333333333,Pop,0,1,0,0,31,2,2,2,1,0,0,0,1,1,0,0,0,4/4,A,119,55,64,81,-12,29,0,0,1,1,1,1,0,0,0,0,0,0,0,0,0,0,0,0,1,0,0,0,0,0,0,0,219,0,35,14,0,0,1,0,1,0,0,1,Longing for Love,0,0,0,0,0,0,0,0,0,0
1,9,0,Funk/Soul,0,1,0,0,34,1,0,1,1,0,1,1,1,0,1,0,1,4/4,Em,103,69,68,80,-13,67,0,0,1,1,0,1,0,0,0,0,0,1,0,0,0,0,0,0,0,0,0,0,0,0,0,0,170,0,67,19,0,0,0,0,0,0,0,0,Dreaming;Empowerment,0,0,0,0,0,0,0,0,0,0
1,7.333333333333333,4,Folk/Country,1,0,0,0,37,1,0,0,2,1,0,0,1,1,0,0,0,4/4,Bb,92,29,77,69,-9,88,0,0,1,0,0,0,0,0,0,0,0,0,0,0,0,0,0,0,0,0,0,0,0,0,0,0,153,0,26,10,0,0,0,0,1,0,0,1,Longing for Love,0,0,0,1,0,0,0,0,0,0
1,5,2.6666666666666665,Folk/Country,1,0,0,0,31,1,1,0,1,1,0,0,1,1,0,0,0,2/4;3/4,A,101,88,62,78,-9,61,0,0,1,0,1,0,0,0,0,0,0,0,0,1,0,0,0,0,0,0,0,0,0,0,1,0,167,0,41,4,0,0,0,1,0,0,0,0,Appreciation;Growing Up;Family,0,0,0,0,0,0,0,0,0,0
1,7,2.6666666666666665,Rock,0,0,0,0,23,1,1,0,1,1,1,1,1,1,0,0,0,4/4,E,135,55,44,72,-12,13,0,0,1,0,0,0,0,0,0,0,0,0,0,0,0,0,0,0,0,0,0,0,0,0,0,0,200,0,84,18,0,0,0,0,0,0,0,0,Love;Restlessness,0,0,1,0,0,0,0,0,0,0
4,4.666666666666667,2.6666666666666665,Pop,2,0,0,0,33.5,2,1,0,1,1,0,0,1,1,1,1,0,4/4,B,130,78,63,93,-4,37,0,0,0,1,0,0,0,0,0,0,0,0,0,1,0,0,0,0,0,0,0,0,0,0,0,0,205,0,60,8,0,0,1,0,1,0,0,1,Love,0,0,0,0,0,0,0,0,0,0
1,5,2,Pop,0,0,0,0,33,2,1,0,2,1,1,1,1,1,1,1,1,4/4,G,113,67,49,59,-7,11,0,0,1,0,0,1,0,0,0,0,0,1,0,0,0,0,0,0,0,0,1,0,0,0,0,0,235,0,107,19,0,0,0,0,0,0,0,0,Love,0,0,0,0,0,0,0,0,0,0
1,7.666666666666667,4,Rock,0,1,0,0,28,1,1,0,1,1,1,1,1,1,0,0,0,4/4,G,110,58,70,82,-12,6,0,0,1,0,0,0,0,0,0,0,0,1,0,0,0,0,0,0,0,0,0,0,0,0,0,0,214,0,58,17,0,0,1,0,0,0,0,0,Hope;Love;Lust/Sex,0,0,0,0,0,0,0,0,0,0
2,7.666666666666667,0.6666666666666666,Funk/Soul,0,0,0,0,27.333333333333332,1,1,0,1,1,1,1,1,1,0,0,0,4/4,C,106,57,81,70,-13,17,0,0,1,1,0,0,0,0,0,0,1,1,0,1,0,0,0,0,0,0,0,0,0,0,0,0,213,0,68,24,0,0,1,0,0,0,0,0,Bad Relationships;Love,0,0,0,0,0,0,0,0,0,0
1,4.333333333333333,0.6666666666666666,Pop,0,0,0,0,29,1,1,0,2,1,1,0,1,1,0,0,0,4/4,Gbm,87,41,58,71,-15,29,0,0,1,0,1,0,0,0,0,0,0,0,0,0,0,0,0,0,0,0,0,0,0,0,0,0,194,0,63,12,0,0,1,0,0,0,0,0,Lust/Sex;Love,0,0,0,0,0,0,0,0,0,0
1,8,0,Funk/Soul,0,0,0,0,24,1,2,2,1,1,1,1,1,1,1,1,1,4/4,Bb,113,86,67,90,-10,9,0,1,1,0,0,1,0,0,0,0,0,0,0,0,0,0,0,0,0,0,0,0,0,0,0,0,192,0,51,17,0,0,1,0,0,0,0,0,Lust/Sex,0,0,0,0,0,0,0,0,0,0
2,7,1.3333333333333333,Rock,1,0,0,0,39,1,1,0,1,1,0,0,1,1,0,0,0,4/4,C,115,63,64,65,-8,10,0,0,1,0,1,0,0,0,0,0,0,0,0,0,0,0,0,0,0,0,0,0,0,0,0,0,194,0,22,8,0,0,1,0,1,0,0,1,Dreaming,0,0,0,0,0,0,0,0,0,0
2,9.666666666666666,0.6666666666666666,Funk/Soul,1,0,0,0,28,1,1,0,1,2,1,0,1,1,1,0,1,4/4,Bbm,95,42,77,74,-15,54,0,0,1,0,0,0,0,0,0,0,0,1,0,0,0,0,0,0,0,0,0,0,0,0,0,0,214,0,119,44,0,0,1,0,0,0,0,0,Fame,0,0,0,0,0,0,0,0,0,0
1,3.6666666666666665,0.6666666666666666,Pop,1,0,0,0,31,1,1,0,1,1,1,1,1,1,0,0,0,4/4,G,128,24,45,53,-15,89,0,0,1,0,1,0,0,0,0,0,0,0,0,0,0,0,0,0,0,0,0,0,0,0,0,0,212,0,59,7,0,0,0,0,0,0,0,0,Lost Love,0,0,0,0,0,0,0,0,0,0
3,5.666666666666667,0.6666666666666666,Rock,1,0,0,0,36,1,1,0,1,1,1,0,1,1,1,0,1,4/4,A,149,75,74,84,-8,20,0,0,1,0,0,1,0,0,0,0,0,0,1,0,0,0,0,0,0,0,0,0,0,0,0,0,189,0,23,13,0,0,0,0,0,0,1,1,Lost Love;Bad Relationships,0,0,1,0,0,0,0,0,0,0
3,3.3333333333333335,0.6666666666666666,Rock,1,0,0,0,28,1,1,0,1,1,1,0,1,1,0,0,0,4/4,Bb,140,94,72,38,-6,14,0,0,1,1,0,0,0,0,0,0,0,1,0,0,0,0,0,0,0,0,0,0,0,0,0,0,225,0,57,7,0,0,0,0,0,0,0,0,Prostitution,0,0,0,0,0,0,0,0,0,0
2,7,1.3333333333333333,Funk/Soul,0,0,0,0,24,1,2,2,1,1,1,1,1,1,1,1,1,4/4,Fm,109,88,68,92,-10,19,0,1,1,0,0,1,0,0,0,0,0,0,0,0,0,0,0,0,0,0,0,0,0,0,0,0,185,0,34,17,0,0,1,0,0,0,0,0,Lust/Sex,0,0,0,0,0,0,0,0,0,0
1,7.666666666666667,1.3333333333333333,Funk/Soul,0,1,0,0,36,2,0,1,1,0,0,0,1,0,0,0,1,4/4,E,80,52,64,82,-11,39,0,0,1,0,1,0,0,0,0,0,0,0,0,1,0,0,0,0,0,0,0,0,0,0,0,0,294,0,83,27,0,0,1,0,0,0,0,0,Lust/Sex,0,0,1,0,0,1,0,0,0,0
1,6.333333333333333,0.6666666666666666,Rock,0,0,0,0,20,1,1,0,1,1,0,0,1,1,0,0,1,4/4,G,137,68,51,91,-10,20,0,0,1,0,0,0,0,0,0,0,0,0,0,1,0,0,0,0,0,0,0,0,0,0,0,0,174,0,0,15,1,0,1,0,0,0,0,0,Dancing;Escape;Love,0,0,0,0,0,0,0,0,0,0
1,3.3333333333333335,3.3333333333333335,Pop,1,0,0,0,47,1,1,0,1,1,1,0,1,1,0,0,1,4/4,F,112,54,68,80,-15,86,0,0,1,1,1,0,0,1,0,0,0,0,0,0,0,0,0,0,0,0,0,0,0,0,0,0,231,0,10,30,1,0,1,0,0,0,0,0,Anger;Driving,1,1,0,0,0,0,0,0,0,0
1,4,0,Pop,1,0,0,0,32,1,1,0,1,1,0,0,1,1,1,0,0,4/4,F,143,44,27,32,-7,81,0,0,0,1,1,1,0,0,0,0,0,0,0,0,0,0,0,0,0,0,0,0,1,0,0,0,235,0,48,18,0,0,1,0,1,0,0,1,God,0,0,0,0,0,0,0,0,0,0
1,6,1.3333333333333333,Pop,1,0,0,0,31,0,0,1,1,1,0,0,1,1,0,0,1,4/4,Multiple Keys,140,42,35,28,-11,59,0,0,1,1,1,1,0,0,0,0,0,0,0,0,0,0,0,0,0,0,0,0,0,0,0,0,204,0,78,15,0,0,0,0,1,0,0,1,Life;Hope,0,0,0,0,0,1,0,0,0,0
3,8.333333333333334,0.6666666666666666,Pop,1,0,0,0,34,1,1,0,1,1,1,1,1,1,1,0,1,4/4,G,102,37,81,29,-13,17,0,0,1,0,0,0,0,0,0,0,0,0,0,0,0,0,0,0,0,0,0,0,0,0,0,0,217,0,56,33,0,0,1,0,0,0,0,0,Lost Love,1,0,0,0,0,0,0,0,0,0
1,5,1.3333333333333333,Funk/Soul,0,0,0,0,25,1,0,1,1,0,1,1,1,0,1,0,1,4/4,Multiple Keys,144,83,74,82,-12,6,0,1,0,1,1,1,0,0,0,0,0,1,0,0,0,0,0,0,0,0,0,0,0,0,0,0,181,0,9,9,0,0,1,0,0,0,0,0,Lust/Sex,0,0,0,0,0,0,0,0,0,0
3,8.333333333333334,0.6666666666666666,Funk/Soul,0,1,0,0,41,1,1,0,2,1,1,0,1,1,1,1,1,4/4,Db,104,50,74,97,-13,6,0,0,1,1,0,1,0,0,0,0,0,1,0,0,0,0,0,0,0,0,0,0,0,0,0,0,197,0,58,15,0,0,1,0,0,0,0,0,Lust/Sex,0,0,0,0,0,0,0,0,0,0
4,6.333333333333333,0.6666666666666666,Funk/Soul,1,0,0,0,41,1,0,1,1,0,0,0,1,0,0,0,1,4/4,D,104,79,72,85,-8,6,0,0,1,1,0,1,0,0,0,0,0,0,0,1,0,0,0,0,0,0,0,0,0,0,0,0,267,0,89,29,0,0,1,0,0,0,0,0,Dancing;Lust/Sex,0,0,0,0,0,0,0,0,0,0
1,7,1.3333333333333333,Rock,2,0,0,0,27.5,1,1,0,1,1,0,0,1,1,0,0,0,4/4,Eb,109,55,68,95,-15,6,0,0,1,0,0,0,0,0,0,0,0,0,0,0,0,0,0,0,0,0,0,0,0,0,0,0,199,0,31,9,0,0,1,0,1,0,0,1,Love,0,0,0,0,0,0,0,0,0,0
1,5,2,Pop,1,0,0,0,32,1,1,0,1,1,1,1,1,1,1,0,1,4/4,D,111,37,75,90,-13,41,0,0,1,0,0,0,0,0,0,0,0,0,0,1,1,0,0,0,0,0,0,0,0,0,0,0,171,0,23,9,0,0,0,0,0,0,0,0,Friendship;Home,0,0,0,0,0,0,1,0,0,0
1,6.666666666666667,2,Funk/Soul,0,0,0,0,19.11111111111111,2,0,1,1,0,0,0,1,0,0,0,1,4/4,Multiple Keys,133,82,92,97,-8,17,0,0,1,0,0,1,0,0,0,0,0,0,0,0,0,0,0,0,0,0,0,0,0,0,0,0,201,0,37,22,0,0,1,0,0,0,0,0,Dancing;Love,1,0,0,0,0,0,0,0,0,0
5,6.666666666666667,2.6666666666666665,Pop,0,1,0,0,33,2,1,0,2,1,1,1,1,1,1,1,1,4/4,C,125,34,74,82,-16,18,0,1,0,1,1,1,0,0,0,0,0,0,0,0,0,0,0,0,0,0,1,0,0,0,0,0,352,0,91,22,0,0,0,0,0,0,0,0,Love,0,0,0,0,0,0,0,0,0,0
2,7.666666666666667,2.6666666666666665,Funk/Soul,1,0,0,0,32,0,0,1,0,2,0,0,1,0,0,0,0,4/4,Ebm,112,76,50,86,-10,31,0,1,1,0,1,0,0,0,0,0,0,0,0,0,0,0,0,0,0,0,0,0,0,0,0,0,229,0,87,22,0,0,1,0,0,0,0,0,Love;Lust/Sex,0,0,0,0,0,0,0,0,0,0
2,5.333333333333333,0.6666666666666666,Rock,0,1,0,0,30.5,2,2,0,1,1,1,1,1,1,0,0,0,4/4,F,147,44,49,79,-12,49,0,0,1,0,1,0,0,0,0,0,0,0,0,0,0,0,0,0,1,0,0,0,0,0,0,0,191,0,41,13,0,0,0,0,0,0,0,0,Lust/Sex,0,0,1,0,0,0,0,0,0,0
2,8.333333333333334,0.6666666666666666,Funk/Soul,0,1,0,0,24,1,0,1,1,0,1,1,1,0,1,1,1,4/4,Bb,129,42,64,58,-10,56,0,0,1,0,1,0,0,0,0,0,0,0,0,0,0,0,0,0,0,0,0,0,0,0,0,0,209,0,10,64,1,0,0,0,0,0,0,0,Forbidden Love;Infidelity;Lust/Sex;Lost Love,0,1,0,0,0,0,0,0,0,0
4,6.666666666666667,1.3333333333333333,Pop,2,1,0,0,29,2,1,0,1,1,1,0,1,1,0,0,0,4/4,F,131,86,74,78,-8,18,0,0,1,1,1,0,0,0,0,0,0,1,0,0,0,0,0,0,0,0,0,0,0,0,0,0,271,0,69,14,0,0,1,0,0,0,0,0,Love,0,0,0,0,0,0,0,0,0,0
1,8.333333333333334,0.6666666666666666,Funk/Soul,0,0,0,0,30,1,1,0,1,1,1,1,1,1,1,0,1,4/4,Gm,123,72,68,96,-11,2,0,1,1,0,0,1,0,0,0,0,0,1,0,0,0,0,0,0,0,0,0,0,0,0,0,0,256,0,47,15,0,0,1,0,0,0,0,0,Dancing;Lust/Sex,0,0,0,0,0,0,0,0,0,0
1,5.333333333333333,1.3333333333333333,Funk/Soul,0,0,0,0,25,1,2,2,1,1,1,1,1,1,1,1,1,4/4,Cm,112,82,65,96,-12,1,0,0,1,1,0,1,0,0,0,0,0,0,0,0,0,0,0,0,0,0,0,0,0,0,0,0,187,0,45,17,0,0,1,0,0,0,0,0,Dancing,0,0,0,0,0,0,0,0,0,0
3,8,1.3333333333333333,Funk/Soul,0,0,0,0,25,1,1,0,1,1,1,1,1,1,1,1,1,4/4,Em,109,73,79,90,-10,7,0,1,1,0,0,1,0,0,0,0,0,0,0,1,0,0,0,0,0,0,0,0,0,0,0,0,191,0,44,17,0,0,1,0,0,0,0,0,Dancing;Playing Music;Partying,1,0,0,0,0,0,0,0,0,0
1,1.6666666666666667,1.3333333333333333,Funk/Soul,0,0,0,0,26,1,1,0,1,1,1,1,1,1,0,0,0,4/4,A,117,45,81,97,-15,13,0,0,1,0,1,1,0,0,0,0,0,0,0,0,0,0,0,0,0,0,0,0,0,0,0,0,199,0,30,18,0,0,1,0,0,0,0,0,Dancing,1,1,0,0,0,0,0,1,0,0
2,4.666666666666667,1.3333333333333333,Rock,0,0,0,0,32,1,1,0,1,1,1,1,1,1,0,0,0,4/4,B,104,56,43,28,-7,2,0,0,1,0,1,1,0,0,0,0,0,1,0,0,0,0,0,0,0,0,0,0,0,0,0,0,235,0,56,8,0,0,1,0,0,0,0,0,Love;Lost Love,0,0,0,0,0,0,0,0,0,0
1,7,1.3333333333333333,Rock,0,0,0,0,33,1,1,0,1,1,1,1,1,1,1,1,1,4/4,E,122,58,69,89,-11,30,0,0,1,0,0,0,0,0,0,0,0,0,0,0,0,0,0,0,0,0,0,0,0,0,0,0,187,0,44,27,0,0,1,0,0,0,1,1,Lust/Sex,0,0,0,0,0,0,0,0,0,0
8,6,1.3333333333333333,Rock,1,0,0,0,31,1,1,0,1,1,1,1,1,1,0,0,0,4/4,Multiple Keys,135,61,57,64,-11,10,0,0,1,1,1,1,0,0,0,0,0,0,0,0,0,0,0,0,0,0,1,0,0,0,0,0,213,0,75,17,0,0,1,0,0,0,0,0,Lust/Sex,0,0,0,0,0,0,0,0,0,0
1,6,1.3333333333333333,Funk/Soul;Pop,2,1,0,0,35.5,2,1,0,1,0,0,0,1,0,0,0,0,4/4,E,100,56,47,92,-8,31,0,0,1,1,1,1,0,0,0,0,0,0,1,0,0,0,0,0,0,0,0,0,0,0,0,0,209,0,65,39,0,0,1,0,0,0,0,0,Love,0,0,0,0,0,0,0,0,0,0
1,4,2.6666666666666665,Funk/Soul,1,0,0,0,28,1,1,0,1,1,1,0,1,1,0,0,0,4/4,Multiple Keys,96,55,76,83,-12,7,0,0,1,0,1,0,0,0,0,0,0,1,0,0,0,0,0,0,0,0,0,0,0,0,0,0,173,0,31,16,0,0,1,0,0,0,0,0,Dancing;Love,0,0,0,0,0,0,0,0,0,0
1,9,1.3333333333333333,Funk/Soul,1,0,0,0,26,1,0,1,1,0,1,1,1,0,1,1,1,4/4,Ebm,106,71,85,95,-9,14,0,0,1,1,0,1,0,0,0,0,0,0,0,1,0,0,0,0,0,0,0,0,0,0,0,0,271,0,148,19,0,0,1,0,0,0,0,0,Childhood;Better Times,0,0,0,0,0,0,0,0,0,0
1,6.666666666666667,2,Funk/Soul,0,1,0,0,23,2,0,1,1,0,0,0,1,0,0,0,1,4/4,D,115,66,73,79,-7,33,0,0,1,0,1,0,0,0,0,0,0,1,0,0,0,0,0,0,0,0,0,0,0,0,0,0,200,0,64,64,0,0,1,0,0,0,0,0,Jobs,0,0,0,0,0,1,1,0,0,0
2,2,0,Rock,1,0,0,0,28,0,1,0,1,1,0,0,1,1,0,0,1,4/4,Bb,132,38,55,50,-11,73,0,0,1,0,1,0,0,0,0,0,0,0,0,0,0,0,0,0,0,0,0,0,0,0,0,0,229,0,18,9,0,0,1,0,0,0,0,0,Lost Love;Forbidden Love,0,0,0,0,0,0,0,0,0,0
1,7,0,Rock,0,0,1,0,36,1,1,0,1,1,0,0,1,1,1,1,0,4/4,F,141,56,59,58,-12,57,0,0,1,1,1,0,0,0,0,0,0,0,0,0,0,0,0,0,0,0,0,0,0,0,0,0,229,0,46,12,0,0,0,0,1,0,1,1,Growing Up,0,0,0,0,0,0,0,0,0,0
1,7,1.3333333333333333,Rock,0,0,0,0,28,1,1,0,1,1,1,0,1,1,0,0,0,4/4,E,107,43,65,65,-10,38,0,0,1,0,0,0,0,0,0,0,0,0,0,0,0,0,0,0,0,0,0,0,0,0,0,0,305,0,76,20,0,0,1,0,0,0,0,0,Lost Love,0,0,0,0,0,0,0,0,0,0
3,5,2.6666666666666665,Pop,1,0,0,0,34,0,1,0,2,1,1,0,2,1,1,0,1,4/4,A,114,30,34,19,-11,93,0,0,1,1,1,0,0,0,0,0,0,0,0,0,0,0,0,0,0,0,0,0,0,0,0,0,185,0,18,18,0,0,0,0,0,0,0,0,Love,0,0,0,0,0,1,1,0,0,0
2,7,1.3333333333333333,Pop,2,0,0,0,29,1,1,0,1,1,1,1,1,1,0,0,0,4/4,F,170,68,57,82,-7,46,0,0,1,1,0,0,0,0,0,0,0,0,0,0,0,0,0,0,0,0,0,0,0,0,0,0,142,0,4,0,0,0,1,0,0,0,0,0,Bad Relationships;Lost Love,0,0,1,0,0,0,0,0,0,0
1,10,0,Pop,0,0,0,0,29.75,2,1,0,2,1,1,0,1,1,1,1,1,4/4,A,101,88,54,75,-7,38,0,0,0,1,1,0,0,0,0,0,0,0,0,0,0,0,0,0,0,0,0,0,0,0,0,0,230,0,58,20,0,0,1,0,0,0,0,0,Dancing;Escape;Longing for Love,0,0,0,0,0,0,0,0,0,0
1,4,0,Pop,1,0,0,0,33,1,1,0,1,1,0,0,1,1,0,0,1,4/4,A,99,34,26,41,-14,74,0,0,0,1,1,1,0,0,0,0,0,0,0,0,0,0,0,0,0,0,0,0,0,0,0,0,219,0,52,14,0,0,0,0,0,0,0,0,Love;Faithfulness,0,0,0,0,0,0,0,0,0,0
1,9.333333333333334,0.6666666666666666,Funk/Soul,1,0,0,0,30,0,0,1,1,0,0,0,1,0,0,0,0,4/4,Multiple Keys,122,84,55,67,-6,15,0,1,0,0,1,0,0,0,0,0,0,0,0,0,0,0,0,0,0,0,0,0,0,0,0,0,218,0,51,38,0,0,1,0,1,0,0,1,Lust/Sex,0,0,0,0,0,0,0,0,0,0
1,5.333333333333333,0.6666666666666666,Pop,1,0,0,0,41,1,1,0,1,0,0,0,1,1,1,0,0,4/4,E,95,81,70,85,-9,10,0,0,1,0,0,1,0,1,0,0,0,0,0,0,0,0,0,0,0,0,0,0,0,0,0,0,180,0,38,11,0,0,1,0,1,0,0,1,Home;Better Times,0,0,0,0,0,0,0,0,0,0
1,8,4,Rock,0,0,0,0,29,1,1,0,1,1,1,1,1,1,0,0,0,4/4,Bm,147,51,58,61,-9,1,0,0,1,0,0,0,0,0,0,0,0,0,0,0,0,0,0,0,0,0,0,0,0,0,0,0,391,0,178,52,0,0,1,0,0,0,0,0,Escape;God,1,0,1,0,0,0,0,0,0,0
1,6.333333333333333,0.6666666666666666,Pop,1,0,0,0,28,1,1,0,2,1,0,0,1,1,0,0,0,6/8,Db,110,34,60,11,-8,39,0,0,1,1,1,1,0,0,0,0,0,0,0,0,0,0,0,0,0,0,1,0,0,0,0,0,253,0,48,25,0,0,1,0,1,0,0,1,Love,0,0,0,0,0,0,0,0,0,0
3,9.666666666666666,0.6666666666666666,Pop,1,0,0,0,27,1,0,1,1,0,1,1,1,0,1,1,1,4/4,Gb,107,57,59,95,-10,16,0,1,0,0,0,1,0,0,0,0,0,0,0,0,0,0,1,0,0,0,1,0,1,0,0,0,232,0,71,19,0,0,0,0,0,0,0,0,Bands;Playing Music;Appreciation;Dancing,0,0,0,0,0,0,0,0,0,0
1,7.333333333333333,2,Funk/Soul,0,0,0,0,26,1,2,2,1,1,1,1,1,1,1,1,1,4/4,Fm,113,75,75,91,-13,1,0,0,1,1,0,1,0,0,0,0,0,0,0,0,0,0,0,0,0,0,0,0,0,0,0,0,244,0,52,17,0,0,0,0,0,0,0,0,Lust/Sex,0,0,0,0,0,0,0,0,0,0
1,10,0,Rock,0,0,0,0,29,2,1,0,0,1,1,1,2,1,1,0,1,4/4,C,120,49,83,79,-10,6,0,0,1,1,0,0,0,0,0,0,0,0,0,0,0,0,0,0,0,0,0,0,0,0,0,0,245,0,32,17,0,0,0,0,0,0,0,0,Lost Love,0,0,0,0,0,0,0,0,0,0
1,9.333333333333334,0.6666666666666666,Funk/Soul,1,0,0,0,38,1,0,1,1,0,1,1,1,1,0,0,0,4/4,D,123,85,86,89,-8,23,0,1,0,0,0,0,0,0,0,0,0,1,0,1,0,0,0,0,0,0,0,0,0,0,0,0,255,0,31,20,0,0,1,0,0,0,0,0,Dancing;Lust/Sex,0,0,0,0,0,0,0,0,0,0
1,7,2,Rock,1,0,0,0,35,1,1,0,2,1,0,0,1,1,0,0,1,4/4,Am,95,54,41,45,-13,40,0,0,1,1,1,1,0,0,0,0,0,0,0,0,0,0,0,0,0,0,0,0,0,0,0,0,170,0,112,10,0,0,0,0,0,0,0,0,Positivity;Badassery,0,0,0,0,0,1,0,0,0,0
1,3.6666666666666665,1.3333333333333333,Pop,1,0,0,0,36,1,1,0,1,1,1,1,1,1,0,0,0,4/4,Bb,103,53,67,80,-10,32,0,0,1,1,1,0,0,0,0,0,0,1,0,0,0,0,0,0,0,0,0,0,0,0,0,0,200,0,26,15,0,0,1,0,0,0,0,0,Longing for Love;Lust/Sex,1,0,0,0,0,0,0,0,0,0
1,2.3333333333333335,0.6666666666666666,Pop,1,0,0,0,18,1,1,0,2,1,0,0,1,1,0,0,0,4/4,C,144,58,57,88,-12,11,0,1,1,0,1,1,0,0,0,0,0,0,0,1,0,0,0,0,0,0,1,0,0,0,0,0,170,0,35,13,0,0,1,0,1,0,0,1,Love,0,0,0,0,0,0,0,0,0,0
1,5.666666666666667,2,Pop,1,0,0,0,34,1,1,0,1,1,0,0,1,1,1,0,0,4/4,C,140,48,30,46,-8,57,0,0,1,1,1,1,0,0,0,0,0,0,0,0,0,0,0,0,0,0,0,0,0,0,0,0,213,0,40,15,0,0,0,0,0,0,0,0,Lost Love,0,0,0,0,0,0,0,0,0,0
4,6.333333333333333,0.6666666666666666,Funk/Soul,1,0,0,0,19,1,1,0,1,1,0,0,1,1,0,0,1,4/4,A,97,65,65,87,-7,17,0,0,1,1,0,0,0,0,0,0,0,1,0,0,0,0,0,0,0,0,0,0,0,0,0,0,212,0,49,14,0,0,1,0,0,0,0,0,Love,0,0,0,0,0,0,0,0,0,0
10,4.333333333333333,0.6666666666666666,Pop,1,0,0,0,21,0,1,0,1,1,0,0,1,1,0,0,1,3/4;Free,D,78,37,33,7,-10,83,0,0,0,1,1,1,0,0,0,0,0,0,1,0,0,0,0,0,0,0,0,0,0,0,0,0,216,0,5,5,0,0,0,0,1,0,0,1,Love,0,0,0,0,0,1,0,0,0,0
3,8,1.3333333333333333,Pop,0,0,0,0,31,1,1,0,1,1,1,1,1,1,1,0,1,4/4,Eb,105,36,63,67,-9,10,0,0,0,1,1,0,0,0,0,0,0,1,0,0,0,0,0,0,0,0,0,0,0,0,0,0,245,0,18,18,0,0,1,0,0,0,0,0,Love,0,0,0,0,0,1,0,0,0,0
3,5,2,Rock,0,0,0,0,29,1,1,0,1,1,1,1,1,1,0,0,0,4/4,Multiple Keys,156,60,64,55,-10,7,0,0,1,1,0,0,0,0,1,0,0,1,0,0,0,0,0,0,0,0,0,0,0,0,0,0,214,0,40,25,0,0,1,0,0,0,0,0,Lost Love,0,0,0,0,0,0,0,0,0,0
4,10,0,Funk/Soul,0,1,0,0,31,1,1,0,1,1,1,1,1,1,1,0,1,4/4,Fm,104,83,70,94,-7,3,0,1,0,0,1,1,0,0,0,0,0,1,0,0,0,0,0,0,0,0,0,0,0,0,0,0,283,0,46,13,0,0,1,0,0,0,0,0,Badassery;Survival,0,0,0,0,0,1,0,0,0,0
2,5.333333333333333,1.3333333333333333,Pop,1,0,0,0,19,1,1,0,1,1,1,0,1,1,0,0,0,4/4,Gbm,97,53,58,58,-8,12,0,0,1,0,0,0,0,0,0,0,0,0,0,0,0,0,0,0,0,0,0,0,0,0,0,0,198,0,47,1,0,0,1,0,0,0,0,0,Love,0,0,0,0,0,0,0,0,0,0
8,9,0,Funk/Soul,0,1,0,0,31,1,1,0,1,1,1,1,1,1,1,0,1,4/4,Dbm,109,80,73,89,-7,3,0,0,1,1,0,0,0,0,0,0,0,1,0,0,0,0,0,0,0,0,0,0,0,0,0,0,212,0,19,19,0,0,1,0,0,0,0,0,Lust/Sex;Dancing,0,0,0,0,0,1,0,0,0,0
1,5.666666666666667,0.6666666666666666,Funk/Soul,1,0,0,0,26,0,0,0,1,1,0,0,1,0,0,0,0,4/4,B,109,68,62,81,-11,10,0,0,1,1,0,1,0,0,0,0,0,0,0,0,0,0,0,0,0,0,0,0,0,0,0,0,180,0,33,16,0,0,1,0,0,0,0,0,Longing for Love,0,0,0,0,0,1,0,0,0,0
2,4.666666666666667,2.6666666666666665,Pop,0,0,0,0,35,1,1,0,1,1,1,1,1,1,1,1,1,4/4,E,112,40,61,36,-14,20,0,0,0,1,0,0,0,0,0,0,0,0,0,0,0,0,0,0,0,0,0,0,0,0,0,0,194,0,33,14,0,0,0,0,0,0,0,0,Love,0,0,1,0,0,0,0,0,0,0
1,4.333333333333333,0.6666666666666666,Funk/Soul,2,1,0,0,34.5,2,0,1,1,1,0,0,1,1,0,0,0,4/4,Fm,78,52,50,71,-11,51,0,1,0,0,1,1,0,0,0,0,0,0,0,0,0,0,0,0,0,0,0,0,0,0,0,0,180,0,13,13,0,0,1,0,0,0,0,0,Lost Love,0,0,0,0,0,0,0,0,0,0
1,7,2,Rock,2,1,0,0,26.5,2,1,0,1,1,0,0,1,1,0,0,1,4/4,C,107,61,76,82,-11,28,0,1,0,1,0,1,0,0,0,0,0,0,0,0,0,0,0,0,0,0,0,0,0,0,0,0,169,0,19,8,0,0,1,0,0,0,0,0,Love;Longing for Love,0,0,0,0,0,1,0,0,0,0
7,7.666666666666667,0.6666666666666666,Funk/Soul,1,0,0,0,20,1,1,0,1,1,1,0,1,1,0,0,1,4/4,Gm,102,60,74,95,-10,15,0,1,1,1,1,1,0,0,1,0,0,0,0,0,0,0,0,0,0,0,0,0,0,0,0,0,276,0,49,23,0,0,1,0,0,0,0,0,Lust/Sex;Dancing,0,0,0,0,0,0,0,0,0,0
1,9.666666666666666,0.6666666666666666,Funk/Soul,0,0,0,0,35,1,1,0,1,1,1,1,1,1,1,1,1,4/4,Am,110,71,80,85,-5,44,0,0,1,0,0,0,0,0,0,0,0,0,0,0,1,0,0,0,0,0,0,0,0,0,0,0,225,0,67,27,0,0,1,0,0,0,0,0,Lust/Sex,0,0,0,0,0,0,0,0,0,0
2,6,1.3333333333333333,Pop,0,0,0,0,29,1,0,1,1,0,1,1,1,0,1,0,1,3/4;Free,Ab,151,8,39,18,-21,87,0,0,0,1,1,0,0,0,0,0,0,0,0,0,0,0,0,0,0,0,0,0,0,0,0,0,217,0,69,6,0,0,0,0,0,0,0,0,Love,0,0,0,0,0,0,0,0,0,0
2,6.333333333333333,2.6666666666666665,Funk/Soul,1,0,0,0,44,1,1,0,1,1,0,0,1,1,0,0,1,4/4,Bb,110,37,82,85,-12,25,0,0,1,1,1,1,0,0,0,0,0,0,0,0,0,0,0,0,0,0,1,0,0,0,0,0,206,0,43,15,0,0,1,0,0,0,0,0,Love,0,0,0,0,0,1,0,0,0,0
4,5.666666666666667,0.6666666666666666,Rock,0,1,0,0,34,1,1,0,1,1,0,0,1,1,0,0,1,4/4,C,103,30,67,57,-17,9,0,0,1,1,0,0,0,0,0,0,0,0,0,0,0,0,0,0,0,0,0,0,0,0,0,0,296,0,110,37,0,0,1,0,0,0,0,0,Lust/Sex,0,0,0,0,0,0,0,0,0,0
1,6.333333333333333,2,Rock,1,0,0,0,26,1,1,0,1,1,1,0,1,1,0,0,0,4/4,E,111,66,73,82,-7,3,0,1,1,1,0,0,0,0,0,0,0,0,0,0,0,0,0,0,0,0,0,0,0,0,0,0,215,0,84,9,0,0,0,0,0,0,0,0,Lust/Sex;Bad Behavior,0,0,0,0,0,0,0,0,0,0
1,4,1.3333333333333333,Pop,1,0,0,0,33,0,1,0,1,1,0,0,1,1,0,0,0,4/4,A,62,30,50,17,-11,43,0,0,1,0,1,0,0,0,0,0,0,0,0,0,0,0,0,0,0,0,0,0,0,0,0,0,220,0,29,14,0,0,0,0,0,0,0,0,Love,0,0,0,0,0,0,0,0,0,0
3,7,0,Funk/Soul,1,0,0,0,29,0,0,1,1,1,0,0,1,1,0,0,0,4/4,Multiple Keys,131,67,58,45,-12,8,1,0,0,1,1,1,0,0,0,0,0,0,0,0,0,0,0,0,0,0,0,0,0,0,0,0,235,0,69,5,0,0,1,0,1,0,0,1,Lost Love,0,0,0,0,0,0,0,0,0,0
2,4.333333333333333,2.6666666666666665,Pop,2,1,0,0,36.5,2,1,0,2,1,1,0,1,1,0,0,0,Free;4/4,C,67,12,16,24,-18,88,0,0,0,1,1,0,0,0,0,0,0,0,0,0,0,0,0,0,0,0,0,0,0,0,0,0,195,0,33,10,0,0,0,0,0,0,0,0,Lost Love,0,0,0,0,0,0,1,0,0,0
6,8.333333333333334,2,Funk/Soul,0,0,0,0,26,2,0,1,1,0,1,1,1,0,1,1,1,4/4,C,120,55,83,89,-14,4,0,1,1,0,1,0,0,0,0,0,0,0,0,1,0,0,0,0,0,0,0,0,0,0,0,0,216,0,85,3,0,0,1,0,0,0,0,0,Dancing,0,0,0,0,0,0,0,0,0,0
3,6,1.3333333333333333,Funk/Soul,0,0,0,0,32,1,1,0,1,1,1,1,1,1,1,0,1,4/4,Db,166,44,50,35,-13,44,0,0,1,0,1,1,0,0,0,0,0,1,0,0,0,0,0,0,0,0,0,0,0,0,0,0,296,0,23,18,0,0,1,0,0,0,0,0,Love,0,0,0,0,0,0,0,0,0,0
4,7.666666666666667,0.6666666666666666,Funk/Soul,1,0,0,0,34,1,1,0,1,1,1,0,1,1,0,0,0,4/4,Dm,112,47,72,88,-15,1,0,0,1,1,1,1,0,0,0,0,0,0,0,0,0,1,0,0,0,0,1,0,0,0,0,0,326,0,130,35,0,0,1,0,0,0,1,1,Lust/Sex,1,0,1,0,0,0,0,0,0,0
3,10,0,Funk/Soul,1,0,0,0,29,0,0,1,1,2,0,0,1,2,0,0,1,Free;4/4,C,117,73,78,53,-9,1,0,1,1,0,1,1,0,0,0,0,0,0,0,0,0,0,0,0,0,0,0,0,0,0,0,0,198,0,22,22,0,0,1,0,0,0,0,0,Lost Love;Bad Relationships;Empowerment,0,0,0,0,0,0,0,0,0,0
2,8,2,Rock,0,0,0,0,32,1,1,0,1,1,1,1,1,1,1,0,1,4/4,Bm,118,53,67,81,-11,9,0,0,1,1,1,1,0,0,0,0,0,1,0,0,0,0,0,0,0,0,0,0,0,0,0,0,303,0,102,28,0,0,1,0,0,0,0,0,Lost Love,0,0,0,0,0,0,0,0,0,0
1,4,1.3333333333333333,Pop,0,0,0,0,27,1,2,2,1,1,1,0,1,1,0,0,0,4/4,Db,121,38,76,99,-15,28,0,0,0,1,1,0,0,0,0,0,0,1,0,1,0,0,0,0,0,0,0,0,0,0,0,0,224,0,16,16,0,0,1,0,0,0,0,0,Lost Love,0,0,0,0,0,0,0,0,0,0
1,3.6666666666666665,0.6666666666666666,Electronic/Dance,1,0,0,0,23,0,0,1,1,2,0,0,1,1,0,0,0,4/4,Ab,139,87,69,67,-6,0,0,0,0,1,0,0,0,0,0,0,0,0,0,0,0,0,0,0,0,0,0,0,0,0,0,0,227,0,55,35,0,0,1,0,1,0,0,1,Lust/Sex,0,0,0,0,0,0,0,0,0,0
1,9.333333333333334,0.6666666666666666,Funk/Soul,0,0,0,0,33,2,1,0,2,1,1,1,1,1,0,0,0,4/4,E,115,65,77,69,-6,5,0,0,0,1,0,0,0,0,0,0,0,0,0,0,0,0,0,0,0,0,0,0,0,0,0,0,229,0,98,16,0,0,1,0,0,0,0,0,Lost Love,0,0,1,0,0,0,0,0,0,0
4,4.666666666666667,2,Funk/Soul,2,1,0,0,36,2,0,1,1,2,0,0,1,0,0,0,1,4/4,Db,76,50,56,34,-10,86,0,1,1,1,1,1,0,0,0,0,0,1,0,0,0,0,0,0,0,0,0,0,0,0,0,0,345,0,57,13,0,0,1,0,0,0,0,0,Getting Back Together;Love;Lost Love,0,0,0,0,0,0,0,0,0,0
3,9,0,Funk/Soul,1,0,0,0,30,0,0,1,1,1,0,0,1,1,0,0,1,4/4,Gm,121,70,82,97,-12,0,0,0,1,1,0,0,0,0,0,0,0,0,0,0,0,0,0,0,0,0,0,0,0,0,0,0,226,0,77,31,0,0,1,0,0,0,0,0,Lust/Sex,0,0,0,0,0,0,0,0,0,0
1,7,0,Funk/Soul,0,0,0,0,32,1,1,0,1,1,1,1,1,1,1,0,1,4/4,Bm,95,52,71,83,-11,35,0,0,1,1,1,0,0,0,0,0,0,1,0,0,0,0,0,0,0,0,0,0,0,0,0,0,228,0,21,21,0,0,1,0,0,0,0,0,Lost Love;Lust/Sex,0,0,0,0,0,0,0,0,0,0
2,7,1.3333333333333333,Funk/Soul,1,1,0,0,22,0,0,1,1,0,0,0,1,0,0,0,1,4/4,Fm,126,54,78,97,-13,11,0,1,1,0,0,0,0,0,0,0,0,0,0,0,0,0,0,0,0,0,0,0,0,0,0,0,212,0,35,14,0,0,1,0,0,0,0,0,Lust/Sex,0,0,0,0,0,0,0,0,0,0
5,9,1.3333333333333333,Funk/Soul,1,0,0,0,30,0,0,1,2,2,1,0,1,1,0,0,0,4/4,Dm,121,70,86,97,-15,0,0,1,1,0,0,1,0,0,0,0,0,0,0,0,0,0,0,0,0,0,0,0,0,0,0,0,295,0,72,40,0,0,0,0,0,0,0,0,Lust/Sex,0,0,0,0,0,0,0,0,0,0
1,9.333333333333334,0.6666666666666666,Funk/Soul,0,0,0,0,26,2,0,1,1,0,1,1,1,0,1,1,1,4/4,Bm,111,71,86,82,-11,12,0,0,1,0,1,0,0,0,0,0,0,0,0,0,0,0,0,0,0,0,0,0,0,0,0,0,224,0,48,18,0,0,1,0,0,0,0,0,Dancing;Partying;Better Times,0,0,0,0,0,0,0,0,0,0
6,8,0,Rock,0,0,0,0,27,1,1,0,1,1,1,1,1,1,0,0,0,4/4,Multiple Keys,148,75,62,86,-7,8,0,0,1,0,0,0,0,0,0,0,0,0,0,0,0,0,0,0,0,0,0,0,0,0,0,0,239,0,122,19,0,0,0,0,0,0,0,0,Lust/Sex,0,0,0,0,0,0,0,0,0,0
1,5.333333333333333,1.3333333333333333,Rock,1,0,0,0,33,1,1,0,1,1,1,1,1,1,0,0,0,6/8,C,72,38,55,71,-11,54,0,0,1,1,1,0,0,0,0,0,0,1,0,0,0,0,0,0,0,0,0,0,0,0,0,0,213,0,44,14,0,0,1,0,0,0,0,0,Lost Love,0,0,0,0,0,0,0,0,0,0
1,10,0,Funk/Soul,1,0,0,0,21,1,0,1,1,0,1,1,1,0,1,0,1,4/4,B,119,82,88,95,-10,13,0,0,1,0,1,1,0,0,0,0,0,1,0,1,0,0,0,0,0,0,0,0,0,0,0,0,365,0,65,33,0,0,0,0,0,0,0,0,Lust/Sex;Dancing,0,0,0,0,0,0,0,0,0,0
1,7,2.6666666666666665,Electronic/Dance,0,0,0,0,32,1,1,0,1,1,1,1,1,1,1,1,1,4/4,Db,111,73,94,97,-10,12,0,0,0,1,0,1,0,0,0,0,0,0,0,0,0,0,0,0,0,0,0,0,0,0,0,0,201,0,39,26,0,0,1,0,0,0,0,0,Dancing;Partying,0,0,0,0,0,0,0,0,0,0
1,5.666666666666667,0.6666666666666666,Rock,0,0,0,0,31,1,1,0,1,1,1,0,1,1,0,0,0,4/4,G,113,51,81,86,-6,8,0,0,1,0,0,0,0,0,0,0,0,0,0,1,0,0,0,0,0,0,0,0,0,0,0,0,265,0,78,11,0,0,0,0,0,0,0,0,Lost Love,0,0,0,0,0,0,0,0,0,0
1,3.6666666666666665,1.3333333333333333,Pop,0,0,0,0,29,1,0,1,1,0,1,1,1,0,1,0,1,4/4,Db,125,17,35,34,-14,91,0,0,1,1,1,0,0,0,0,0,0,0,0,0,0,0,0,0,0,0,0,0,0,0,0,0,224,0,59,15,0,0,0,0,0,0,0,0,Love,0,0,0,0,0,0,0,0,0,0
2,7.333333333333333,1.3333333333333333,Funk/Soul,2,1,0,0,33.5,0,2,2,1,2,0,0,1,1,0,0,0,4/4,Dm,135,67,57,19,-8,30,0,1,0,1,1,1,0,0,0,0,0,0,0,1,0,0,0,0,0,0,0,0,0,0,0,0,288,0,57,21,0,0,0,0,0,0,0,0,Lost Love,0,0,0,0,0,0,0,0,0,0
2,4.333333333333333,0.6666666666666666,Rock,0,0,0,0,32,1,1,0,1,1,1,1,1,1,1,1,1,4/4,D,169,20,27,9,-14,53,0,0,0,1,0,0,0,0,0,0,0,0,0,0,0,0,0,0,0,0,0,0,0,0,0,0,242,0,68,15,0,0,0,0,0,0,0,0,Lost Love,0,0,0,0,0,0,0,0,0,0
3,5.333333333333333,2.6666666666666665,Rock,1,0,0,0,32,1,1,0,1,1,1,1,1,1,1,0,1,4/4,C,141,66,78,88,-10,33,0,1,1,0,0,0,0,0,0,0,0,0,0,0,0,0,0,0,0,0,0,0,0,0,0,0,231,0,51,14,0,0,1,0,0,0,0,0,Bad Relationships;Longing for Love,1,0,0,0,0,0,0,0,0,0
1,6.333333333333333,0.6666666666666666,Funk/Soul,0,0,0,0,28,1,2,2,1,1,1,1,1,1,1,1,1,4/4,Db,96,62,48,44,-11,1,0,0,0,1,1,0,0,0,0,0,0,1,0,1,0,0,0,0,0,0,0,0,0,0,0,0,230,0,81,21,0,0,1,0,0,0,0,0,Lost Love,0,0,0,0,0,0,0,0,0,0
4,9.333333333333334,0.6666666666666666,Funk/Soul,1,0,0,0,21,1,0,1,1,1,0,0,1,0,0,0,0,4/4,Db,115,70,80,85,-7,6,0,1,1,0,1,1,0,0,0,0,0,1,0,1,0,0,0,0,0,0,0,0,0,0,0,0,203,0,38,19,0,0,1,0,0,0,0,0,Dancing;Lust/Sex,0,0,0,0,0,0,0,0,0,0
1,3.3333333333333335,2,Rock,2,0,0,0,38,2,1,0,0,1,1,1,1,1,1,1,0,4/4,C,90,45,69,46,-11,63,0,1,1,1,1,1,0,0,0,0,0,0,0,0,0,0,0,0,0,0,0,0,0,0,0,0,251,0,79,21,0,0,1,0,0,0,0,0,Lust/Sex,0,0,0,0,0,0,0,0,0,0
4,6.333333333333333,0.6666666666666666,Rock,0,0,0,0,33,1,2,0,1,0,1,1,1,2,1,0,1,4/4,D,77,76,60,71,-7,71,0,0,1,0,0,0,0,0,0,0,0,0,0,1,0,0,0,0,0,0,0,0,0,0,0,0,263,0,29,6,0,0,1,0,0,0,0,0,Love,0,0,0,0,0,0,0,0,0,0
4,6,1.3333333333333333,Rock;Funk/Soul,0,0,0,0,36,1,1,0,1,1,1,1,1,1,1,0,1,4/4,Dm,104,39,69,72,-16,8,0,0,1,0,0,0,0,0,0,0,0,0,0,0,0,0,0,0,0,0,0,0,0,0,0,0,198,0,130,9,0,0,1,0,0,0,0,0,Childhood;School,0,0,0,0,0,0,0,0,0,0
6,8,3.3333333333333335,Rock,0,0,0,0,34,2,1,0,2,1,1,0,1,1,0,0,1,4/4,Dm,143,83,55,77,-7,0,0,0,1,1,0,0,0,0,0,0,0,0,0,0,0,0,0,0,0,0,0,0,0,0,0,0,212,0,61,16,0,0,1,0,0,0,0,0,Lust/Sex,0,0,0,0,0,1,0,0,0,0
4,7,3.3333333333333335,Funk/Soul,0,0,0,0,24,2,2,2,1,1,1,1,1,1,1,1,1,4/4,C,122,45,89,26,-14,0,0,0,1,1,1,1,0,0,0,0,1,0,0,0,0,0,0,0,0,0,1,0,0,0,0,0,239,0,147,12,0,0,1,0,0,0,0,0,Better Times;Utopia/Perfect Places,0,0,0,0,0,0,0,0,0,0
3,6.333333333333333,2,Rock,1,0,0,0,38,1,1,0,1,1,1,1,1,1,1,1,1,4/4,E,137,75,58,68,-8,15,0,1,1,0,0,1,0,0,0,0,0,0,0,1,0,0,0,0,0,0,0,0,1,0,0,0,248,0,75,15,0,0,0,1,0,0,0,0,Love,0,0,0,0,0,0,0,0,0,0
2,7,1.3333333333333333,Rock,1,0,0,0,31,1,1,0,1,1,1,1,1,1,0,0,0,4/4,C,141,68,75,54,-8,10,0,0,1,0,0,1,0,0,0,0,0,0,0,1,0,0,0,0,0,0,1,0,0,0,0,0,176,0,51,7,0,0,0,0,0,0,0,0,Getting Older,0,0,0,0,0,0,0,0,0,0
4,4.333333333333333,2.6666666666666665,Rock,1,0,0,0,31,0,1,0,1,1,0,0,1,1,0,0,1,4/4,D,104,50,70,59,-9,12,0,1,1,0,1,0,0,0,0,0,0,0,0,0,0,0,0,0,0,0,0,0,0,0,0,0,269,0,72,10,0,0,0,0,0,0,0,0,Love,0,0,0,0,0,1,0,0,0,0
1,6.666666666666667,0.6666666666666666,Rock,1,0,0,0,29,1,1,0,1,1,1,1,1,1,0,0,0,4/4,A,150,38,47,18,-13,36,0,0,1,1,1,0,0,0,0,0,0,0,0,0,0,0,0,0,0,0,0,0,0,0,0,0,256,0,121,36,0,0,0,0,0,0,0,0,Surfing/Sailing,0,0,0,0,0,0,0,0,0,0
4,6.666666666666667,3.3333333333333335,Funk/Soul,1,0,0,0,36,0,0,1,1,0,0,0,1,0,0,0,1,4/4,Multiple Keys,108,86,87,88,-9,18,0,0,1,0,0,0,0,0,0,0,0,0,0,0,0,0,0,0,0,0,0,0,0,0,0,0,245,0,56,10,0,0,1,0,0,0,0,0,Lust/Sex;Lost Love;Bad Behavior,0,0,0,0,0,0,0,0,0,0
3,8.666666666666666,0.6666666666666666,Funk/Soul,0,0,0,0,34,1,2,0,1,1,1,1,1,2,1,0,1,4/4,Fm,110,53,93,76,-6,11,0,1,1,0,0,0,0,0,0,0,0,0,0,1,0,0,0,0,0,0,0,0,0,0,0,0,215,0,96,22,0,0,0,0,0,0,0,0,Murder;Death,0,0,0,0,0,0,0,0,0,0
3,5,2,Pop,1,0,0,0,38,0,1,0,1,1,0,0,1,1,0,0,1,4/4,Ebm,170,28,47,33,-16,25,0,0,1,0,1,1,0,0,0,0,0,0,0,0,0,0,0,0,0,0,0,0,0,0,0,0,231,0,39,23,0,0,1,0,0,0,0,0,Longing for Love,0,0,0,0,0,0,0,0,0,0
6,5,2.6666666666666665,Pop,1,0,0,0,42,1,1,0,1,0,0,0,1,0,0,0,1,4/4,Ebm,137,18,36,20,-16,86,0,0,0,1,1,0,0,0,0,0,0,0,0,0,0,0,0,0,0,0,0,0,0,0,0,0,231,0,40,7,0,0,0,0,0,0,0,0,Love,0,0,0,0,0,0,0,0,0,0
5,7.666666666666667,2,Rock,1,0,0,1,40,1,1,0,1,1,1,1,2,2,1,0,1,Free;6/8,A,99,79,70,42,-6,30,0,0,1,1,0,0,0,0,0,0,0,1,0,0,0,0,0,0,0,0,0,0,0,0,0,0,234,0,33,42,0,0,1,0,0,0,0,0,Love,0,0,0,0,0,0,0,0,0,0
1,6.666666666666667,2.6666666666666665,Reggae,0,0,0,0,35,2,1,0,1,0,0,0,1,1,0,0,0,4/4,B,97,67,78,96,-7,5,0,1,1,0,1,1,0,0,0,0,0,0,0,0,0,0,0,0,0,0,0,0,1,0,0,0,233,0,58,30,0,0,1,0,1,0,0,1,Longing for Love,0,0,0,0,0,0,0,0,0,0
2,7,1.3333333333333333,Funk/Soul,0,0,0,0,30,1,0,1,1,0,1,0,1,0,1,0,1,4/4,Ab,122,84,83,96,-5,10,0,0,1,0,0,1,0,0,0,0,0,0,0,0,0,0,0,0,0,0,0,0,0,0,0,0,221,0,61,33,0,0,1,0,0,0,0,0,Partying,0,0,0,0,0,0,0,0,0,0
2,7.333333333333333,0.6666666666666666,Pop,1,0,0,0,35,0,1,0,0,1,1,1,1,1,0,0,0,4/4,Gb,105,78,55,81,-6,42,0,0,1,1,0,1,0,0,0,0,0,0,0,0,0,0,0,0,0,0,0,0,0,0,0,0,162,0,15,10,0,0,1,0,0,0,0,0,Work;Job,0,0,0,0,0,1,0,0,0,0
2,6.333333333333333,2,Pop,1,0,0,0,39,1,1,0,1,1,1,0,1,1,0,0,1,4/4,C,131,72,69,96,-8,12,0,0,1,0,0,0,0,0,0,0,0,0,0,1,0,0,0,0,0,0,0,0,0,0,0,0,191,0,34,8,0,0,1,0,0,0,0,0,Rain;Appreciation,0,0,0,0,0,0,0,0,0,0
1,6.666666666666667,2.6666666666666665,Rock,0,0,0,0,29,1,1,0,1,1,1,1,1,1,1,0,1,4/4,C,175,72,31,41,-6,5,0,0,1,1,0,0,0,0,0,0,0,0,0,0,0,0,0,0,0,0,0,0,0,0,0,0,200,0,42,20,0,0,0,0,0,0,0,0,Love,0,0,0,0,0,0,0,0,0,0
2,6,0,Funk/Soul;Electronic/Dance,0,0,0,0,35,2,1,0,2,1,1,1,1,1,0,0,0,4/4,Em,108,85,70,81,-6,40,0,0,1,0,0,1,0,0,0,0,0,0,0,1,0,0,0,0,0,0,1,0,0,0,0,1,391,0,220,32,0,0,1,0,0,0,0,0,Partying,1,0,0,0,0,0,0,0,0,0
3,5.333333333333333,2,Pop,2,0,0,0,33.5,1,1,0,2,1,1,0,1,1,1,1,1,4/4,C,121,74,81,96,-9,43,0,0,1,1,0,0,0,0,0,0,0,1,0,0,0,0,0,0,0,0,0,0,0,0,0,0,232,0,57,19,0,0,1,0,0,0,0,0,Love;Longing for Love;Lust/Sex,0,0,0,0,0,0,0,0,0,0
2,6.333333333333333,2,Pop,1,0,0,0,22,0,1,0,0,1,0,0,1,1,0,0,0,4/4,Ab,122,51,80,80,-11,69,0,0,0,1,0,0,0,0,0,0,0,1,0,1,0,0,0,0,0,0,0,0,0,0,0,0,300,0,18,18,0,0,1,0,0,0,0,0,Love,0,0,0,0,0,0,0,0,0,0
9,7.333333333333333,2,Rock,1,0,0,0,35,0,1,0,0,1,0,0,1,2,0,0,0,4/4,F,117,65,68,60,-10,2,0,0,0,1,0,0,0,0,0,0,0,0,0,0,0,0,0,0,0,0,0,0,0,0,0,0,328,0,52,15,0,0,1,0,1,0,0,1,Lust/Sex,0,0,0,0,0,0,0,0,0,0
1,4,1.3333333333333333,Pop,2,1,0,0,32,1,1,0,1,1,1,1,1,1,0,0,0,4/4,F,110,48,40,18,-8,73,0,0,0,1,1,0,0,0,0,0,0,0,0,0,0,0,0,0,0,0,0,0,0,0,0,0,259,0,13,8,0,0,1,0,0,0,0,0,Lost Love,0,0,0,0,0,0,0,0,0,0
2,8,1.3333333333333333,Rock,1,0,0,0,31,1,1,0,1,1,1,1,1,1,0,0,0,4/4,D,132,83,73,82,-6,16,0,0,1,0,0,0,0,0,0,0,0,0,0,0,0,0,0,0,0,0,0,0,0,0,0,0,194,0,60,7,0,0,0,0,0,0,0,0,Longing for Love;Lust/Sex,0,0,0,0,0,0,0,0,0,0
9,6,0,Pop,2,1,0,0,34.5,2,0,1,1,0,1,1,1,0,1,1,1,4/4,Bb,94,33,46,24,-10,67,0,0,0,1,1,1,0,0,0,0,0,0,0,0,0,0,0,0,0,0,0,0,0,0,0,0,266,0,69,6,0,0,0,0,0,0,0,0,Love,0,0,0,0,0,1,0,0,0,0
3,8.666666666666666,0.6666666666666666,Pop,1,0,0,0,30,1,1,0,2,1,1,0,1,1,0,0,0,4/4,A,137,51,53,52,-11,17,0,0,0,1,1,1,0,0,0,0,0,0,0,0,0,0,0,0,0,0,1,0,0,0,0,0,236,0,60,15,0,0,1,0,0,0,0,0,Love,0,0,0,0,0,1,0,0,0,0
2,5,0,Rock,2,0,0,0,34,1,1,0,2,1,1,0,1,1,1,0,1,4/4,Am,121,94,85,84,-7,41,0,0,1,1,0,0,0,0,0,0,0,0,0,1,0,0,0,0,0,0,0,0,0,0,0,0,217,0,37,17,0,0,1,0,0,0,0,0,Lost Love,0,0,0,0,0,0,0,0,0,0
10,4.333333333333333,3.3333333333333335,Pop,1,0,0,0,33,0,1,0,1,1,0,0,1,1,0,0,0,4/4,Em,124,63,83,90,-11,6,0,0,1,0,0,1,0,0,0,0,0,0,0,0,0,0,0,0,0,0,0,0,0,0,0,0,225,0,59,15,0,0,1,0,0,0,0,0,Lust/Sex,0,0,1,0,0,0,0,0,0,0
1,5,2,Pop,2,0,0,0,34,1,1,0,2,1,1,0,1,1,1,1,1,4/4,Multiple Keys,111,49,85,97,-8,7,0,0,0,1,0,1,0,0,0,0,0,0,0,0,0,0,0,0,0,0,1,0,0,0,0,0,225,0,53,26,0,0,1,0,0,0,0,0,Bad Relationships,0,0,0,0,0,0,0,0,0,0
6,7.333333333333333,0.6666666666666666,Rock,0,0,1,0,35,1,1,0,1,1,1,1,1,1,1,1,1,4/4,C,114,68,65,89,-12,25,0,0,1,1,0,0,0,0,0,0,0,0,0,1,0,1,0,0,0,0,0,0,0,0,0,0,216,0,25,17,0,0,0,0,0,0,0,0,Lust/Sex,1,0,0,0,0,0,0,0,0,0
7,5,1.3333333333333333,Rock,0,0,0,0,23,2,1,0,1,1,0,0,1,1,0,0,0,4/4,Em,94,72,54,90,-5,33,0,0,1,0,0,0,0,0,0,0,0,0,0,1,0,0,0,0,0,0,0,0,0,0,0,0,175,0,33,15,0,0,0,0,1,0,0,1,Playing Music;Lust/Sex,1,0,0,0,0,0,0,0,0,0
7,4.333333333333333,2.6666666666666665,Pop,2,1,0,0,35.5,1,2,2,1,1,1,1,1,1,0,0,0,4/4,E,81,46,64,81,-15,15,0,0,1,1,0,0,0,0,0,0,0,0,0,1,0,0,0,0,0,0,0,0,0,0,0,0,220,0,50,6,0,0,1,0,0,0,0,0,Coexistence;Appreciation,0,0,0,0,0,0,0,0,0,0
3,6.333333333333333,2,Electronic/Dance,0,1,0,0,26,2,1,0,1,1,1,1,2,1,1,0,1,4/4,C,118,74,73,96,-8,18,0,0,0,1,0,0,0,0,0,0,0,0,0,0,0,0,0,0,0,0,0,0,0,0,0,0,236,0,36,20,0,0,1,0,0,0,0,0,Lost Love,1,0,0,0,0,0,0,0,0,0
6,6,1.3333333333333333,Rock,0,0,0,0,29,1,1,0,1,1,1,1,1,1,1,1,1,4/4,Cm,109,48,82,56,-13,24,0,0,1,1,0,0,0,0,0,0,0,0,0,0,0,0,0,0,0,0,0,0,0,0,0,0,227,0,102,49,0,0,1,0,0,0,0,0,Survival;Badassery,0,0,0,0,0,1,0,0,0,0
2,3.3333333333333335,1.3333333333333333,Rock,0,0,0,0,38,1,2,2,1,1,1,1,1,1,1,1,1,4/4,Am,127,54,79,96,-13,7,0,0,1,1,0,0,0,0,0,0,0,0,0,0,0,0,0,0,0,0,0,0,0,0,0,0,219,0,65,17,0,0,1,0,0,0,0,0,Lust/Sex,0,0,0,0,0,0,0,0,0,0
2,4.333333333333333,1.3333333333333333,Pop,0,0,0,0,37,1,1,0,1,1,1,0,1,1,0,0,1,4/4,Multiple Keys,145,42,54,26,-7,69,0,0,1,1,1,0,0,0,0,0,0,0,0,0,0,0,0,0,0,0,0,0,0,0,0,0,221,0,61,21,0,0,1,0,0,0,0,0,Lost Love,0,0,0,0,0,0,0,0,0,0
4,9.666666666666666,0.6666666666666666,Rock,1,0,0,0,30,1,1,0,1,1,1,1,1,1,1,0,1,4/4,A,104,41,82,62,-8,4,0,0,1,0,0,0,0,0,0,0,0,0,0,1,0,0,0,0,0,0,0,0,0,0,0,0,254,0,116,28,0,0,1,0,0,0,0,0,Love;Getting Older;Growing Up,0,0,0,0,0,0,0,0,0,0
1,5,1.3333333333333333,Rock,0,0,0,0,29,1,1,0,1,1,1,1,1,1,0,0,0,4/4,E,128,48,81,96,-15,6,0,0,1,0,0,1,0,0,0,0,0,0,0,0,0,0,0,0,0,0,1,0,0,0,0,0,201,0,49,17,0,0,0,0,0,0,0,0,Paranoia,1,0,0,0,0,0,0,0,0,0
3,5,1.3333333333333333,Pop,2,1,0,0,36.5,2,1,0,2,2,0,0,1,1,0,0,0,4/4,Multiple Keys,139,43,57,36,-9,60,0,0,0,1,0,0,0,0,0,0,0,0,0,0,0,0,0,0,0,0,0,0,0,0,0,0,233,0,22,15,0,0,1,0,0,0,0,0,Love,0,0,0,0,0,1,0,0,0,0
2,4.666666666666667,2.6666666666666665,Pop,1,0,0,0,33,1,0,1,1,0,1,1,1,0,1,0,1,6/4;4/4,Db,68,24,37,13,-14,65,0,0,0,1,1,1,0,0,0,0,0,1,0,0,0,0,0,0,0,0,0,0,0,0,0,0,200,0,31,11,0,0,0,0,0,0,0,0,Love,0,0,0,0,0,0,0,0,0,0
1,3.3333333333333335,1.3333333333333333,Rock,1,0,0,0,39,0,1,0,1,1,0,0,1,1,0,0,0,4/4,E,93,60,60,98,-4,6,0,0,1,1,0,0,0,0,0,0,0,0,0,1,0,0,0,0,0,0,0,0,0,0,0,0,216,0,65,6,0,0,0,0,1,0,0,1,Lust/Sex;Lost Love,0,0,0,0,0,0,0,0,0,0
4,5,1.3333333333333333,Pop,2,0,0,0,35,1,1,0,2,1,1,0,1,1,1,1,1,4/4,D,89,50,72,83,-13,4,0,1,0,0,0,1,0,0,0,0,0,0,0,0,0,0,0,0,0,0,1,0,0,0,0,0,273,0,117,45,0,0,1,0,0,0,0,0,Bad Relationships;Lost Love,0,0,0,0,0,0,0,0,0,0
4,5.666666666666667,0.6666666666666666,Rock,0,0,0,0,29,1,1,0,1,1,1,1,1,1,0,0,0,4/4,Bm,107,79,75,89,-5,5,0,0,1,0,0,1,0,0,0,0,0,0,1,0,0,0,0,0,0,0,0,0,0,0,0,0,220,0,51,11,0,0,1,0,0,0,1,1,Home,1,0,0,0,0,0,0,0,0,0
1,5.333333333333333,4.666666666666667,Pop,0,0,0,0,35,1,1,0,1,1,1,1,1,1,1,1,1,4/4,E,92,57,63,70,-8,57,0,0,0,1,0,0,0,0,0,0,0,0,0,0,0,0,0,0,0,0,0,0,0,0,0,0,261,0,95,31,0,0,1,0,0,0,0,0,Appreciation;Escape;Love,0,0,0,0,0,0,0,0,0,0
2,5,0,Funk/Soul,2,1,0,0,31.5,2,0,1,1,1,0,0,1,0,0,0,0,4/4,Multiple Keys,90,50,63,70,-12,55,0,0,0,1,0,0,0,0,0,0,0,0,0,0,0,0,0,0,0,0,0,0,0,0,0,0,215,0,49,10,0,0,1,0,0,0,0,0,Lust/Sex,0,0,0,0,0,0,0,0,0,0
7,8.333333333333334,1.3333333333333333,Rock;Funk/Soul,1,0,0,0,24,1,0,1,1,0,1,1,1,0,1,0,1,4/4,Gbm,117,65,92,85,-3,2,0,1,1,0,1,0,0,0,0,0,0,0,0,0,0,0,0,0,0,0,0,0,0,0,0,0,294,0,68,29,0,0,1,0,0,0,0,0,Bad Relationships;Paranoia;Child Birth,0,0,0,0,0,0,0,0,0,0
1,5,3.3333333333333335,Rock,0,0,0,0,29,2,1,0,1,1,1,1,1,1,1,0,1,4/4,Multiple Keys,108,70,42,91,-7,20,0,0,0,1,1,1,1,1,0,0,0,0,0,0,0,0,0,0,0,0,0,0,0,0,1,0,243,0,53,38,0,0,1,0,0,0,0,0,Lust/Sex,0,0,0,0,0,0,0,0,0,0
3,8.666666666666666,1.3333333333333333,Rock,1,0,0,0,24,1,0,1,1,0,1,1,1,0,1,0,1,4/4,Ebm,139,87,78,92,-4,5,0,0,1,0,0,0,0,0,0,0,0,1,0,0,0,0,0,0,0,0,0,0,0,0,0,0,258,0,91,38,0,0,1,0,0,0,0,0,Bad Behavior;Violence,0,0,0,0,0,0,0,0,0,0
1,8.333333333333334,0.6666666666666666,Rock;Funk/Soul,1,0,0,0,36,1,1,0,1,1,1,1,1,2,1,0,1,4/4,Multiple Keys,114,63,64,73,-11,1,0,0,1,0,0,1,0,0,0,0,0,0,0,0,0,0,0,0,0,0,0,0,0,0,0,0,248,0,114,26,0,0,1,0,0,0,1,1,Dancing;Longing for Love,0,0,0,0,0,0,0,0,0,0
6,6,1.3333333333333333,Pop,1,0,0,0,24,0,0,1,2,2,1,0,1,1,0,0,1,4/4,Gm,124,55,65,49,-10,11,0,0,0,1,0,0,0,0,0,0,0,0,0,0,0,0,0,0,0,0,0,0,0,0,0,0,233,0,48,54,0,0,1,0,0,0,0,0,Dancing,0,0,0,0,0,1,0,0,0,0
8,7.333333333333333,4,Pop,0,0,0,0,31,1,1,0,1,1,1,1,1,1,1,0,1,4/4,Multiple Keys,117,45,82,74,-10,54,0,0,1,0,0,0,0,0,0,0,0,0,0,0,0,0,0,0,0,0,0,0,0,0,0,0,234,0,66,15,0,0,1,0,0,0,0,0,Bad Relationships;Lost Love,0,0,0,0,0,0,0,0,0,0
1,6.333333333333333,2,Electronic/Dance,2,0,0,0,32,2,1,0,2,1,1,1,1,1,1,1,1,4/4,Cm,125,71,69,88,-7,23,0,0,0,1,0,0,0,0,0,0,0,0,0,0,0,0,0,0,0,0,0,0,0,0,0,0,216,0,60,10,0,0,1,0,0,0,0,0,Dreaming;Failure,0,0,0,0,0,0,0,0,0,0
2,5,2.6666666666666665,Rock;Electronic/Dance,1,0,0,0,29,1,1,0,1,1,1,0,1,1,1,0,1,4/4,Ebm,159,53,62,83,-12,9,0,0,1,1,0,0,0,0,0,0,0,1,0,0,0,0,0,0,0,0,0,0,0,0,0,0,244,0,78,24,0,0,1,0,0,0,0,0,Dancing,0,0,0,0,0,1,0,0,0,0
1,5,2,Pop;Funk/Soul,1,0,0,0,34,1,1,0,1,1,1,1,1,1,0,0,0,4/4,Bb,91,89,56,74,-5,1,0,0,1,0,0,1,0,0,0,0,0,1,0,0,0,0,0,0,0,0,0,0,0,0,0,0,229,0,20,10,0,0,1,0,0,0,0,0,Love;Appreciation,0,0,0,0,0,0,0,0,0,0
4,7.666666666666667,0.6666666666666666,Rock,1,1,0,0,32,0,1,0,1,1,0,0,1,1,0,0,1,4/4,Ab,131,72,43,19,-6,14,0,0,0,1,0,0,0,0,0,0,0,0,0,0,0,0,0,0,0,0,0,0,0,0,0,0,267,0,52,7,0,0,1,0,0,0,0,0,Lost Love;Longing for Love,0,0,0,0,0,0,0,0,0,0
2,6.333333333333333,0.6666666666666666,Pop,2,1,0,0,41,2,1,0,1,1,0,0,1,1,0,0,1,4/4,Multiple Keys,102,41,62,74,-12,68,0,0,0,1,1,1,0,0,0,0,0,0,0,0,0,0,0,0,0,0,0,0,0,0,0,0,251,0,33,9,0,0,1,0,0,0,0,0,Love,0,0,0,0,0,0,0,0,0,0
4,8.333333333333334,1.3333333333333333,Pop;Calypso,1,0,0,0,34,1,0,1,1,0,1,1,1,0,1,0,1,4/4,Ab,109,58,74,78,-12,12,0,1,0,0,1,1,0,0,0,0,0,0,0,0,0,0,0,0,0,0,0,0,0,0,0,0,260,0,48,19,0,0,1,0,0,0,0,0,Dancing;Partying,0,0,0,0,0,0,0,0,0,0
6,5,2,Pop;Funk/Soul,2,1,0,0,33,1,2,2,1,2,1,1,1,1,0,0,0,4/4,Bbm,118,53,81,84,-16,5,0,1,1,0,0,1,0,0,0,0,0,0,0,0,1,0,0,0,0,0,0,0,0,0,0,0,234,0,120,16,0,0,1,0,0,0,0,0,Longing for Love,0,0,0,0,0,0,0,0,0,0
2,5,1.3333333333333333,Rock,0,0,0,0,39,1,1,0,1,1,1,1,1,1,1,1,1,4/4,Am,125,80,74,89,-6,17,0,0,1,0,0,0,0,0,0,0,0,0,0,0,0,0,0,0,0,0,0,0,0,0,0,0,230,0,96,25,0,0,1,0,0,1,0,1,Lost Love,0,0,0,0,0,0,0,0,0,0
3,5.666666666666667,2.6666666666666665,Pop,0,0,0,0,22,1,2,2,1,2,1,1,1,1,0,0,0,4/4,Bb,92,67,67,94,-9,20,0,0,1,0,0,0,0,0,0,0,0,0,0,0,1,0,0,0,0,0,0,0,0,0,0,0,238,0,22,13,0,0,1,0,0,0,0,0,Lost Love,0,0,0,0,0,0,0,0,0,0
5,6.666666666666667,2,Rock,0,0,0,0,29,1,1,0,1,1,1,1,1,1,0,0,0,4/4,Multiple Keys,130,83,57,80,-6,17,0,0,1,1,0,0,0,0,0,0,0,0,0,0,0,0,0,0,0,0,0,0,0,0,0,0,240,0,92,28,0,0,1,0,0,0,0,0,Unclear,0,0,0,0,0,0,0,0,0,0
3,7,4,Rock,1,0,0,0,36,1,1,0,1,1,1,0,1,1,1,0,1,4/4,Bb,174,90,58,65,-6,10,0,0,1,0,0,0,0,0,0,0,0,0,0,0,0,0,0,0,0,0,0,0,0,0,0,0,226,0,60,31,0,0,0,0,0,0,0,0,Dancing,0,0,0,0,0,1,0,0,0,0
3,6,1.3333333333333333,Pop,1,0,0,0,33,1,1,0,1,1,1,1,1,1,0,0,0,4/4,Db,16,50,58,11,-7,20,0,0,0,1,1,0,0,0,0,0,0,0,0,0,0,0,0,0,0,0,0,0,0,0,0,0,206,0,44,8,0,0,0,0,0,0,0,0,Lost Love;Longing for Love,0,0,0,0,0,1,0,0,0,0
2,4.666666666666667,0.6666666666666666,Pop,1,0,0,0,34,1,0,1,1,0,1,1,1,0,1,0,1,4/4,Am,61,25,49,6,-14,41,0,0,0,1,1,1,0,0,0,0,0,0,0,0,0,0,0,0,0,0,0,0,0,0,0,0,254,0,88,16,0,0,0,0,0,0,0,0,Lost Love,0,0,0,0,0,0,0,0,0,0
2,6,1.3333333333333333,Pop,1,0,0,0,32,0,0,1,1,1,0,0,1,0,0,0,0,4/4,C,123,49,81,71,-9,8,0,0,0,0,0,0,0,0,0,0,0,1,0,0,0,0,0,0,0,0,0,0,0,0,0,0,262,0,93,23,0,0,1,0,0,0,0,0,Love;Appreciation,0,0,0,0,0,1,0,0,0,0
2,7,1.3333333333333333,Pop,1,0,0,0,30,0,1,0,2,1,1,0,1,1,0,0,0,4/4,C,130,45,73,29,-9,49,0,0,1,1,0,0,0,0,0,0,0,0,0,0,0,0,0,0,0,0,0,0,0,0,0,0,241,0,45,14,0,0,1,0,0,0,0,0,Love;Faithfulness,0,0,0,0,0,0,0,0,0,0
2,3.6666666666666665,3.3333333333333335,Rock,0,0,0,0,25,1,1,0,1,1,1,1,1,1,1,0,1,4/4,C,127,89,55,82,-7,11,0,0,1,1,0,0,0,0,0,0,0,0,0,0,0,0,0,0,0,0,0,0,0,0,0,0,266,0,40,16,0,0,1,0,0,0,0,0,Unclear,0,0,0,0,0,0,0,0,0,0
5,7.666666666666667,0.6666666666666666,Funk/Soul,1,0,0,0,26,1,0,1,1,0,1,1,1,0,1,1,1,4/4,Am,127,89,88,89,-10,1,0,0,1,1,0,0,0,0,0,0,0,1,0,0,0,0,0,0,0,0,0,0,0,0,0,0,228,0,80,33,0,0,1,0,0,0,0,0,Lost Love;Lust/Sex,0,0,0,0,0,1,0,0,0,0
3,2.6666666666666665,1.3333333333333333,Rock,1,0,0,0,30,1,0,1,1,0,1,1,1,0,1,1,1,Free;4/4,Multiple Keys,115,72,78,79,-10,1,0,0,1,1,0,0,0,0,0,0,0,1,0,0,0,0,0,0,0,0,0,0,0,0,0,0,241,0,130,31,0,0,1,0,0,0,1,1,Ghosts;Jobs,0,1,0,0,0,1,0,0,0,0
3,6,1.3333333333333333,Rock,1,0,0,0,44,0,1,0,1,1,0,0,1,1,0,0,1,4/4,B,98,41,85,79,-12,22,0,1,1,0,1,0,0,0,0,0,0,0,0,0,0,0,0,0,0,0,0,0,0,0,0,0,226,0,42,19,0,0,1,0,0,0,0,0,Lust/Sex,0,0,0,0,0,0,0,0,0,0
1,7.333333333333333,1.3333333333333333,Pop,1,0,0,0,32,1,1,0,1,1,1,0,1,1,1,0,1,4/4,Gb,104,55,55,59,-10,5,0,0,1,0,0,0,0,0,0,0,0,0,0,0,0,0,0,0,0,0,0,0,0,0,0,0,270,0,19,19,0,0,1,0,0,0,0,0,Lost Love;Longing for Love,0,0,0,0,0,0,0,0,0,0
2,7.666666666666667,2.6666666666666665,Rock,1,0,0,0,26,1,0,1,2,2,1,0,2,2,1,0,1,4/4;Free,Gb,98,92,52,49,-8,1,0,0,1,1,0,0,0,0,0,0,0,0,0,0,0,0,0,0,0,0,0,0,0,0,0,0,227,0,110,29,0,0,0,0,0,0,0,0,Partying,0,0,1,0,0,1,0,0,0,0
3,6.666666666666667,0.6666666666666666,Pop,1,0,0,0,34,1,0,1,1,0,1,1,1,0,1,1,1,4/4,Db,114,56,75,67,-9,18,0,0,0,1,0,0,0,0,0,0,0,0,0,0,0,0,0,0,0,0,0,0,0,0,0,0,260,0,7,7,0,0,0,0,0,0,0,0,Love,0,0,0,0,0,1,0,0,0,0
2,5,2.6666666666666665,Rock;Funk/Soul,1,0,0,0,34,1,0,1,1,0,1,0,1,0,0,0,1,4/4,Dm,114,59,81,96,-9,29,0,0,1,1,1,1,0,0,0,0,0,0,0,0,0,0,0,0,0,0,1,0,0,0,0,0,221,0,91,13,0,0,1,0,0,0,0,0,Lust/Sex,0,0,0,0,0,0,0,0,0,0
3,7.333333333333333,1.3333333333333333,Pop,2,0,0,0,21,1,1,0,1,1,1,1,1,1,1,1,1,4/4,C,82,57,62,90,-12,27,0,1,1,1,0,1,0,0,0,0,0,0,0,1,0,0,0,0,0,0,0,0,0,0,0,0,231,0,31,12,0,0,1,0,0,0,0,0,Lost Love,0,0,0,0,0,0,0,0,0,0
2,6,1.3333333333333333,Pop,2,0,0,0,37,1,1,0,1,1,1,1,1,1,1,0,1,4/4,Am,115,72,80,93,-6,8,0,1,0,1,0,0,0,0,0,0,0,0,0,0,0,0,0,0,0,0,0,0,0,0,0,0,247,0,62,40,0,0,1,0,0,0,0,0,Lost Love,0,0,0,0,0,0,0,0,0,0
6,6.666666666666667,0.6666666666666666,Pop,1,0,0,0,26,0,1,0,1,1,0,0,1,0,0,0,0,4/4,Gb,120,66,77,97,-11,20,0,0,0,1,0,0,0,0,0,0,0,0,0,0,0,0,0,0,0,0,0,0,0,0,0,0,218,0,41,8,0,0,1,0,0,0,0,0,Love,0,0,1,0,0,0,0,0,0,0
2,5.333333333333333,2,Pop,0,0,0,0,34,1,1,0,1,1,1,1,1,1,1,0,1,4/4,Gb,81,47,48,42,-10,19,0,0,0,1,0,0,0,0,0,0,0,0,0,0,0,0,0,0,0,0,0,0,0,0,0,0,304,0,37,14,0,0,1,0,0,0,0,0,Longing for Love,0,0,0,0,0,0,0,0,0,0
3,4,2,Funk/Soul,2,0,0,0,21,1,1,0,1,1,1,1,1,1,1,1,1,4/4,Dm,153,63,57,79,-9,13,0,0,0,1,0,1,0,0,0,0,0,0,0,0,0,0,0,0,0,0,0,0,0,0,0,0,300,0,99,27,0,0,1,0,0,0,0,0,Lost Love,0,0,0,0,0,0,0,0,0,0
3,6.333333333333333,3.3333333333333335,Rock,0,0,0,0,33,1,1,0,1,1,1,1,1,1,1,1,1,4/4,A,156,48,41,19,-11,16,0,0,1,1,0,0,0,0,0,0,0,0,0,0,0,0,0,0,0,0,0,0,0,0,0,0,295,0,72,19,0,0,0,0,0,0,0,0,Longing for Love,0,0,0,0,0,0,0,0,0,0
2,3.3333333333333335,2,Pop,1,0,0,0,34,1,1,0,1,1,1,1,1,1,1,0,1,4/4,Multiple Keys,136,44,53,34,-9,79,0,0,0,1,1,1,0,0,0,0,0,0,0,0,0,0,0,0,0,0,1,0,0,0,0,0,262,0,99,15,0,0,1,0,0,0,0,0,Lost Love,0,0,0,0,0,0,0,0,0,0
4,7.666666666666667,1.3333333333333333,Pop,0,1,0,0,31,2,2,2,1,0,1,1,1,2,0,0,0,4/4,E,73,45,53,29,-15,19,0,0,0,1,1,0,0,0,0,0,0,0,0,0,0,0,0,0,0,0,0,0,0,0,0,0,382,0,31,26,0,0,0,0,0,0,0,0,Redemption;Respect,0,0,0,0,0,0,0,0,0,0
1,7,1.3333333333333333,Pop,1,0,0,0,26,0,1,0,1,1,0,0,2,2,1,0,0,4/4,E,95,72,66,51,-7,11,0,0,0,1,0,1,0,0,0,1,0,0,0,0,0,0,0,0,0,0,0,0,0,0,0,0,224,0,41,23,0,0,1,0,0,0,0,0,Lust/Sex,0,0,0,0,0,1,0,0,0,0
1,6.333333333333333,1.3333333333333333,Rock,0,0,0,0,25,1,2,2,1,1,0,0,1,1,0,0,1,4/4,D,111,82,66,68,-7,17,0,0,0,1,0,0,0,0,0,0,0,0,0,0,0,0,0,0,0,0,0,0,0,0,0,0,263,0,42,19,0,0,1,0,0,0,0,0,Lust/Sex,0,0,0,0,0,1,0,0,0,0
2,3.6666666666666665,3.3333333333333335,Pop,2,0,0,0,21,1,1,0,1,1,1,1,1,1,1,1,1,4/4,Gbm,115,46,90,96,-16,32,0,0,0,1,0,0,0,0,0,0,0,0,0,0,0,0,0,0,0,0,0,0,0,0,0,0,302,0,78,34,0,0,1,0,0,0,0,0,Marriage;Bad Relationships,0,0,1,0,0,0,0,0,0,0
2,7.333333333333333,1.3333333333333333,Electronic/Dance,0,0,0,0,23,1,1,0,1,1,1,0,1,1,0,0,1,12/8,D,112,80,64,54,-12,35,0,0,1,1,0,0,0,0,0,0,0,0,0,0,0,0,0,0,0,0,0,0,0,0,0,0,251,0,128,28,0,0,1,0,0,0,0,0,Lost Innocence;Violence;War,0,0,0,0,0,0,0,0,0,0
2,6.666666666666667,0.6666666666666666,Rock,1,0,0,0,25,1,1,0,1,1,1,0,1,1,1,0,1,4/4,Am,140,59,38,34,-7,5,0,0,1,0,0,0,0,0,0,0,0,0,0,0,0,0,0,0,0,0,0,0,0,0,0,0,243,0,48,16,0,0,1,0,0,0,1,1,Love,0,0,0,0,0,0,0,0,0,0
1,4.666666666666667,1.3333333333333333,Electronic/Dance,1,0,0,0,34,1,1,0,1,1,1,1,1,1,1,0,1,4/4,F,121,94,71,73,-5,5,0,1,0,1,0,1,0,0,0,0,0,0,0,0,0,0,0,0,0,0,0,0,0,0,0,0,263,0,63,19,0,0,1,0,0,0,1,1,Love,0,0,0,0,0,0,0,0,0,0
2,4.333333333333333,2,Rock,0,0,0,0,33,1,1,0,1,1,1,0,1,2,1,0,1,4/4,Multiple Keys,125,81,71,78,-5,2,0,1,0,0,1,1,0,0,0,0,0,0,0,0,0,0,0,0,0,0,0,0,0,0,0,0,207,0,62,21,0,0,0,0,0,0,0,0,Murder;Death,0,0,0,0,0,1,0,0,0,0
1,6,1.3333333333333333,Pop,1,0,0,0,29,1,1,0,1,1,0,0,1,1,0,0,0,4/4,F,164,64,61,71,-11,18,0,0,1,0,0,0,0,0,0,0,0,1,0,0,0,0,0,0,0,0,0,1,0,0,0,0,260,0,66,27,0,0,1,0,1,0,0,1,Lost Love,0,0,0,0,0,0,0,0,0,0
3,6.666666666666667,0.6666666666666666,Electronic/Dance,0,0,0,0,23,1,1,0,1,1,1,1,1,1,0,0,0,4/4,Gm,97,93,54,43,-10,22,0,0,1,1,0,1,0,0,0,0,0,0,0,0,0,0,0,0,0,0,0,0,0,0,0,0,246,0,69,4,0,0,1,0,0,0,0,0,Anger;Escape,0,0,1,0,0,0,0,0,0,0
2,6.666666666666667,0.6666666666666666,Rock,0,0,0,0,35,1,1,0,1,1,1,1,1,1,1,1,1,4/4,F,119,83,77,96,-5,10,0,0,1,1,0,0,0,0,0,0,0,0,0,0,0,0,0,0,0,0,0,0,0,0,0,0,234,0,91,21,0,0,1,0,0,0,0,0,Love,0,0,0,0,0,1,0,0,0,0
2,3.3333333333333335,0.6666666666666666,Rock,1,0,0,0,32,1,1,0,1,1,1,0,1,2,0,0,1,4/4,Multiple Keys,111,60,61,47,-11,15,0,0,0,1,1,1,0,0,0,0,0,0,0,0,0,0,0,0,0,0,0,0,0,0,0,0,251,0,61,17,0,0,1,0,0,0,0,0,Dreaming;Empowerment,0,0,0,0,0,1,0,0,0,0
3,8,0,Rock,0,1,0,0,36,1,1,0,1,1,1,0,1,1,1,0,1,Free;4/4,Gm,134,68,68,83,-10,9,0,0,1,0,0,0,0,0,0,0,0,0,0,0,0,0,0,0,0,0,0,0,0,0,0,0,249,0,83,64,1,1,1,0,0,0,1,1,Band;Racism;Materialism,0,0,1,0,0,0,0,0,0,0
1,7.333333333333333,0.6666666666666666,Electronic/Dance,0,0,0,0,26,1,1,0,1,1,1,1,1,1,0,0,0,4/4,Gbm,84,90,57,88,-8,2,0,0,0,1,0,0,0,0,0,0,0,1,0,0,0,0,0,0,0,0,0,0,0,0,0,0,225,0,73,33,0,0,1,0,0,0,0,0,Longing for Love,0,0,0,0,0,0,0,0,0,0
1,9,1.3333333333333333,Pop,1,0,0,0,22,0,0,1,1,1,0,0,1,1,0,0,1,12/8,Gbm,99,26,64,26,-15,59,0,1,0,1,1,1,0,0,0,0,0,1,0,0,0,0,0,0,0,0,1,0,0,0,0,0,218,0,42,15,0,0,1,0,1,0,0,1,Forbidden Love;Infidelity;Lust/Sex,0,0,0,0,0,0,0,0,0,0
1,6.333333333333333,2,Pop,1,0,0,0,35,1,0,1,1,0,1,1,1,2,1,0,1,4/4,Bbm,174,82,69,95,-7,17,0,0,0,1,0,0,0,0,0,0,0,0,0,0,0,0,0,0,0,0,0,0,0,0,0,0,222,0,15,23,0,0,1,0,0,0,0,0,Forbidden Love;Infidelity;Lust/Sex,0,0,0,0,0,0,0,0,0,0
2,2.6666666666666665,2,Rock,0,1,0,0,40.5,2,1,0,1,1,1,0,1,1,0,0,1,4/4,F,144,81,66,73,-9,3,0,0,1,1,0,1,0,0,0,0,0,0,0,0,0,0,0,0,0,0,1,0,0,0,0,0,277,0,39,13,0,0,1,0,0,0,0,0,Playing Music,0,0,0,0,0,0,0,0,0,0
1,4,2,Pop,2,1,0,0,32.5,2,1,0,1,1,0,0,1,1,1,0,0,Free;4/4,E,93,31,32,19,-9,24,0,0,1,1,0,0,0,0,0,0,0,0,0,0,0,0,0,0,0,0,0,0,0,0,0,0,269,0,48,0,0,0,0,0,0,0,0,0,Lost Love,0,0,0,0,0,0,0,0,0,0
2,5.333333333333333,2,Rock,0,0,0,0,32,1,1,0,1,1,1,0,1,1,1,0,1,4/4,Dbm,99,54,54,49,-12,12,0,0,1,1,0,0,0,0,0,0,0,0,0,0,0,0,0,0,0,0,0,0,0,0,0,0,275,0,77,20,0,0,1,0,0,0,0,0,Getting Back Together;Love;Lost Love,0,0,0,0,0,0,0,0,0,0
4,6.666666666666667,2.6666666666666665,Pop,1,0,0,0,36,1,0,1,1,0,1,1,1,0,1,0,1,4/4,Ab,128,41,64,26,-11,35,0,0,1,1,1,0,0,0,0,0,0,0,0,0,0,0,0,0,0,0,0,0,0,0,0,0,241,0,30,16,0,0,0,0,0,0,0,0,Love,0,0,0,0,0,1,0,0,0,0
4,5.666666666666667,1.3333333333333333,Pop,0,1,0,0,45,2,2,2,2,1,0,0,2,1,0,0,1,4/4,Eb,120,29,67,20,-15,29,0,0,0,1,1,0,0,0,0,0,0,0,0,0,1,0,0,0,0,0,0,0,0,0,0,0,256,0,34,15,0,0,1,0,1,0,0,1,Appreciation;Friendship,0,0,0,0,0,1,0,0,0,0
2,7.666666666666667,0.6666666666666666,Electronic/Dance,1,0,0,0,22,0,0,1,2,2,0,0,1,0,0,0,1,4/4,Multiple Keys,119,54,83,93,-13,20,0,0,0,1,0,1,0,0,0,0,0,0,0,0,0,0,0,0,0,0,0,0,0,0,0,0,275,0,69,40,0,0,1,0,0,0,0,0,Longing for Love,0,0,0,0,0,0,0,0,0,0
2,4,0,Rock,0,0,0,0,32,1,1,0,1,1,1,0,1,1,1,0,1,Free;4/4,C,90,68,49,62,-9,29,0,0,0,1,0,0,0,0,0,0,0,0,0,0,0,0,0,0,0,0,0,0,0,0,0,0,257,0,42,45,1,1,0,0,0,0,0,0,God;Faithfulness,0,0,0,0,0,0,0,0,0,0
1,3.6666666666666665,2,Rock,0,0,0,0,41,2,1,0,2,1,0,0,1,1,0,0,1,4/4,Bb,100,81,64,37,-6,35,0,0,1,1,0,0,0,0,0,0,0,0,0,0,1,0,0,0,0,0,0,0,0,0,0,0,292,0,50,19,0,0,1,0,0,0,0,0,Lost Love,0,0,0,0,0,0,0,0,0,0
1,5.666666666666667,2,Rock,0,0,0,0,33.5,2,1,0,1,1,0,0,1,1,0,0,0,4/4,B,79,53,54,30,-10,51,0,0,0,1,0,0,0,0,0,0,0,0,0,0,0,0,0,0,0,0,0,0,0,0,0,0,228,0,32,28,0,0,1,0,0,0,0,0,Dreaming,0,0,0,0,0,0,0,0,0,0
3,3.3333333333333335,0.6666666666666666,Electronic/Dance,1,0,0,0,29,1,1,0,1,1,1,0,1,1,0,0,1,4/4,Am,88,82,61,89,-9,30,0,0,0,1,0,0,0,0,0,0,0,0,0,0,0,0,0,0,0,0,0,0,0,0,0,0,202,0,70,28,0,0,0,0,0,0,0,0,Playing Music,0,0,0,1,0,0,0,0,0,0
2,6.666666666666667,4.666666666666667,Funk/Soul,1,0,0,0,27,1,0,1,1,0,1,1,2,2,1,0,1,4/4,A,111,27,90,74,-12,1,0,0,1,0,0,0,0,0,0,0,0,1,0,0,0,0,0,0,0,0,0,0,0,0,0,0,226,0,66,9,0,0,1,0,0,0,0,0,Lust/Sex,0,0,0,0,0,1,0,0,0,0
1,6,3.3333333333333335,Rock,1,0,0,0,37,1,1,0,1,1,1,1,1,0,0,0,0,4/4,A,111,81,62,97,-6,37,0,0,1,0,0,0,0,0,0,0,0,0,0,0,0,0,0,0,0,0,0,0,0,0,0,0,235,0,43,25,0,0,1,0,0,0,0,0,Lust/Sex,0,0,0,0,0,0,0,0,0,0
1,7.666666666666667,0.6666666666666666,Electronic/Dance,2,1,0,0,28.5,1,1,0,1,1,1,1,1,1,0,0,0,4/4,Em,113,95,62,60,-7,4,0,1,0,1,0,1,0,0,0,0,0,0,0,0,0,0,0,0,0,0,0,0,0,0,0,0,240,0,119,44,0,0,1,0,0,0,0,0,Materialism;Poverty;Lust/Sex,0,0,0,0,0,0,0,0,0,0
3,8,2,Pop,1,0,0,0,22,0,0,1,2,1,0,0,1,1,0,0,1,4/4,A,131,31,50,25,-16,48,0,0,0,1,1,0,0,0,0,0,0,0,0,0,0,0,0,0,0,0,0,0,0,0,0,0,291,0,21,17,0,0,0,0,1,0,0,1,Love;Appreciation;Respect,0,0,0,0,0,1,0,0,0,0
1,4.666666666666667,0.6666666666666666,Pop,1,0,0,0,27,0,1,0,2,1,1,0,2,1,1,0,1,Free;4/4,Dm,110,31,67,27,-14,41,0,0,0,1,0,0,0,0,0,0,0,0,0,0,0,0,0,0,0,0,0,0,0,0,0,0,353,0,115,53,0,0,1,0,0,0,0,0,Survival;Secrets,0,0,0,0,0,1,0,0,0,0
3,6.333333333333333,2,Funk/Soul,2,1,0,0,38,2,2,2,2,1,0,0,2,1,0,0,1,4/4,F,92,40,62,48,-13,34,0,0,1,1,0,0,0,0,0,0,0,1,0,0,0,0,0,0,0,0,0,0,0,0,0,0,290,0,21,21,0,0,1,0,0,0,0,0,Lost Love,0,0,0,0,0,0,0,0,0,0
1,3.6666666666666665,3.3333333333333335,Funk/Soul,1,0,0,0,36,1,0,1,1,0,1,0,1,0,0,0,1,4/4,Multiple Keys,80,46,56,26,-8,75,0,0,0,1,1,0,0,0,0,0,0,0,0,0,0,0,0,0,0,0,0,0,0,0,0,0,292,0,72,24,0,0,0,0,0,0,0,0,Love,0,0,0,0,0,0,0,0,0,0
1,6.333333333333333,0.6666666666666666,Funk/Soul,0,0,0,0,26,2,1,0,1,1,1,0,1,1,0,0,0,4/4,Am,86,51,67,57,-10,47,0,1,1,1,1,1,0,0,0,0,0,0,0,0,0,0,0,0,0,0,0,0,1,0,0,0,266,0,103,23,0,0,1,0,0,0,0,0,Lost Love,0,0,0,0,0,0,0,0,0,0
1,7,1.3333333333333333,Pop,0,0,0,0,35,1,1,0,1,1,1,1,1,1,1,1,1,4/4,Multiple Keys,131,88,66,84,-6,34,0,1,1,1,0,0,0,0,0,0,0,0,0,0,0,0,0,0,0,0,0,0,0,0,0,0,209,0,34,17,0,0,1,0,0,0,0,0,Love;Bad Relationships,0,0,0,0,0,0,0,0,0,0
1,7.666666666666667,0.6666666666666666,Rock,1,0,0,0,36,1,1,0,1,1,1,1,1,1,1,0,1,4/4,Eb,96,61,65,64,-8,4,0,1,1,0,0,1,0,0,0,0,0,0,0,0,0,0,0,0,0,0,0,0,0,0,0,0,291,0,54,21,0,0,1,0,0,0,0,0,Lust/Sex,0,0,0,0,0,0,0,0,0,0
2,4.333333333333333,2,Pop,1,0,0,0,41,1,1,0,1,1,1,0,1,1,0,0,0,4/4,F,145,58,52,31,-8,8,0,0,1,1,1,0,0,0,0,0,0,0,0,0,0,0,0,0,0,0,0,0,0,0,0,0,288,0,71,13,0,0,1,0,0,0,0,0,Love,0,0,0,0,0,1,0,0,0,0
2,6.333333333333333,1.3333333333333333,Electronic/Dance,1,0,0,0,28,0,1,0,2,1,1,0,2,2,1,0,1,4/4,Fm,122,91,81,97,-9,31,0,1,1,0,1,0,0,0,0,0,0,0,0,0,0,0,0,0,0,0,0,0,0,0,0,0,269,0,82,32,0,0,1,0,0,0,0,0,Illigitimacy;Child Birth;Growing Up,1,0,0,0,0,0,0,0,0,0
1,7.666666666666667,0.6666666666666666,Funk/Soul;Pop,1,0,0,0,38,1,1,0,1,1,1,0,1,1,1,0,1,4/4,F,99,89,70,91,-7,5,0,1,1,0,0,1,0,0,0,0,0,0,0,0,0,0,0,0,0,0,0,0,0,0,0,0,252,0,33,10,0,0,1,0,0,0,0,0,Longing for Love,0,0,0,0,0,0,0,0,0,0
1,5.333333333333333,3.3333333333333335,Electronic/Dance,0,1,0,0,25.666666666666668,0,1,0,1,1,0,0,1,1,0,0,0,4/4,G,126,96,72,91,-5,9,0,0,0,1,0,0,0,0,0,0,0,0,0,0,0,0,0,0,0,0,0,0,0,0,0,0,229,0,51,19,0,0,1,0,1,0,1,1,Lust/Sex,0,0,0,0,0,0,0,0,1,0
1,4,2,Pop,0,0,0,0,25,2,1,0,1,1,0,0,1,1,0,0,1,4/4,Ab,96,61,48,58,-13,19,0,1,0,1,0,0,0,0,0,0,0,1,0,0,0,0,0,0,0,0,0,0,0,0,0,0,242,0,89,12,0,0,1,0,0,0,0,0,Love,0,0,0,0,0,1,0,0,0,0
3,6.333333333333333,0.6666666666666666,Rock,0,0,0,0,36,1,1,0,1,1,1,1,1,1,1,1,1,4/4,C,121,54,70,63,-11,9,1,0,1,0,0,0,0,0,0,0,0,0,0,0,0,0,0,0,0,0,0,0,0,0,0,0,269,0,68,18,0,0,1,0,0,0,0,0,Love,0,0,0,0,0,0,0,0,0,0
2,6.333333333333333,0.6666666666666666,Pop,1,0,0,0,20,0,0,1,1,0,0,0,2,0,1,0,1,4/4,A,116,64,76,71,-11,8,0,1,0,1,0,1,0,0,0,0,0,0,0,0,0,0,0,0,0,0,0,0,0,0,0,0,235,0,99,50,0,0,1,0,0,0,0,0,Love,0,0,0,0,0,0,0,0,0,0
2,6.666666666666667,2,Pop,1,0,0,0,33,0,1,0,1,1,0,0,2,1,1,0,0,4/4,C,172,14,39,26,-17,79,0,0,1,0,0,0,0,0,0,0,0,0,0,0,0,0,0,0,0,0,0,0,0,0,0,0,226,0,63,15,0,0,0,0,0,0,0,0,Appreciation,0,0,0,0,0,0,0,0,0,0
2,5,1.3333333333333333,Rock,0,0,0,0,39,1,1,0,1,1,1,1,1,1,1,1,1,4/4,G,125,42,45,26,-14,32,0,0,1,0,0,0,0,0,0,0,0,0,0,0,0,0,0,0,0,0,0,0,0,0,0,0,256,0,73,8,0,0,0,0,0,0,0,0,Longing for Love,0,0,0,0,0,0,0,0,0,0
1,5.666666666666667,1.3333333333333333,Pop,0,1,0,0,31,2,1,0,1,0,0,0,1,0,0,0,1,4/4,Ab,101,53,64,52,-11,7,0,0,0,1,0,0,0,0,0,0,0,1,0,0,0,0,0,0,0,0,0,0,0,0,0,0,229,0,68,38,0,0,1,0,0,0,0,0,Infidelity,0,1,0,0,0,0,0,0,0,0
1,5.666666666666667,0.6666666666666666,Rock,0,0,0,0,24,1,1,0,1,2,1,0,1,1,0,0,0,4/4,Cm,123,96,54,81,-3,7,0,0,1,0,0,0,0,0,0,0,0,0,0,0,0,0,0,0,0,0,0,0,0,0,0,0,222,0,51,31,0,0,1,0,0,0,1,1,Lost Love;Bad Relationships,0,0,1,0,0,0,0,0,0,0
1,5,2.6666666666666665,Pop,2,1,0,0,34,2,1,0,1,1,0,0,1,1,0,0,0,4/4,Ab,118,35,66,37,-13,49,0,0,1,1,0,0,0,0,0,0,0,0,0,0,0,0,0,0,0,0,0,0,0,0,0,0,225,0,32,29,0,0,1,0,0,0,0,0,Longing for Love,0,0,0,0,0,0,0,0,0,0
1,7.666666666666667,2,Pop,0,0,0,0,32,1,1,0,1,1,1,1,1,1,1,0,1,4/4,G,111,69,58,53,-12,61,0,0,0,1,0,0,0,0,0,0,0,0,0,0,0,0,0,0,0,0,0,0,0,0,0,0,298,0,189,50,0,0,1,0,0,0,0,0,Racism;Jobs,1,0,0,0,0,0,0,0,0,0
4,7.333333333333333,0.6666666666666666,Rock,0,1,0,0,27.75,0,1,0,1,1,0,0,1,1,0,0,0,4/4,B,103,89,72,82,-8,0,0,1,1,0,0,0,0,0,0,0,0,0,0,0,0,1,0,0,0,0,0,0,0,0,0,0,204,0,87,15,0,0,1,0,0,0,0,0,Dancing,0,0,0,0,0,0,0,1,0,0
1,3.6666666666666665,2,Funk/Soul,1,0,0,0,32,1,0,1,1,0,1,1,1,0,1,1,1,4/4,D,95,47,79,83,-10,52,0,0,0,1,0,0,0,0,0,0,0,1,0,0,0,0,0,0,0,0,0,0,0,0,0,0,245,0,28,20,0,0,1,0,0,0,1,1,Lust/Sex,0,1,0,0,0,0,0,0,0,0
2,6,2.6666666666666665,Funk/Soul,0,0,0,0,42,1,1,0,1,1,1,1,1,1,0,0,0,3/4;Free,Gb,85,26,32,15,-11,64,0,0,0,1,0,1,0,0,0,0,0,1,0,0,0,0,0,0,1,0,1,0,0,0,0,0,261,0,48,13,0,0,0,1,0,0,0,0,Lost Love;Longing for Love,0,0,0,0,0,0,0,0,0,0
1,5.666666666666667,1.3333333333333333,Electronic/Dance,1,0,0,0,28,0,1,0,2,1,1,0,2,1,1,0,1,4/4,F,114,88,62,89,-9,4,0,0,1,1,0,1,0,0,0,0,0,0,0,0,0,0,0,0,0,0,0,0,0,0,0,0,253,0,57,19,0,0,1,0,0,0,0,0,Lust/Sex,0,0,0,0,0,0,0,0,0,0
4,5.333333333333333,0.6666666666666666,Rock,0,0,0,0,24,1,1,0,1,2,1,0,1,1,0,0,0,4/4,Multiple Keys,123,89,53,80,-4,8,0,1,1,1,0,0,0,0,0,0,0,0,0,0,0,0,0,0,0,0,0,0,0,0,0,0,249,0,67,46,0,0,1,0,0,0,0,0,Survival;Love,1,1,0,0,0,0,0,0,0,0
1,6,1.3333333333333333,Rock,0,0,0,0,36,1,1,0,1,1,0,0,1,1,1,1,0,4/4,F,118,58,67,66,-13,1,0,1,1,0,0,0,0,0,0,0,0,0,0,0,0,0,0,0,0,0,0,0,0,0,0,0,213,0,72,13,0,0,1,0,0,0,0,0,Empowerment;Better Days,1,0,0,0,0,0,0,0,0,0
2,6,0,Pop,0,1,0,0,42,2,1,0,2,1,0,0,1,0,0,0,0,4/4,Gb,96,80,64,53,-5,3,0,0,1,0,0,0,0,0,0,0,0,1,0,0,0,0,0,0,0,0,0,0,0,0,0,0,270,0,42,22,0,0,1,0,0,0,0,0,Love,0,0,0,0,0,1,0,0,0,0
2,5.333333333333333,1.3333333333333333,Rock,2,1,0,0,34,2,2,2,1,1,0,0,1,0,0,0,0,4/4,E,108,84,72,68,-5,26,0,0,1,0,0,0,0,0,0,0,0,0,0,0,0,0,0,0,0,0,0,0,0,0,0,0,238,0,32,26,0,0,1,0,0,0,0,0,Love,0,0,0,0,0,0,0,0,0,0
2,4,1.3333333333333333,Rock,0,0,0,0,28,1,1,0,1,1,1,1,1,1,1,0,1,4/4,Bm,125,73,62,51,-11,2,0,0,1,0,1,0,0,0,0,0,0,0,0,0,0,0,0,0,0,0,0,0,0,0,0,0,280,0,86,15,0,0,1,0,0,0,0,0,Lust/Sex;Bad Relationships,1,0,0,0,0,0,0,0,0,0
3,9.333333333333334,0.6666666666666666,Rock,0,0,0,0,27,1,1,0,1,1,1,1,1,1,0,0,0,4/4,D,110,54,55,12,-7,0,0,0,1,0,0,0,0,0,0,0,0,1,0,0,0,0,0,0,0,0,0,0,0,0,0,0,354,0,124,28,0,0,1,0,0,0,0,0,Lost Love;Bad Relationships,0,0,0,0,0,0,0,0,0,0
1,5,1.3333333333333333,Electronic/Dance,1,1,0,0,26,0,1,0,1,0,0,0,1,1,0,0,0,4/4,Multiple Keys,123,68,69,71,-12,8,0,1,0,1,0,1,0,0,0,0,0,1,0,0,0,0,0,0,0,0,0,0,0,0,0,0,255,0,70,20,0,0,1,0,1,0,0,1,Bad Relationships,0,1,0,0,0,0,0,0,1,0
1,3.6666666666666665,1.3333333333333333,Pop,0,1,0,0,23,2,0,1,1,0,1,1,1,0,1,1,1,4/4,G,132,47,59,36,-10,50,0,0,0,1,1,1,0,0,0,0,0,0,0,0,0,0,0,0,0,0,0,0,1,0,0,0,239,0,15,15,0,0,1,0,0,0,0,0,Love,0,0,0,0,0,0,0,0,0,0
1,3.3333333333333335,1.3333333333333333,Pop,0,0,0,0,20,2,0,2,1,0,1,0,1,0,1,0,1,4/4,Bm,114,51,88,84,-11,4,0,1,1,0,0,0,0,0,0,0,0,0,0,0,0,0,0,0,0,0,0,0,0,0,0,0,241,0,69,20,0,0,0,0,0,0,1,1,Love;Lust/Sex,0,0,0,0,0,0,0,0,0,0
2,8.666666666666666,0.6666666666666666,Electronic/Dance,1,0,0,0,23,0,0,1,2,1,0,0,1,0,0,0,0,4/4,Gb,119,82,71,87,-9,21,0,0,0,1,0,1,0,0,0,0,0,1,0,0,0,0,0,0,0,0,0,0,0,0,0,0,291,0,33,33,0,0,1,0,0,0,0,0,Dancing;Longing for Love,0,1,0,0,0,0,0,0,0,0
3,5.666666666666667,1.3333333333333333,Rock,0,0,0,0,34.5,2,1,0,1,1,0,0,1,1,0,0,0,4/4,Db,175,45,42,17,-13,64,0,0,1,1,0,0,0,0,0,0,0,0,0,0,0,0,0,0,0,0,0,0,0,0,0,0,219,0,87,11,0,0,0,0,1,0,0,1,Lust/Sex,0,0,0,0,0,0,0,0,0,0
1,4,1.3333333333333333,Rock,1,0,0,0,42,1,1,0,1,1,1,0,1,1,0,0,1,4/4,E,171,94,57,50,-5,3,0,0,1,1,0,1,0,0,0,0,0,0,0,0,0,0,0,0,0,0,0,0,0,0,0,0,241,0,63,16,0,0,0,0,0,0,0,0,Fighting,0,0,0,0,0,1,0,0,0,0
2,10,0,Rock,0,0,0,0,27,1,1,0,1,1,1,1,1,1,0,0,0,4/4,Db,101,77,56,66,-9,1,0,0,1,0,0,0,0,0,0,0,0,0,0,0,0,0,0,0,0,0,0,0,0,0,0,0,277,0,89,28,0,0,1,0,0,0,0,0,God;Faithfulness;Doubt,0,0,0,0,0,0,0,0,0,0
1,2.6666666666666665,0.6666666666666666,Electronic/Dance,1,0,0,0,29,0,1,0,2,1,1,0,2,1,1,0,1,4/4,Am,104,65,62,83,-14,21,0,0,0,1,0,1,0,0,0,0,0,0,0,0,0,0,0,0,0,0,0,0,0,0,0,0,239,0,41,21,0,0,1,0,0,0,0,0,Bad Relationships,0,0,0,1,0,1,0,0,0,0
3,6.333333333333333,2.6666666666666665,Rock,0,0,0,0,32,1,0,0,1,0,0,0,1,1,0,0,0,4/4,C,156,76,51,87,-12,14,0,0,1,0,0,0,1,0,0,0,0,0,0,0,0,0,0,0,0,0,0,0,0,0,0,0,174,0,88,6,0,0,1,0,1,0,0,1,Dancing,0,0,0,1,0,0,0,0,0,0
1,4.666666666666667,2,Pop,2,1,0,0,28,2,0,1,1,0,1,1,1,0,1,0,1,4/4,C,100,47,66,28,-9,67,0,0,0,1,0,0,0,0,0,0,0,0,0,1,0,0,0,0,0,0,0,0,0,0,0,0,251,0,37,34,0,0,1,0,0,0,0,0,Love,0,0,0,0,0,0,0,0,0,0
2,5,2,Pop,1,0,0,0,24,0,0,1,1,1,0,0,1,1,0,0,1,4/4,Multiple Keys,131,62,55,27,-5,37,0,0,0,1,1,0,0,0,0,0,0,0,0,0,0,0,0,0,0,0,0,0,0,0,0,0,278,0,29,19,0,0,0,0,0,0,0,0,Lost Love,0,0,0,0,0,0,0,0,0,0
1,6.333333333333333,0.6666666666666666,Rock,0,0,0,0,36,1,1,0,1,1,1,1,1,1,0,0,0,4/4,G,90,85,38,27,-6,15,0,0,1,1,0,0,0,0,0,0,0,1,0,0,0,0,0,0,0,0,0,0,0,0,0,0,275,0,64,12,0,0,1,0,0,0,0,0,Empowerment;Redemption,0,0,0,0,0,0,0,0,0,0
1,3.6666666666666665,2.6666666666666665,Pop,0,0,0,0,20,2,0,2,1,0,1,0,1,0,1,0,1,4/4,C,120,78,81,96,-10,2,0,1,0,0,0,1,0,0,0,0,0,0,0,0,0,0,0,0,0,0,1,0,0,0,0,0,289,0,123,31,0,0,0,0,0,0,0,0,Longing for Love,0,0,0,0,0,0,0,0,0,0
2,6.333333333333333,0.6666666666666666,Electronic/Dance,1,0,0,0,29,1,0,1,1,0,1,1,1,0,1,0,1,4/4,Multiple Keys,114,89,79,39,-4,0,0,1,0,0,0,1,0,0,0,0,0,1,0,0,0,0,0,0,0,0,0,0,0,0,0,0,247,0,56,18,0,0,0,0,0,0,0,0,Anger;Fighting;Badassery,0,0,0,0,0,0,0,0,0,0
2,5.333333333333333,2,Pop;Electronic/Dance,1,0,0,0,16,0,1,0,1,1,0,0,1,1,0,0,0,4/4,D,131,72,75,94,-12,3,0,0,0,1,0,0,0,0,0,0,0,0,0,0,0,0,0,0,0,0,0,0,0,0,0,0,228,0,46,19,0,0,1,0,1,0,0,1,Lust/Sex;Growing Up,0,0,0,0,0,0,0,0,0,0
1,6.333333333333333,0.6666666666666666,Rock,1,0,0,0,31,1,1,0,1,1,0,0,1,1,0,0,0,4/4,F,142,82,54,51,-12,1,0,0,1,1,0,0,0,0,0,0,0,0,0,0,0,0,0,0,0,0,0,0,0,0,0,0,246,0,97,25,0,0,0,1,1,0,0,1,Lust/Sex,0,1,0,0,0,0,0,0,0,0
1,6.333333333333333,0.6666666666666666,Pop,2,1,0,0,43.5,2,1,0,1,1,0,0,1,1,0,0,0,4/4,E,109,67,70,49,-13,4,0,1,1,1,0,1,0,0,0,0,0,0,0,0,0,0,0,0,0,0,1,0,0,0,0,0,290,0,57,6,0,0,1,0,0,0,0,0,Love;Longing for Love,0,0,0,0,0,1,0,0,0,0
1,6,0,Rock,1,0,0,0,29,0,1,0,2,1,0,0,1,1,0,0,1,4/4,E,123,81,64,80,-10,3,0,0,1,0,0,0,0,0,0,0,0,0,0,0,0,0,0,0,0,0,0,0,0,0,0,0,247,0,68,0,0,0,1,0,0,0,0,0,Love,0,0,0,0,0,0,0,0,0,0
4,8,0,Pop,1,0,0,0,24,1,1,0,1,1,1,1,1,1,1,1,1,Free;4/4,B,96,48,89,61,-12,1,0,0,1,0,0,0,0,0,0,0,0,0,0,1,0,0,0,0,0,0,0,0,0,0,0,0,194,0,61,40,0,0,0,0,0,0,1,1,Lust/Sex;Love,0,0,0,0,0,0,0,0,0,0
1,5.333333333333333,2,Electronic/Dance,1,0,0,0,24,0,0,1,1,1,0,0,1,0,0,0,0,4/4,Bm,119,79,70,80,-10,27,0,1,1,0,0,0,0,0,0,0,0,0,0,1,0,0,0,0,0,0,0,0,0,0,0,0,276,0,60,24,0,0,1,0,0,0,0,0,Lust/Sex,0,1,0,0,0,0,0,0,0,0
1,5.666666666666667,0.6666666666666666,Rock,1,0,0,0,47,1,1,0,1,0,0,0,1,1,1,0,0,4/4,E,149,85,77,96,-7,47,0,0,1,0,0,1,0,0,0,0,0,0,0,0,0,0,0,0,0,0,1,0,0,0,0,0,234,0,46,5,0,0,1,0,1,0,0,1,Longing for Love,0,0,0,0,0,0,0,0,0,0
1,6.666666666666667,0.6666666666666666,Electronic/Dance;Funk/Soul,1,0,0,0,29,1,0,1,1,0,1,1,1,0,1,0,1,4/4,E,172,81,74,50,-6,5,0,0,0,0,0,1,0,0,0,0,0,0,0,0,0,0,0,0,0,0,0,0,0,0,0,0,266,0,63,27,0,0,1,0,0,0,0,0,Love;Lust/Sex,0,0,0,0,0,0,0,0,0,0
1,5.333333333333333,2.6666666666666665,Rock,0,0,0,0,28,1,1,0,1,1,1,1,1,1,0,0,0,4/4,Cm,109,72,80,88,-5,7,0,0,1,0,0,0,0,0,0,0,0,0,0,0,0,0,0,0,0,0,0,0,0,0,0,0,181,0,32,20,0,0,0,0,0,0,0,0,Lust/Sex,0,1,0,0,0,0,0,0,0,0
2,6,0,Rock,1,0,0,0,16,0,1,0,0,1,0,0,1,1,0,0,0,6/8,Db,99,24,47,14,-16,55,0,0,1,0,0,0,0,0,0,0,0,0,0,0,0,0,0,0,0,0,0,0,0,0,0,0,213,0,47,7,0,0,0,0,1,0,0,1,Lost Love,0,0,0,0,0,0,0,0,0,0
1,3,1.3333333333333333,Pop,0,0,0,0,23.333333333333332,0,1,0,1,0,0,0,1,1,0,0,1,4/4,Am,174,62,60,74,-11,22,0,1,0,1,0,1,0,0,0,0,0,0,0,0,0,0,0,0,0,0,1,0,0,0,0,0,256,0,47,12,0,0,1,0,0,0,0,0,Lost Love,0,0,0,0,0,0,0,0,0,0
2,5,1.3333333333333333,Funk/Soul,1,0,0,0,24,1,1,0,1,1,1,1,1,1,1,1,1,4/4,Abm,102,33,69,28,-13,16,0,0,0,1,0,0,0,0,0,0,0,0,0,1,0,0,0,0,0,0,0,0,0,0,0,0,340,0,96,38,0,0,0,0,0,0,0,0,Lust/Sex,0,0,0,0,0,0,0,0,0,0
2,4.333333333333333,1.3333333333333333,Electronic/Dance,1,0,0,0,22,1,1,0,1,1,0,0,1,1,0,0,1,4/4,Db,113,94,73,92,-12,14,0,1,0,1,0,0,0,0,0,0,0,0,0,0,0,0,0,0,0,0,0,0,0,0,0,0,213,0,36,19,0,0,1,0,0,0,0,0,Love;Faithfulness,0,0,0,0,0,0,0,0,0,0
2,7.333333333333333,1.3333333333333333,Funk/Soul,1,0,0,0,29,1,0,1,2,2,0,0,1,0,1,0,0,4/4,G,100,81,81,27,-5,52,0,0,0,1,0,0,0,0,0,0,0,0,0,1,0,0,0,0,0,0,0,0,0,0,0,0,318,0,10,10,0,0,0,0,0,0,0,0,Growing Up;Enlightenment,0,0,0,0,0,0,0,0,0,0
2,4,2,Pop,1,0,0,0,38,1,0,1,1,2,1,0,1,1,0,0,1,4/4,Multiple Keys,117,91,67,92,-6,9,0,0,0,0,0,1,0,0,0,0,0,0,0,0,0,0,0,0,0,0,0,0,0,0,0,0,284,0,55,42,0,0,1,0,0,0,1,1,Longing for Love;Lust/Sex,0,1,0,0,0,0,0,0,0,0
2,5.666666666666667,2,Pop,1,0,0,0,24,0,0,1,1,2,0,0,1,0,0,0,0,4/4,D,62,39,46,25,-12,63,0,0,0,1,1,0,0,0,0,0,0,0,0,0,0,0,0,0,0,0,0,0,0,0,0,0,277,0,32,12,0,0,0,0,0,0,0,0,Lost Love,0,0,0,0,0,0,0,0,0,0
1,5.333333333333333,0.6666666666666666,Rock;Funk/Soul,1,0,0,0,26,1,0,1,1,2,1,0,1,2,1,0,1,4/4,Bb,105,46,86,83,-13,10,0,0,1,0,0,0,0,0,0,0,0,1,0,0,0,0,0,0,0,0,0,0,0,0,0,0,210,0,48,8,0,0,1,0,0,0,0,0,Lust/Sex,0,0,0,0,0,0,0,0,0,0
2,7,0,Pop,0,0,0,0,30,2,0,0,0,0,1,1,1,2,1,0,0,4/4,Gb,144,43,57,21,-14,52,0,0,1,1,0,1,0,0,0,0,0,0,0,0,0,0,0,0,0,0,0,0,0,0,0,0,243,0,103,27,0,0,1,0,0,0,0,0,Lost Love,0,0,0,0,0,0,0,0,0,0
3,6.666666666666667,0.6666666666666666,Funk/Soul,1,0,0,0,24,1,1,0,1,1,1,1,1,1,1,1,1,6/8,F,71,31,23,12,-11,61,0,0,0,1,1,0,0,0,0,0,0,1,0,0,0,0,0,0,0,0,0,0,0,0,0,0,353,0,67,26,0,0,0,0,0,0,0,0,Lost Love,0,0,0,0,0,0,0,0,0,0
1,3,1.3333333333333333,Electronic/Dance,1,0,0,0,22,1,1,0,1,1,0,0,1,1,0,0,1,4/4,D,115,95,67,89,-5,19,0,1,0,1,0,1,0,0,0,0,0,0,0,0,0,0,0,0,0,0,0,0,0,0,0,0,201,0,36,19,0,0,1,0,0,0,0,0,Longing for Love,0,0,0,0,0,0,0,0,0,0
1,3.6666666666666665,1.3333333333333333,Rock,1,0,0,0,17,0,1,0,0,1,1,1,0,1,1,1,1,4/4,Bbm,78,44,54,34,-11,27,0,1,0,0,1,1,0,0,0,0,0,1,0,0,0,0,0,0,0,0,1,0,0,0,0,0,202,0,68,32,0,0,0,0,0,0,0,0,Lost Love,0,0,0,0,0,0,0,0,0,0
1,6,1.3333333333333333,Rock,1,0,0,0,29,1,0,1,1,0,1,1,1,0,1,0,1,Free;4/4,Gm,131,80,75,37,-5,24,0,0,1,0,0,0,0,0,0,0,0,0,0,0,0,0,0,0,0,0,0,0,0,0,0,0,280,0,120,28,0,0,1,0,0,0,0,0,Lust/Sex;Bad Relationships,0,0,0,0,0,0,0,0,0,0
2,6.666666666666667,1.3333333333333333,Rock,0,0,0,0,35,1,1,0,1,1,0,0,1,1,0,0,0,4/4,E,97,62,63,30,-9,57,0,0,1,0,0,0,0,0,0,0,0,0,0,0,0,0,0,0,0,0,0,0,0,0,0,0,281,0,85,20,0,0,1,0,0,0,0,0,Lost Love;Longing for Love,0,0,0,0,0,0,0,0,0,0
1,4.666666666666667,1.3333333333333333,Pop,1,0,0,0,24,1,1,0,1,1,1,1,1,1,1,0,1,Free;4/4,Eb,145,21,35,18,-15,66,0,0,1,1,0,0,0,0,0,0,0,0,0,0,0,0,0,0,0,0,0,0,0,0,0,0,316,0,131,44,0,0,1,0,0,0,0,0,Lost Love,0,0,0,0,0,0,0,0,0,0
4,7,1.3333333333333333,Funk/Soul;Rock,1,0,0,0,40,1,1,0,1,2,1,0,1,1,1,0,1,4/4,G,117,87,75,96,-7,7,0,0,0,1,0,1,0,0,0,0,0,0,0,0,0,0,0,0,0,0,0,0,0,0,0,0,279,0,98,18,0,0,1,0,0,0,1,1,Better Times;Positivity,0,0,0,0,0,0,0,0,0,0
2,4.333333333333333,2,Electronic/Dance,1,0,0,0,25,1,1,0,1,1,1,1,1,2,1,0,1,4/4,Gbm,98,96,54,82,-7,5,0,1,0,0,0,0,0,0,0,0,0,0,0,0,0,0,0,0,0,0,0,0,0,0,0,0,289,0,80,25,0,0,1,0,0,0,0,0,Lust/Sex;Forbidden Love,0,0,0,0,0,0,0,0,0,0
2,9.333333333333334,0.6666666666666666,Rock,0,0,0,0,26,1,2,2,1,2,1,1,1,1,0,0,0,4/4,Gb,125,95,45,62,-5,9,0,0,1,0,0,0,0,0,0,0,0,0,0,0,0,0,0,0,0,0,0,0,0,0,0,0,356,0,175,46,0,0,0,0,0,0,0,0,Love,0,0,0,0,0,0,0,0,0,0
2,6,1.3333333333333333,Reggae,1,0,0,0,38,1,0,1,1,0,1,1,0,1,0,0,0,4/4,B,69,17,68,75,-23,88,1,0,0,0,0,0,0,0,0,0,0,1,0,1,0,0,0,0,0,0,0,0,0,0,0,0,294,0,45,30,0,0,1,0,0,0,0,0,Positivity,0,1,0,0,0,0,0,0,0,0
1,4.666666666666667,1.3333333333333333,Rock,0,0,0,0,39,1,1,0,1,1,1,0,1,1,0,0,1,4/4,Dm,130,74,59,41,-7,7,0,0,1,0,0,0,0,0,0,0,0,0,0,0,0,0,0,0,0,0,0,0,0,0,0,0,346,0,104,24,0,0,1,0,0,0,0,0,Lost Love,0,1,1,0,0,0,0,0,0,0
1,4.666666666666667,0.6666666666666666,Reggae,0,0,0,0,31,1,2,2,1,1,0,0,1,2,1,0,0,4/4,Db,89,47,86,84,-9,0,0,0,1,0,0,0,0,0,0,0,0,0,0,0,0,0,0,0,0,0,0,0,0,0,0,0,183,0,24,0,0,0,1,0,1,0,0,1,Lost Love,0,0,0,0,0,0,0,0,0,0
2,5.333333333333333,0.6666666666666666,Pop,1,0,0,0,37,1,1,0,0,1,0,0,2,1,1,0,0,4/4,G,144,31,45,18,-10,23,0,0,0,1,1,0,0,0,0,0,0,0,0,0,0,0,0,0,0,0,0,0,0,0,0,0,210,0,87,12,0,0,0,0,1,0,1,1,Love,0,0,0,0,0,0,0,0,0,0
1,6.666666666666667,0.6666666666666666,Pop,0,0,0,0,47,1,1,0,1,1,1,0,1,1,0,0,1,4/4,C,116,57,68,94,-12,1,0,0,1,0,0,1,1,0,0,0,0,0,0,0,0,0,0,0,0,0,1,0,0,0,0,0,217,0,23,4,0,0,1,0,0,0,0,0,Escape,0,0,0,0,0,1,0,0,0,0
1,4.666666666666667,0.6666666666666666,Rock,0,0,0,0,30,1,1,0,1,1,1,0,1,1,0,0,0,4/4,E,139,91,72,96,-6,2,0,1,1,0,0,1,0,0,0,0,0,0,0,0,0,0,0,0,0,0,0,0,0,0,0,0,244,0,69,14,0,0,0,0,0,0,1,1,Dystopia,0,0,0,0,0,0,0,0,0,0
2,4,1.3333333333333333,Rock,0,0,0,0,26,1,1,0,1,2,1,0,1,1,0,0,0,4/4,Em,119,97,56,81,-4,5,0,0,1,0,0,0,0,0,0,0,0,0,0,0,0,0,0,0,0,0,0,0,0,0,0,0,238,0,40,16,0,0,1,0,0,0,0,0,Lust/Sex,0,0,0,0,0,0,0,0,0,0
1,2.6666666666666665,1.3333333333333333,Pop,0,1,0,0,28,2,2,2,1,1,0,0,1,1,1,1,0,4/4,G,151,44,62,48,-12,2,0,1,0,1,0,0,0,0,0,0,0,0,0,0,0,0,0,0,0,0,0,0,0,0,0,0,247,0,13,13,0,0,1,0,1,0,0,1,Love;Lost Love,0,0,0,0,0,0,0,0,0,0
2,5,1.3333333333333333,Rock,0,0,0,0,41,1,1,0,0,1,0,0,1,1,0,0,0,4/4,A,173,56,39,19,-7,46,0,0,1,1,0,0,0,0,0,0,0,0,0,0,0,0,0,0,0,0,0,0,0,0,0,0,240,0,36,10,0,0,0,0,0,0,0,0,Lost Love,0,0,0,0,0,0,0,0,0,0
3,6.666666666666667,0.6666666666666666,Rock,0,0,0,0,25,1,1,0,1,1,1,1,1,1,0,0,0,4/4,Gb,140,64,53,29,-6,16,0,0,1,0,0,0,0,0,0,0,0,0,0,0,0,0,0,0,0,0,0,0,0,0,0,0,260,0,83,17,0,0,0,0,0,0,0,0,Lost Love,0,0,0,0,0,0,0,0,0,0
1,7,2.6666666666666665,Electronic/Dance,1,0,0,0,19,1,0,1,1,0,1,0,1,0,1,0,1,4/4,Am,110,75,72,63,-6,9,0,0,0,0,0,0,0,0,0,0,0,0,0,0,0,0,0,0,0,0,0,0,0,0,0,0,271,0,22,22,0,0,1,0,0,0,0,0,Badassery;Lust/Sex,0,1,1,0,0,0,0,0,0,0
2,6.333333333333333,1.3333333333333333,Pop,1,0,0,0,37,1,1,0,1,2,1,0,1,2,1,0,1,4/4,Multiple Keys,156,91,58,71,-2,31,0,1,1,1,1,0,0,0,0,0,0,0,0,0,0,0,0,0,0,0,0,0,0,0,0,0,204,0,41,25,0,0,1,0,0,0,0,0,Love,0,0,0,0,0,0,0,0,0,0
1,6.666666666666667,0.6666666666666666,Rock,0,0,0,0,26,1,1,0,1,1,1,1,1,1,0,0,0,4/4,A,136,32,25,12,-11,27,0,0,1,1,0,0,0,0,0,0,0,1,0,0,0,0,0,0,0,0,0,0,0,0,0,0,233,0,18,18,0,0,0,0,0,0,0,0,Love,0,0,0,0,0,0,0,0,0,0
3,4,1.3333333333333333,Electronic/Dance,1,0,0,0,26,0,1,0,1,1,0,0,1,1,0,0,1,4/4,Dm,96,97,75,72,-3,49,0,1,0,0,0,0,0,0,0,0,0,1,0,0,0,0,0,0,0,0,0,0,0,0,0,0,231,0,11,11,0,0,1,0,0,0,0,0,Longing for Love;Bad Relationships;Lost Love,0,0,0,0,0,0,0,0,0,0
3,5,1.3333333333333333,Pop,1,0,0,0,18,0,1,0,0,1,1,1,0,1,1,1,1,4/4,C,144,61,48,24,-7,46,0,0,0,1,1,0,0,0,0,0,0,0,0,0,0,0,0,0,0,0,0,0,0,0,0,0,213,0,22,12,0,0,0,0,0,0,0,0,Love,0,0,0,0,0,0,0,0,0,0
1,7.666666666666667,2,Rock,0,0,1,0,38,1,1,0,1,1,1,0,1,1,1,0,1,4/4,Ab,98,42,52,31,-13,58,0,0,1,0,0,0,0,0,0,0,0,0,0,0,0,0,0,0,0,0,0,0,0,0,0,0,330,0,34,30,0,0,1,0,0,0,0,0,Death;Family;Regret;Time,1,0,0,0,0,0,0,0,0,0
1,6.666666666666667,2,Pop,0,0,0,0,30,0,1,0,2,1,1,0,1,1,0,0,0,4/4,G,79,36,53,40,-7,52,0,0,1,1,1,0,0,0,0,0,0,1,0,0,0,0,0,0,0,0,0,0,0,0,0,0,238,0,22,7,0,0,1,0,0,0,0,0,Love;Longing for Love,0,0,0,0,0,0,0,0,0,0
1,5.333333333333333,1.3333333333333333,Rock,2,1,0,0,30,2,1,0,1,1,1,1,1,1,0,0,0,4/4,A,95,84,63,54,-5,5,0,0,1,0,0,0,0,0,0,0,0,0,0,0,0,0,0,0,0,0,0,0,0,0,0,0,237,0,74,19,0,0,1,0,0,0,0,0,Lust/Sex,0,0,0,0,0,0,0,0,0,0
1,7,1.3333333333333333,Rock,0,0,0,0,27,1,2,2,1,2,1,1,1,2,1,0,1,4/4,D,109,69,80,96,-6,19,0,0,1,1,0,0,0,0,0,0,0,1,0,0,0,0,0,0,0,0,0,0,0,0,0,0,215,0,69,23,0,0,1,0,0,0,0,0,Lust/Sex,0,0,0,0,0,0,0,0,0,0
3,9.666666666666666,0.6666666666666666,Funk/Soul;Pop,1,0,0,0,30,0,1,0,2,1,1,0,2,1,1,0,1,4/4,F,111,84,62,26,-5,26,1,0,1,1,0,0,0,0,0,0,0,0,0,0,0,0,0,0,0,0,0,0,0,0,0,0,340,0,58,10,0,0,1,0,0,0,0,0,Lust/Sex,0,0,0,0,0,0,0,0,0,0
1,5,1.3333333333333333,Rock,0,1,0,0,29,1,1,0,1,1,1,1,1,1,0,0,0,4/4,D,73,73,44,23,-5,5,0,0,1,0,0,0,0,0,0,0,0,0,0,0,0,0,0,0,0,0,0,1,0,0,0,0,346,0,91,18,0,0,0,0,0,0,0,0,Love,0,0,0,0,0,0,0,0,0,0
2,4.666666666666667,1.3333333333333333,Electronic/Dance,1,1,0,0,26,0,1,0,1,1,0,0,1,1,0,0,1,4/4,D,120,89,70,75,-8,19,0,1,0,0,0,1,0,0,0,0,0,0,0,0,0,0,0,0,0,0,1,0,0,0,0,0,300,0,50,32,1,0,0,0,0,0,0,0,Love,0,0,0,0,0,0,0,0,0,0
1,7,1.3333333333333333,Pop,1,0,0,0,43,0,1,0,1,1,0,0,1,1,0,0,0,4/4,Bb,124,46,51,18,-8,55,0,0,0,1,1,0,0,0,0,0,0,0,0,0,0,0,0,0,0,0,0,0,0,0,0,0,293,0,27,18,0,0,0,0,1,0,0,1,Appreciation;Friendship,0,0,0,0,0,0,0,0,0,0
1,4.666666666666667,2,Pop,0,0,0,0,19,1,1,0,1,0,0,0,1,0,0,0,1,4/4,Multiple Keys,135,28,60,30,-17,28,0,0,0,1,0,0,0,0,0,0,0,1,0,0,0,0,0,0,0,0,0,0,0,0,0,0,263,0,51,34,0,0,1,0,0,0,0,0,Love,0,0,0,0,0,0,0,0,0,0
1,6,2.6666666666666665,Rock,1,0,0,0,25,1,1,0,1,1,1,1,1,1,1,0,1,4/4,Eb,109,91,57,84,-8,7,0,0,1,0,0,0,0,0,0,0,0,0,0,0,0,0,0,0,0,0,0,0,0,0,0,0,254,0,110,30,0,0,1,0,0,0,0,0,Lust/Sex,0,0,0,0,0,0,0,0,0,0
1,4.333333333333333,0.6666666666666666,Electronic/Dance,2,0,0,0,23.5,1,0,1,1,2,0,0,1,1,0,0,1,4/4,E,100,65,85,85,-13,1,0,1,0,1,0,0,0,0,0,0,0,0,0,0,0,0,0,0,0,0,0,0,0,0,0,0,249,0,27,27,1,1,0,0,0,1,0,1,Love;Lust/Sex,0,1,0,0,0,0,0,0,0,0
1,5,1.3333333333333333,Pop,0,0,0,0,28,1,2,2,1,2,1,1,1,2,1,1,1,4/4,D,165,59,75,89,-10,7,0,0,1,1,0,0,0,0,0,0,0,0,0,0,0,0,0,0,0,0,0,0,0,0,0,0,202,0,38,14,0,0,1,0,0,0,1,1,Lost Love,0,0,0,0,0,1,0,0,0,0
1,7,1.3333333333333333,Funk/Soul,0,0,0,0,29,1,1,0,1,0,0,0,1,1,0,0,0,6/8,Multiple Keys,94,35,64,20,-9,49,0,0,0,1,0,0,0,0,0,0,0,0,0,0,0,0,0,0,0,0,0,0,0,0,0,0,204,0,16,16,0,0,0,0,1,0,0,1,Lost Love;Infidelity,0,0,0,0,0,0,0,0,0,0
2,5.666666666666667,0.6666666666666666,Rock,1,0,0,0,20,0,1,0,2,1,1,0,1,0,0,0,1,4/4,Dbm,130,44,54,19,-14,2,0,0,1,1,0,0,0,0,0,0,0,0,0,0,0,0,0,0,0,0,0,0,0,0,0,0,260,0,39,20,0,0,1,0,0,0,0,0,Addiction,0,0,0,0,0,0,0,0,0,0
1,5.333333333333333,2,Funk/Soul;Rock,1,0,0,0,31,1,0,1,1,0,1,1,1,0,1,1,1,4/4,Multiple Keys,110,68,68,47,-9,28,0,0,1,0,0,0,0,0,0,0,0,0,0,0,0,0,0,0,0,0,0,0,0,0,0,0,247,0,85,28,0,0,0,0,0,1,1,1,Lust/Sex;Batman,0,1,1,0,0,1,0,0,0,0
3,6,1.3333333333333333,Pop,1,0,0,0,25,1,1,0,1,1,1,1,1,1,1,0,1,4/4,C,89,25,40,13,-14,80,0,0,1,1,0,0,0,0,0,0,0,0,0,0,0,0,0,0,0,0,0,0,0,0,0,0,264,0,105,46,0,0,0,0,0,0,0,0,Love,0,0,0,0,0,0,0,0,0,0
1,4,1.3333333333333333,Electronic/Dance,1,0,0,0,27,0,1,0,1,1,0,0,1,1,0,0,1,4/4,Gm,122,68,88,72,-9,15,0,1,0,1,0,0,0,0,0,0,0,0,0,0,0,0,0,0,0,0,0,0,0,0,0,0,231,0,63,16,0,0,1,0,0,0,0,0,Bad Relationships,0,0,0,0,0,0,0,0,0,0
1,3.3333333333333335,4,Rock,0,0,0,0,20,1,1,0,1,0,0,0,1,0,0,0,1,4/4,Dbm,92,70,75,62,-6,4,0,0,1,1,0,0,0,0,0,0,0,0,0,0,0,0,0,0,0,0,0,0,0,0,0,0,231,0,124,33,0,0,1,0,0,0,1,1,Badassery;Dancing,0,0,0,0,0,0,0,0,0,0
1,6.333333333333333,1.3333333333333333,Pop,1,0,0,0,32,0,0,0,0,0,1,1,1,2,0,0,0,4/4,F,82,36,55,47,-14,41,0,1,0,1,0,0,0,0,0,0,0,0,0,0,0,0,0,0,0,0,0,0,0,0,0,0,250,0,0,0,0,0,1,0,0,0,0,0,Love;Lost Love,0,0,0,0,0,0,0,0,0,0
2,4.666666666666667,4,Funk/Soul,2,0,0,0,23.5,1,0,1,1,1,0,0,1,1,0,0,1,4/4,A,76,27,71,76,-19,13,0,0,0,1,0,1,0,0,0,1,0,0,0,0,0,0,0,0,0,0,0,0,0,0,0,0,238,0,93,20,0,0,1,0,0,0,0,0,Lost Love,0,0,0,0,0,0,0,0,0,0
4,6,2.6666666666666665,Funk/Soul,1,0,0,0,23,0,0,1,2,0,1,0,2,1,1,0,1,4/4,Abm,115,98,70,65,-8,3,0,0,0,1,0,0,0,0,0,0,0,0,0,0,0,0,0,0,0,0,0,0,0,0,0,0,252,0,46,46,0,0,0,0,0,0,0,0,Lust/Sex,0,1,0,0,0,0,0,0,0,0
1,6,1.3333333333333333,Rock,2,0,0,0,30.5,2,1,0,1,1,1,0,1,1,0,0,0,4/4,Multiple Keys,172,60,40,33,-6,22,0,0,1,0,0,0,0,0,0,0,0,0,0,0,0,0,0,0,0,0,0,0,0,0,0,0,315,0,87,23,0,0,1,0,0,0,0,0,Lost Love,0,0,0,0,0,0,0,0,0,0
2,5.333333333333333,0.6666666666666666,Rock,0,0,0,0,37,1,1,0,0,1,0,0,1,1,0,0,0,4/4,G,136,61,50,33,-10,42,0,0,1,1,0,0,0,0,0,0,0,0,0,0,0,0,0,0,0,0,0,0,0,0,0,0,257,0,38,7,0,0,0,0,0,0,0,0,Love,0,0,0,0,0,0,0,0,0,0
2,4.333333333333333,0.6666666666666666,Electronic/Dance,2,0,0,0,23.5,1,0,0,0,1,0,0,1,1,0,0,0,4/4,Bb,98,83,76,51,-6,0,0,0,0,1,0,1,0,0,0,0,0,0,0,0,0,0,0,0,0,0,0,0,0,0,0,0,248,0,48,22,0,0,0,0,0,1,0,1,Lost Love,0,0,0,0,0,0,0,0,0,0
2,5.666666666666667,0.6666666666666666,Rock,1,0,0,0,40,1,1,0,1,1,1,1,1,1,1,0,1,4/4,G,145,97,71,89,-5,8,0,0,1,0,0,0,0,0,0,0,0,0,0,0,0,0,0,0,0,0,0,0,0,0,0,0,245,0,24,14,0,0,1,0,0,0,1,1,Growing Up;War;Restlessness,0,0,0,0,0,0,0,0,0,0
4,5.666666666666667,0.6666666666666666,Rock,1,0,0,0,39,1,1,0,1,1,1,1,1,1,1,0,1,4/4,Gbm,102,56,78,37,-7,74,0,0,0,1,0,0,0,0,0,0,0,0,0,0,0,0,0,0,0,0,0,0,0,0,0,0,289,0,87,31,0,0,1,0,0,0,0,0,Homelessness,0,0,0,0,0,0,0,0,0,0
3,4.666666666666667,2,Pop,1,0,0,0,36,1,1,0,1,1,1,0,1,1,0,0,0,4/4,Bb,140,60,53,21,-6,16,0,0,1,1,0,0,0,0,0,0,0,0,0,0,0,0,0,0,0,0,0,0,0,0,0,0,245,0,72,16,0,0,0,0,0,0,0,0,Lost Love,0,0,0,0,0,0,0,0,0,0
3,3.3333333333333335,1.3333333333333333,Funk/Soul,0,1,0,0,27,2,2,2,1,1,0,0,1,1,0,0,1,4/4,Bb,117,88,95,87,-9,46,0,1,0,1,0,0,0,0,0,0,0,0,0,0,0,0,0,0,0,0,0,0,0,0,0,1,230,0,8,17,0,0,1,0,0,0,0,0,Love,0,0,0,0,0,0,0,0,0,0
3,4.333333333333333,0.6666666666666666,Funk/Soul,1,0,0,0,23,0,0,1,2,0,1,0,2,0,1,0,1,4/4,Ab,115,95,81,70,-7,3,0,1,0,0,0,0,0,0,0,0,0,0,0,0,0,0,0,0,0,0,0,0,0,0,0,0,283,0,86,50,0,0,0,0,0,0,0,0,Lust/Sex,0,0,0,0,0,0,0,0,0,0
2,5,2,Blues,1,0,0,0,31,0,1,0,1,1,0,0,1,1,0,0,1,4/4,Ebm,91,37,75,47,-10,27,0,1,1,0,0,0,0,0,0,0,0,0,0,0,0,0,0,0,0,0,0,0,0,0,0,0,287,0,118,24,0,0,1,0,0,0,0,0,Death;Music,0,0,0,0,0,0,0,0,0,0
1,4.333333333333333,2.6666666666666665,Pop,1,0,0,0,28,0,1,0,0,1,0,0,1,1,0,0,0,4/4,Ab,73,51,55,20,-7,20,0,0,0,1,1,1,0,0,0,0,0,0,0,0,0,0,0,0,0,0,1,1,0,0,0,0,277,0,50,23,0,0,0,0,0,0,0,0,Lost Love,0,0,0,0,0,0,0,0,0,0
1,2.6666666666666665,0.6666666666666666,Pop,1,0,0,0,20,1,1,0,1,1,1,0,1,2,0,0,1,4/4,F,144,52,50,28,-9,34,0,0,0,1,1,1,0,0,0,0,0,0,0,1,0,0,0,0,0,0,1,0,0,0,0,0,244,0,36,16,0,0,0,0,0,0,0,0,Longing For Love;Love,0,0,0,0,0,0,0,0,0,0
4,6,3.3333333333333335,Pop,1,0,0,0,23,0,1,0,1,0,0,0,0,1,1,1,0,4/4,F,120,57,51,16,-7,4,0,0,0,1,1,0,0,0,0,0,0,0,0,0,0,0,0,0,0,0,0,0,0,0,0,0,280,0,108,10,0,0,1,0,1,0,0,1,Lost Love,0,0,0,0,0,0,0,0,0,0
3,7.333333333333333,2.6666666666666665,Electronic/Dance,1,0,0,0,31,0,1,0,2,1,1,0,2,1,1,0,1,4/4,Ab,116,82,69,28,-10,1,0,0,0,1,1,1,0,0,0,0,0,0,0,1,0,0,0,0,0,0,0,0,0,0,0,0,289,0,88,67,0,0,0,0,0,1,0,1,Dancing,0,1,0,0,0,1,0,1,0,0
1,5.333333333333333,2.6666666666666665,Pop,0,1,0,0,21.333333333333332,0,1,0,2,1,1,0,1,1,0,0,1,4/4,F,98,67,69,57,-9,60,0,0,1,1,0,0,0,0,0,0,0,0,0,0,0,0,0,0,0,0,0,0,0,0,0,0,221,0,25,15,0,0,1,0,0,0,0,0,Positivity;Empowerment,0,0,0,0,0,0,0,0,0,0
2,6,1.3333333333333333,Pop,2,0,0,0,31.5,2,1,0,1,1,1,1,1,1,0,0,0,4/4,F,81,65,52,72,-7,34,0,0,0,1,0,0,0,0,0,0,0,0,0,0,0,0,0,0,0,0,0,0,0,0,0,0,258,0,44,29,0,0,1,0,0,0,0,0,Lost Love,0,0,0,0,0,1,0,0,0,0
3,2,1.3333333333333333,Funk/Soul,0,1,0,0,20,1,1,0,1,0,0,0,1,0,0,0,1,4/4,Em,125,63,79,88,-12,3,0,0,0,1,1,0,0,0,0,0,0,0,0,0,0,0,0,0,0,0,0,0,0,0,0,0,267,0,52,31,1,0,1,0,1,0,0,1,Longing for Love,0,0,0,0,0,0,0,0,0,0
2,3,2,Funk/Soul,1.5,1,0,0,20,1,2,2,2,2,1,0,1,2,0,0,1,4/4,Gm,102,88,78,91,-8,4,0,1,0,0,0,0,0,0,0,0,0,0,0,0,0,0,0,0,0,0,0,0,0,0,0,1,218,0,15,19,0,0,1,0,0,0,0,0,Bad Relationships,0,0,0,0,0,0,0,0,0,0
4,5.666666666666667,0.6666666666666666,Funk/Soul,1,0,0,0,21,0,0,1,2,2,1,0,1,2,0,0,0,Free;6/8,F,103,46,26,35,-11,43,0,0,0,1,0,0,0,0,0,0,0,1,0,0,0,0,0,0,0,0,0,0,0,0,0,0,209,0,31,23,0,0,0,0,0,0,0,0,Longing for Love,0,0,0,0,0,0,0,0,0,0
1,4,1.3333333333333333,Rock;Folk/Country,1,0,0,0,28,1,1,0,1,1,1,1,1,1,1,0,1,4/4,Dm,79,62,55,43,-10,6,0,0,1,0,0,0,0,0,0,0,0,0,0,0,0,0,0,0,0,0,0,0,0,0,0,0,340,0,135,45,0,0,0,0,0,0,0,0,Badassery;Survival;Violence,0,0,0,0,0,1,0,0,0,0
2,6,2,Pop,0,0,0,0,21.333333333333332,0,1,0,0,1,1,1,1,1,0,0,0,4/4,C,97,48,73,46,-11,54,0,0,0,1,1,0,0,0,0,0,0,0,0,0,0,0,0,0,0,0,0,0,0,0,0,0,231,0,27,14,0,0,0,0,0,0,0,0,Lost Love,0,0,0,0,0,0,0,0,0,0
1,6,0,Rock,0,0,0,0,33,1,1,0,1,1,1,0,1,1,0,0,1,4/4,Db,121,90,54,83,-6,4,0,0,1,0,0,0,0,0,0,0,0,0,0,0,0,0,0,0,0,0,0,0,0,0,0,0,244,0,42,7,0,0,1,0,0,0,0,0,Longing For Love,0,0,0,0,0,0,0,0,0,0
1,4.666666666666667,2,Funk/Soul,1,0,0,0,29,1,0,1,1,2,1,0,1,0,0,0,0,4/4,Ebm,96,44,76,84,-15,2,0,1,0,1,1,0,0,0,0,0,0,0,0,0,0,0,0,0,0,0,0,0,0,0,0,0,243,0,25,11,0,0,1,0,0,0,1,1,Longing for Love;Bad Relationships,0,0,0,0,0,0,0,0,0,0
1,4,1.3333333333333333,Pop,1,0,0,0,27,1,1,0,1,1,1,1,1,1,1,1,1,4/4,Bb,128,80,57,21,-8,2,0,0,1,0,0,1,0,0,0,0,0,0,0,0,0,0,0,0,0,0,0,0,0,0,0,0,281,0,86,31,0,0,0,0,0,0,0,0,Materialism;Poverty;God,0,0,0,0,0,0,0,0,0,0
1,4.333333333333333,2.6666666666666665,Pop,1,0,0,0,38,1,0,1,1,1,0,0,1,0,0,0,0,4/4,D,89,42,49,33,-8,66,0,0,0,1,1,0,0,0,0,0,0,1,0,0,0,0,0,0,0,0,0,0,0,0,0,0,253,0,53,13,0,0,1,0,0,0,0,0,Lost Love,0,0,0,0,0,0,0,0,0,0
1,5.333333333333333,2.6666666666666665,Rock,1,0,0,0,24,0,0,1,0,0,1,1,2,0,1,0,1,4/4,Em,115,91,70,67,-7,10,0,0,1,0,0,0,0,0,0,0,0,0,0,0,0,0,0,0,0,0,0,0,0,0,0,0,290,0,94,43,0,0,1,0,0,0,0,0,Bad Behavior;Violence,0,1,1,0,0,0,0,0,0,0
1,3.3333333333333335,3.3333333333333335,Hip Hop,1,0,0,0,23,1,1,0,1,2,1,0,1,1,1,1,1,4/4,Dm,116,76,98,70,-9,6,0,1,0,0,0,0,0,0,0,0,0,0,0,1,0,0,0,0,0,0,0,0,0,0,0,0,270,0,61,25,0,0,0,0,0,1,0,1,Bragging;Playing Music;Partying,0,0,1,0,0,0,0,0,0,0
3,5.333333333333333,2.6666666666666665,Pop,1,0,0,0,20,0,0,1,2,2,1,0,1,1,0,0,0,4/4,B,126,34,40,23,-12,73,0,0,0,1,0,0,0,0,0,0,0,1,0,1,0,0,0,0,0,0,0,0,0,0,0,0,229,0,43,15,0,0,0,0,0,0,0,0,Lost Love,0,0,0,0,0,0,0,0,0,0
1,5.333333333333333,2,Funk/Soul,1,0,0,0,27,0,0,1,1,0,0,0,1,0,0,0,1,12/8,Abm,165,90,67,87,-8,30,0,1,0,0,0,0,0,0,0,0,0,0,0,0,0,0,0,0,0,0,0,0,0,0,0,0,299,0,40,19,0,0,1,0,0,0,0,0,Lust/Sex,0,0,0,0,0,0,0,0,0,0
4,2.3333333333333335,2,Pop,1,0,0,0,32,1,0,1,1,0,0,0,1,0,1,1,0,4/4,Db,115,42,33,7,-8,71,0,0,0,1,0,0,0,0,0,0,0,0,0,0,0,0,0,0,0,0,0,0,0,0,0,0,246,0,61,31,0,0,1,0,0,0,0,0,Lost Love,0,0,0,0,0,0,0,0,0,0
2,3.6666666666666665,4,Electronic/Dance,1,0,0,0,32,0,1,0,2,2,1,0,1,0,0,0,1,4/4,Gbm,100,82,70,46,-7,0,0,1,0,1,0,0,0,0,0,0,0,0,0,0,0,0,0,0,0,0,0,0,0,0,0,0,296,0,75,33,0,0,1,0,0,1,0,1,Lust/Sex,0,1,1,0,0,0,0,0,0,0
1,5.666666666666667,2,Funk/Soul,1,0,0,0,24,0,0,1,1,0,0,0,2,0,1,0,1,4/4,Ab,103,92,74,63,-10,10,0,1,0,0,0,1,0,0,0,0,0,0,0,0,0,0,0,0,0,0,0,0,0,0,0,0,273,0,98,35,0,0,0,0,0,0,0,0,Love,0,0,0,0,0,0,0,0,0,0
2,3.3333333333333335,0.6666666666666666,Pop,0,0,0,0,27,1,0,1,1,2,1,0,1,0,1,1,1,4/4,Multiple Keys,126,38,64,12,-11,26,0,0,0,1,1,0,0,0,0,0,0,0,0,0,0,0,0,0,0,0,0,0,0,0,0,0,255,0,40,20,0,0,0,0,0,0,0,0,Love,0,0,0,0,0,0,0,0,0,0
2,4.666666666666667,1.3333333333333333,Electronic/Dance,0.5,1,0,0,37,2,0,1,1,0,1,1,1,0,1,1,1,4/4,Bb,112,80,56,79,-7,0,0,0,1,0,0,1,0,0,0,0,0,0,0,0,0,0,0,0,0,0,0,0,0,0,0,1,244,0,84,53,0,0,0,0,0,0,0,0,Dancing,0,0,0,0,0,0,0,0,0,0
2,5.333333333333333,0.6666666666666666,Funk/Soul,1,0,0,0,27,0,0,1,1,1,0,0,1,0,0,0,0,4/4,Fm,151,57,50,25,-10,43,0,0,0,1,1,1,0,0,0,0,0,0,0,0,0,0,0,0,0,0,1,0,0,0,0,0,251,0,80,25,0,0,1,0,1,0,0,1,Love,0,0,0,0,0,0,0,0,0,0
2,6,0,Funk/Soul,1,0,0,0,20,0,0,1,2,2,1,0,1,1,0,0,0,4/4,Dbm,110,82,68,94,-9,21,0,1,0,1,0,0,0,0,0,0,0,1,0,0,0,0,0,0,0,0,0,0,0,0,0,0,246,0,41,27,0,0,1,0,0,0,0,0,Lost Love;Empowerment,0,0,0,0,0,0,0,0,0,0
1,2.3333333333333335,1.3333333333333333,Funk/Soul,1,0,0,0,23,1,0,0,1,0,1,0,1,0,1,1,1,4/4,A,150,57,64,50,-9,19,0,1,0,1,0,0,0,0,0,0,0,0,0,0,0,0,0,0,0,0,0,0,0,0,0,0,209,0,14,14,0,0,0,0,0,0,0,0,Lost Love,0,1,0,0,0,0,0,0,0,0
2,6.333333333333333,2,Pop;Funk/Soul,1,0,0,0,33,0,0,0,2,0,1,0,1,2,0,0,1,4/4,E,132,43,64,47,-12,65,0,1,0,1,0,0,0,0,0,0,0,0,0,1,0,0,0,0,0,0,0,0,0,0,0,0,242,0,36,16,0,0,1,0,0,0,0,0,Empowerment;Redemption,0,0,0,0,0,0,0,0,0,0
1,4.333333333333333,0.6666666666666666,Electronic/Dance,0,0,0,0,49,1,2,2,1,2,1,1,1,1,0,0,0,4/4,Bm,114,91,62,92,-5,2,0,1,1,0,0,0,0,0,0,0,0,0,0,0,0,0,0,0,0,0,0,0,0,0,0,0,230,0,59,16,0,0,1,0,0,0,0,0,Lost Love,0,0,0,0,0,0,0,0,0,0
1,5.333333333333333,0.6666666666666666,Pop,0,0,0,0,22,0,1,0,2,1,1,0,1,1,0,0,1,4/4,Multiple Keys,102,58,72,48,-11,14,0,0,1,1,0,0,0,0,0,0,0,0,0,0,0,0,0,0,0,0,0,0,0,0,0,0,247,0,42,19,0,0,1,0,0,0,0,0,Lost Love,0,0,0,0,0,0,0,0,0,0
2,5.666666666666667,0.6666666666666666,Pop,1,0,0,0,30,0,1,0,2,1,1,0,1,1,0,0,1,4/4,Gb,98,90,70,92,-4,43,0,0,0,1,0,0,0,0,0,0,0,0,0,0,0,0,0,0,0,0,0,0,0,0,0,0,244,0,69,20,0,0,1,0,0,0,0,0,Love,0,0,0,0,0,0,0,0,0,0
1,6,2,Rock,2,1,0,0,32,2,1,0,1,1,1,1,1,1,0,0,0,4/4,A,102,74,65,62,-6,9,0,0,1,0,0,0,0,0,0,0,0,0,0,0,0,1,0,0,0,0,0,0,0,0,0,0,241,0,84,17,0,0,0,0,0,0,0,0,Love,0,0,0,0,0,0,0,0,0,0
1,5.666666666666667,0.6666666666666666,Funk/Soul,0,0,0,0,15,1,0,1,1,2,0,0,1,0,0,0,1,4/4,Db,104,69,72,73,-5,6,0,1,0,1,0,0,0,0,0,0,0,0,0,0,0,0,0,0,0,0,0,0,0,0,0,0,270,0,42,42,0,0,1,0,0,0,0,0,Love;Lust/Sex,0,0,0,0,0,0,0,0,0,0
2,5.666666666666667,0.6666666666666666,Funk/Soul,1,0,0,0,21,0,0,1,2,1,1,0,1,0,0,0,1,4/4,A,131,50,64,28,-12,20,0,0,1,1,0,0,0,0,0,0,0,0,0,0,0,0,0,0,0,0,0,0,0,0,0,0,288,0,73,24,0,0,0,0,0,0,0,0,Lost Love,0,0,0,0,0,0,0,0,0,0
1,8.333333333333334,0.6666666666666666,Pop;Rock,0,0,0,0,29,1,1,0,1,1,1,1,1,1,0,0,0,4/4,Gb,92,22,63,39,-11,68,0,0,1,0,0,0,0,0,0,0,0,1,0,0,0,0,0,0,0,0,0,0,0,0,0,0,238,0,11,11,0,0,0,0,0,0,0,0,Love;Lost Love,0,0,0,0,0,0,0,0,0,0
5,4.666666666666667,2,Funk/Soul,1,0,0,0,28,0,1,0,1,0,0,0,1,0,0,0,1,4/4,E,90,64,52,26,-5,71,0,0,0,1,1,0,0,0,0,0,0,1,0,0,0,0,0,0,0,0,0,0,0,0,1,0,298,0,38,18,0,0,1,0,0,0,0,0,Longing for Love;Love,0,0,0,0,0,0,0,0,0,0
7,4.333333333333333,2.6666666666666665,Rock,1,0,0,0,31,1,1,0,1,1,1,0,1,1,1,0,1,4/4,Db,131,44,53,29,-7,20,0,0,1,1,1,0,0,0,0,0,0,0,0,0,0,0,0,0,0,0,0,0,0,0,0,0,250,0,62,15,0,0,0,0,0,0,0,0,Love,0,0,0,0,0,1,0,0,0,0
1,5,1.3333333333333333,Pop,1,0,0,0,29,0,1,0,2,2,1,0,1,2,0,0,1,4/4,Db,120,82,75,90,-9,9,0,0,0,1,0,0,0,0,0,0,0,1,0,0,0,0,0,0,0,0,0,0,0,0,0,0,272,0,34,18,0,0,0,0,0,0,0,0,Empowerment;Redemption;Better Days,0,0,0,0,0,0,0,0,0,0
2,4.666666666666667,4,Funk/Soul,0,1,0,0,21,1,2,2,1,2,1,0,1,0,0,0,1,4/4,Ebm,92,48,68,73,-10,24,0,0,0,1,0,0,0,0,0,0,0,0,0,0,0,0,0,0,0,0,0,0,0,0,0,0,289,0,13,39,1,0,0,0,0,0,0,0,Love,0,1,0,1,0,0,0,0,0,0
1,7.333333333333333,1.3333333333333333,Electronic/Dance;Hip Hop,0.5,1,0,0,20,1,2,2,1,2,1,0,1,1,0,0,1,4/4,Db,122,95,71,90,-8,0,0,1,0,1,0,0,0,0,0,0,0,0,0,0,0,0,0,0,0,0,0,0,0,0,0,0,269,0,90,32,0,0,0,0,0,1,0,1,Dancing;Partying,0,0,1,0,0,0,0,0,0,0
3,7,2,Funk/Soul,1,0,0,0,22,0,0,1,2,0,1,0,2,0,1,0,1,4/4,Am,115,75,74,94,-7,4,0,0,0,1,0,1,0,0,0,0,0,1,0,0,0,0,0,0,0,0,0,0,0,0,0,0,248,0,39,17,0,0,0,0,0,0,1,1,Love,0,0,0,0,0,0,0,0,0,0
1,4.333333333333333,0.6666666666666666,Funk/Soul,1,0,0,0,26,0,0,1,2,0,1,0,1,0,0,0,1,4/4,Dbm,110,94,68,82,-8,48,0,1,0,0,1,0,0,0,0,0,0,0,0,0,0,0,0,0,0,0,0,0,0,0,0,0,247,0,40,23,0,0,1,0,0,1,0,1,Lust/Sex,0,1,0,0,0,0,0,0,0,0
2,7.333333333333333,0.6666666666666666,Rock,0,0,0,0,33,1,0,1,1,0,1,1,2,2,1,0,1,4/4,Bbm,116,60,86,85,-8,10,0,0,1,0,0,0,0,0,0,0,0,1,0,0,0,0,0,0,0,0,0,0,0,0,0,0,253,0,82,32,0,0,1,0,0,0,0,0,Lust/Sex,0,0,0,0,0,0,0,0,0,0
1,5,1.3333333333333333,Funk/Soul,1,1,0,0,38,1,1,0,1,0,0,0,1,1,1,0,0,6/8,Db,165,36,48,24,-11,20,0,0,1,1,0,0,0,0,0,0,0,1,0,0,0,0,0,0,0,0,0,0,0,0,0,0,231,0,16,16,0,0,1,0,1,0,0,1,Love,0,0,0,0,0,0,0,0,1,0
1,6.333333333333333,3.3333333333333335,Hip Hop,2,0,0,0,21,1,0,1,1,2,1,0,1,0,1,1,1,4/4,G,100,70,80,48,-9,0,0,0,1,0,0,0,0,0,0,0,0,0,0,0,0,0,0,0,0,0,0,0,0,0,0,0,235,0,43,43,1,0,1,0,0,1,1,1,Lost Love,1,0,1,0,0,0,0,0,0,0
7,8,1.3333333333333333,Rock,1,0,0,0,33,1,0,1,1,2,1,0,1,2,1,0,1,4/4,E,115,89,74,96,-4,8,0,0,1,0,0,0,0,0,0,0,0,1,0,1,0,0,0,0,0,0,0,0,0,0,0,1,202,0,78,22,0,0,0,0,0,0,0,0,Racism,0,0,0,0,0,0,0,0,0,0
1,6.666666666666667,2,Pop,0,0,0,0,21,1,2,2,1,2,1,0,1,0,0,0,0,4/4,D,106,75,81,80,-8,3,0,0,0,1,0,1,0,0,0,0,0,1,0,0,0,0,0,0,0,0,0,0,0,0,0,0,211,0,8,8,0,0,1,0,0,1,0,1,Love,0,1,0,0,0,0,0,0,0,0
1,8,2.6666666666666665,Rock,2,1,0,0,36,1,1,0,1,1,1,0,1,1,1,1,0,4/4,C,136,55,43,25,-8,50,0,0,0,1,0,0,0,0,0,0,0,0,0,0,0,0,0,0,0,0,0,0,0,0,0,0,346,0,113,20,0,0,0,1,1,0,0,1,Lost Love,0,0,0,0,0,0,0,0,0,0
3,3.6666666666666665,4.666666666666667,Electronic/Dance,0,0,0,0,33,1,1,0,1,1,1,1,1,1,0,0,0,4/4,E,122,74,68,84,-13,0,0,1,0,1,0,1,0,0,0,0,0,0,0,0,0,0,0,0,0,0,0,0,0,0,0,0,170,0,53,24,1,0,0,0,0,1,1,1,Lust/Sex,0,0,0,0,0,0,0,0,0,0
3,6.333333333333333,2.6666666666666665,Rock,0,0,0,0,31,1,1,0,1,1,1,0,1,1,0,0,0,4/4,Multiple Keys,84,38,69,45,-10,29,0,0,1,0,0,0,0,0,0,0,0,1,0,1,0,0,0,0,0,0,0,0,0,0,0,0,207,0,22,7,0,0,0,0,0,0,0,0,Love;Longing for Love,0,0,0,0,0,0,0,0,0,0
5,4.333333333333333,0.6666666666666666,Pop,1,0,0,0,29,0,0,1,2,1,0,0,1,1,0,0,0,4/4,Eb,96,23,53,19,-16,64,0,1,0,1,1,0,0,0,0,0,0,0,0,0,0,0,0,0,0,0,0,0,0,0,0,0,218,0,53,15,0,0,0,0,0,0,0,0,Bad Relationships;Longing for Love;Love,0,0,0,0,0,0,0,0,0,0
8,7,1.3333333333333333,Hip Hop,2,1,0,0,12.5,1,0,1,1,2,0,0,1,0,0,0,1,4/4,Bm,102,86,73,47,-7,0,0,1,0,1,0,1,0,0,0,0,0,0,0,0,0,0,0,0,0,0,0,0,0,0,0,0,193,0,13,0,0,0,1,0,0,1,1,1,Bragging;Dancing;Partying;Playing Music,0,0,0,0,0,0,0,0,0,0
2,6,1.3333333333333333,Funk/Soul,1,1,0,0,23,0,0,1,1,0,0,0,2,2,1,0,0,4/4,F,82,51,40,28,-9,72,0,0,0,1,0,0,0,0,0,0,0,1,0,0,0,0,0,0,0,0,0,0,0,0,0,0,264,0,38,14,0,0,0,1,1,0,0,1,Love,0,0,0,0,0,0,0,0,1,0
5,4,1.3333333333333333,Hip Hop,1,0,0,0,28,1,0,1,1,0,1,1,1,0,1,1,1,Free;4/4,Cm,128,67,93,64,-11,1,0,1,0,0,0,1,0,0,0,0,0,0,0,0,0,0,0,0,0,0,0,0,0,0,0,0,262,0,44,31,0,0,0,0,0,1,0,1,Lust/Sex,0,1,1,0,0,0,0,0,0,0
1,3,1.3333333333333333,Pop,1,0,0,0,33,0,1,0,2,1,1,0,2,1,1,0,1,4/4,Gm,76,31,50,7,-12,75,0,0,0,1,1,0,0,0,0,0,0,0,0,0,0,0,0,0,0,0,0,0,0,0,0,0,310,0,59,28,0,0,0,0,0,0,0,0,Better Times;Lost Love,0,0,0,0,0,1,0,0,0,0
13,8.333333333333334,2,Funk/Soul,0,1,0,0,19.5,1,0,1,1,0,0,0,1,0,1,0,1,3/4,Eb,150,43,64,53,-9,7,0,0,1,1,0,0,0,0,0,0,0,0,0,1,0,0,0,0,0,0,0,0,0,0,0,0,254,0,4,4,0,0,0,0,0,0,0,0,Lost Love,0,1,0,0,0,1,0,0,0,0
2,4.666666666666667,0.6666666666666666,Rock,0,0,0,0,23,2,2,2,2,1,0,0,1,1,0,0,1,4/4,A,81,51,40,53,-11,28,0,0,1,0,0,1,0,0,0,0,0,0,0,0,0,0,0,0,0,0,1,0,0,0,0,0,227,0,79,13,0,0,0,0,0,0,0,0,Longing for Love,0,0,0,0,0,0,1,0,0,0
14,10,0,Pop,1,0,0,0,29,0,0,1,0,1,0,0,1,1,0,0,0,Free;4/4,A,67,21,31,11,-13,84,0,0,1,0,1,1,0,0,0,0,0,1,0,0,0,0,0,0,0,0,1,0,0,0,0,0,271,0,29,43,1,1,0,0,1,0,0,1,Lost Love,0,0,0,0,0,0,0,0,0,0
1,7,2,Pop,2,1,0,0,35,2,0,1,1,1,0,0,1,1,0,0,0,4/4,Multiple Keys,108,40,52,13,-7,58,0,0,1,1,1,0,0,0,0,0,0,1,0,0,0,0,0,0,0,0,0,0,0,0,0,0,243,0,39,9,0,0,0,0,1,0,0,1,Dreaming;Love;Positivity;Flying,0,0,0,0,0,1,0,0,0,0
7,1.3333333333333333,0.6666666666666666,Hip Hop,1,1,0,0,23,1,1,0,1,2,1,0,1,0,0,0,0,4/4,Gbm,98,74,76,48,-11,10,0,1,0,0,0,1,0,0,0,0,0,0,0,0,0,0,0,0,0,0,0,0,0,0,0,1,268,0,18,23,1,0,1,0,0,1,0,1,Violence;Police,0,0,0,0,0,0,0,0,0,0
8,7.666666666666667,2.6666666666666665,Funk/Soul,1,0,0,0,26,0,0,1,2,0,1,0,2,1,1,0,1,4/4,Bb,98,70,70,58,-7,30,0,1,1,0,0,0,0,0,0,0,0,0,0,0,0,0,0,0,0,0,0,0,0,0,0,0,265,0,23,75,1,1,0,0,0,1,0,1,Lust/Sex,0,1,1,0,0,0,0,0,0,0
7,4.333333333333333,1.3333333333333333,Pop;Reggae,0,0,0,0,34,1,2,2,1,1,0,0,1,2,1,0,0,4/4,D,172,72,64,84,-13,4,0,1,0,1,0,1,0,0,0,0,0,0,0,0,0,0,0,0,0,0,0,0,0,0,0,0,207,0,37,36,0,0,1,0,1,0,1,1,Love,0,0,0,0,0,1,0,0,0,0
8,6.333333333333333,0.6666666666666666,Funk/Soul,1,0,0,0,24,0,0,1,2,0,1,0,2,2,1,0,1,4/4,F,101,70,70,71,-6,18,0,0,0,1,0,0,0,0,0,0,0,1,0,0,0,0,0,0,0,0,0,0,0,0,0,0,232,0,64,38,0,0,0,0,0,1,0,1,Love;Longing for Love,0,0,0,0,0,0,0,0,0,0
5,7.666666666666667,2,Rock,1,1,0,0,46,1,1,0,1,1,0,0,1,1,0,0,1,4/4,D,105,67,42,30,-6,62,0,0,0,1,0,0,0,0,0,0,0,0,0,0,0,0,0,0,0,0,0,0,0,0,0,0,316,0,33,11,0,0,0,0,0,0,0,0,Love;Doubt;Escape,0,0,1,0,0,0,0,0,0,0
2,5.333333333333333,0.6666666666666666,Pop,1,0,0,0,27,0,0,1,2,0,1,0,2,1,1,0,1,4/4,C,130,29,36,19,-10,88,0,0,0,1,1,1,0,0,0,0,0,0,0,0,0,0,0,0,0,0,0,0,0,0,0,0,227,0,75,15,0,0,0,0,0,0,0,0,Bad Relationships;Longing for Love;Lost Love,0,0,0,0,0,1,0,0,0,0
4,6.666666666666667,2,Pop,1,0,0,0,24,0,0,1,2,2,1,0,2,2,1,0,1,4/4,Multiple Keys,120,38,50,18,-9,74,0,0,0,1,1,0,0,0,0,0,0,0,0,0,0,0,0,0,0,0,0,0,0,0,0,0,257,0,31,15,0,0,0,0,0,0,0,0,Empowerment;Appreciation,0,0,0,0,0,1,0,0,0,0
3,4.666666666666667,2.6666666666666665,Rock,0,1,0,0,41.666666666666664,1,1,0,1,1,1,0,1,1,1,0,1,4/4,D,75,44,51,14,-11,12,0,0,1,0,0,0,0,0,0,0,0,0,0,0,0,0,0,0,0,0,0,0,0,0,0,0,283,0,62,4,0,0,0,0,0,0,0,0,Longing for Love;Love,0,0,0,0,0,1,0,0,0,0
4,6.333333333333333,2.6666666666666665,Pop,1,0,0,0,25,0,1,0,2,1,0,0,1,1,0,0,0,4/4,Ab,140,52,54,24,-9,37,0,0,1,1,0,0,0,0,0,0,0,1,0,0,0,0,0,0,0,0,0,0,0,0,0,0,286,0,18,0,0,0,1,0,1,0,0,1,Love,0,0,0,0,0,0,0,0,0,0
6,5.666666666666667,0.6666666666666666,Pop;Reggae,0,0,0,0,23,2,1,0,2,1,1,1,1,1,1,0,1,4/4,Multiple Keys,97,79,81,90,-7,1,0,0,0,1,0,0,0,0,0,0,0,0,0,0,0,0,0,0,0,0,0,0,0,0,0,0,191,0,62,32,0,0,0,0,0,0,0,0,Bad Relationships,0,0,0,0,0,0,0,0,0,0
4,6.666666666666667,2,Funk/Soul,1,0,0,0,27,1,0,1,1,0,1,1,1,0,1,1,1,Free;4/4,E,65,48,62,68,-8,10,0,1,0,0,0,0,0,0,0,0,0,0,0,0,0,0,0,0,0,0,0,0,0,0,0,0,256,0,0,32,1,1,1,0,0,0,0,0,Lust/Sex,0,0,1,0,0,0,0,0,0,0
11,4.333333333333333,1.3333333333333333,Pop,0,1,0,0,21,1,2,2,1,1,0,0,1,1,0,0,0,4/4,D,83,41,53,23,-10,23,0,0,1,1,1,1,0,0,0,0,0,0,0,1,0,0,0,0,0,0,1,0,0,0,0,0,259,0,30,21,1,0,0,0,1,0,0,1,Love,0,0,0,0,0,0,0,0,0,0
3,7.333333333333333,0.6666666666666666,Rock,0,0,0,0,26,0,1,0,0,1,1,1,1,0,0,0,0,4/4,Db,80,61,67,38,-7,47,0,0,1,0,0,0,0,0,0,0,0,0,0,0,0,0,0,0,0,0,0,0,0,0,0,0,184,0,57,12,0,0,0,0,0,0,0,0,Lost Love,0,0,0,0,0,0,0,0,0,0
14,6,0,Funk/Soul,0,1,0,0,21.75,1,0,1,1,0,0,0,1,0,0,0,1,6/8,D,143,50,57,20,-8,10,0,1,1,0,0,1,0,0,0,0,0,0,0,0,0,0,0,0,0,0,0,0,0,0,0,0,236,0,24,24,0,0,1,0,0,0,0,0,Lust/Sex,0,0,1,0,0,0,0,0,0,0
6,8,1.3333333333333333,Funk/Soul,0,1,0,0,22,1,0,1,1,0,0,0,1,0,0,0,1,4/4,Eb,117,52,63,18,-8,41,0,0,0,1,0,0,0,0,0,0,0,1,0,0,0,0,0,0,0,0,0,0,0,0,0,0,329,0,32,21,0,0,0,0,0,0,0,0,Lost Love;Redemption,0,0,0,0,0,0,0,0,0,0
2,5.333333333333333,1.3333333333333333,Hip Hop,1,0,0,0,37,1,0,1,1,0,1,0,1,0,1,0,1,4/4,Bm,100,46,88,45,-9,2,0,1,0,0,0,0,0,0,0,0,0,0,0,0,0,0,0,0,0,0,0,0,0,0,0,0,253,0,50,25,0,0,0,0,0,1,1,1,Bragging;Badassery,0,0,1,0,0,0,0,0,0,0
4,7.666666666666667,2,Hip Hop,0,0,0,0,24,0,0,1,1,0,0,0,1,0,0,0,1,4/4,Cm,93,50,81,78,-8,3,0,0,1,0,0,1,0,0,0,0,0,0,0,0,0,0,0,0,0,0,0,0,0,0,0,0,266,0,69,31,0,0,1,0,0,1,0,1,Lust/Sex;Bad Relationships;Infidelity,0,0,0,0,0,0,0,0,0,0
7,5,1.3333333333333333,Pop,1,0,0,0,36,0,1,0,2,2,1,0,2,2,1,0,1,4/4,Ab,80,41,55,32,-8,34,0,0,0,1,1,0,0,0,0,0,0,1,0,0,0,0,0,0,0,0,0,0,0,0,0,0,320,0,49,32,0,0,0,0,0,0,0,0,Lost Love,0,0,0,0,0,0,0,0,0,0
7,6.333333333333333,1.3333333333333333,Hip Hop,1,0,0,0,26,1,0,1,1,0,1,0,1,0,1,0,1,4/4,Fm,104,70,79,79,-7,2,0,1,0,0,0,1,0,0,0,0,0,0,0,0,0,0,0,0,0,0,0,0,0,0,0,0,237,0,14,32,0,0,1,0,0,1,0,1,Partying;Bragging,0,0,0,0,0,0,0,0,0,0
5,4,1.3333333333333333,Rock,1,0,0,0,35,1,1,0,1,1,1,0,1,1,1,0,1,Free;6/8,G,146,48,57,36,-10,54,0,0,1,0,0,0,0,0,0,0,0,0,0,0,0,0,0,0,0,0,0,0,0,0,0,0,291,0,68,9,0,0,0,0,0,0,0,0,Love,0,0,0,0,0,1,0,0,0,0
7,8.666666666666666,0.6666666666666666,Hip Hop,0,0,0,0,25,0,0,1,2,0,1,0,1,0,0,0,1,4/4,Eb,172,50,77,76,-7,31,0,1,1,0,0,1,0,0,0,0,0,0,0,0,0,0,0,0,0,0,0,0,0,0,0,1,279,0,53,34,0,0,1,0,0,0,0,0,Addiction;Death;Poverty;Violence,0,0,0,0,0,0,0,0,0,0
1,5.666666666666667,1.3333333333333333,Pop,1,0,0,0,32,1,0,1,1,0,1,1,1,1,0,0,0,6/8,Multiple Keys,132,53,58,22,-7,68,1,0,1,1,1,1,0,0,0,0,0,1,0,0,0,0,0,0,0,0,0,0,0,0,0,0,214,0,35,12,0,0,1,0,0,0,0,0,Love,0,0,0,0,0,0,0,0,0,0
1,4,2,Funk/Soul,1,0,0,0,37,1,0,1,1,0,0,0,1,0,1,0,1,4/4,Multiple Keys,120,40,65,26,-9,64,0,0,0,1,1,1,0,0,0,0,0,0,0,1,0,0,0,0,0,0,0,0,0,0,0,0,346,0,17,17,0,0,1,0,0,0,0,0,Lost Love;God;Faithfulness,0,0,0,0,0,0,0,0,0,0
3,6.666666666666667,2,Hip Hop,1.5,1,0,0,32,1,0,1,1,0,1,0,1,0,0,0,1,4/4,Cm,80,51,65,39,-10,7,1,1,0,0,1,0,0,0,0,0,0,0,0,0,0,0,0,0,0,0,0,0,0,0,0,0,240,0,35,12,0,0,0,0,0,1,0,1,Poverty;Death;Violence,0,0,0,0,0,1,0,0,0,0
8,8.333333333333334,2,Funk/Soul,1,0,0,0,26,0,0,1,2,2,1,0,2,2,1,0,1,Free;4/4,G,102,73,67,81,-8,14,0,0,1,0,1,0,0,0,0,0,0,1,0,0,0,0,0,0,0,0,0,0,0,0,0,0,243,0,18,39,0,0,1,0,0,1,0,1,Lust/Sex,0,0,0,0,0,0,0,0,0,0
1,4,2,Funk/Soul,1,0,0,0,32,0,0,1,1,0,0,0,1,0,0,0,1,4/4,Db,138,39,66,11,-9,40,0,1,0,0,1,0,0,0,0,0,0,1,0,0,0,0,0,0,0,0,0,0,0,0,0,0,204,0,10,0,0,0,0,0,0,0,0,0,Calming Down,0,0,0,0,0,1,0,0,0,0
16,7,3.3333333333333335,Pop,0,1,0,0,31.6,2,0,1,2,2,1,0,2,2,1,0,1,4/4,Multiple Keys,128,50,57,30,-9,35,0,1,0,0,0,0,0,0,0,0,0,0,0,0,0,0,0,0,0,0,0,0,0,0,0,0,281,0,25,20,0,0,0,0,0,0,0,0,Death;Faithfulness,0,0,0,0,0,0,0,0,0,0
6,6,1.3333333333333333,Pop,1,0,0,0,27,1,1,0,0,1,0,0,1,1,0,0,0,4/4,Db,120,47,62,18,-10,31,0,1,1,1,0,0,0,0,0,0,0,1,0,0,0,0,0,0,0,0,0,0,0,0,0,0,274,0,13,0,0,0,0,0,0,0,0,0,Love,0,0,0,0,0,1,0,0,0,0
2,8.666666666666666,2,Funk/Soul,1,0,0,0,27,0,0,1,2,0,1,0,2,0,1,0,1,4/4,E,79,53,65,49,-8,46,0,0,1,1,0,0,0,0,0,0,0,1,0,0,0,0,0,0,0,0,0,0,0,0,0,0,258,0,60,49,0,0,1,0,0,0,0,0,Getting Back Together;Love;Lost Love,0,0,0,0,0,0,0,0,0,0
8,5.333333333333333,3.3333333333333335,Hip Hop,0,1,0,0,21,1,0,1,1,0,1,0,1,0,0,0,1,4/4,E,144,51,68,53,-7,9,0,0,0,1,0,0,0,0,0,0,0,0,0,0,0,0,0,0,0,0,0,0,0,0,0,0,223,0,6,19,0,0,1,0,0,0,0,0,Death,0,0,1,0,0,0,0,0,0,0
2,5.666666666666667,4,Hip Hop,1.5,1,0,0,24,1,0,1,1,0,1,0,1,0,0,0,1,4/4,Bbm,92,79,87,56,-4,2,0,1,1,0,0,0,0,0,0,0,0,0,0,0,0,0,0,0,0,0,0,0,0,0,0,0,239,0,3,22,0,0,1,0,0,1,0,1,Lust/Sex;Bragging;Badassery,0,0,1,0,0,0,0,0,0,0
1,5.333333333333333,0.6666666666666666,Funk/Soul,1,0,0,0,28,0,0,1,2,0,1,0,1,0,0,0,1,4/4,Bbm,92,63,85,86,-7,1,0,1,1,0,0,0,0,0,0,0,0,1,0,0,0,0,0,0,0,0,0,0,0,0,0,0,246,0,42,31,0,0,1,0,0,0,0,0,Lust/Sex;Masturbation,0,0,1,0,0,0,0,0,0,0
14,5,0,Electronic/Dance;Latin,0,1,0,0,48,1,0,0,1,0,1,1,1,0,1,0,1,4/4,Ab,103,93,74,96,-6,24,0,1,0,0,0,0,0,0,0,0,0,0,0,1,0,0,0,0,0,0,0,0,0,0,0,0,251,0,100,37,0,0,0,0,1,1,0,1,Lust/Sex;Bad Relationships;Infidelity,0,1,0,1,0,0,0,1,0,0
4,7.333333333333333,0.6666666666666666,Hip Hop,0.5,1,0,0,29,2,0,1,2,0,1,0,1,0,1,0,1,4/4,Gbm,89,64,85,69,-5,42,0,0,0,1,0,0,0,0,0,0,0,0,0,0,1,0,0,0,0,0,0,0,0,0,0,1,306,0,0,22,1,0,0,0,0,1,0,1,Lust/Sex;Partying,0,0,1,0,0,0,0,0,0,0
11,6.333333333333333,2.6666666666666665,Funk/Soul,1,0,0,0,29,0,0,1,0,1,0,0,1,1,0,0,0,4/4,Multiple Keys,110,43,62,11,-8,41,0,0,1,0,1,0,0,0,0,0,0,0,0,0,0,0,0,0,0,0,0,0,0,0,0,0,270,0,43,21,0,0,1,0,0,0,0,0,Lost Love;Longing for Love,0,0,0,0,0,0,0,0,0,0
4,7.666666666666667,2,Pop,0,1,0,0,22.2,0,2,2,2,2,1,0,1,1,0,0,1,4/4,B,110,86,77,89,-6,10,0,0,0,1,1,0,0,0,0,0,0,0,0,0,0,0,0,0,0,0,0,0,0,0,0,1,173,0,13,4,0,0,0,0,0,1,0,1,Empowerment;Friendship;Love,0,0,0,0,0,0,0,0,0,0
6,5.666666666666667,1.3333333333333333,Hip Hop,1.5,1,0,0,27,1,0,1,2,2,1,0,1,0,1,0,1,4/4,Gm,94,77,93,68,-6,10,0,0,0,0,0,0,0,0,0,0,0,0,0,0,0,0,0,0,0,0,0,0,0,0,0,0,231,0,11,11,0,0,1,0,0,1,1,1,Bragging;Materialism;Badassery,0,0,1,0,0,0,0,0,0,0
3,9,1.3333333333333333,Hip Hop,1,1,0,1,24,1,0,1,1,2,1,0,1,0,0,0,1,4/4,Em,94,69,89,63,-4,18,0,1,0,0,0,0,0,0,0,0,0,0,0,0,0,0,0,0,0,0,0,0,0,0,0,0,230,0,6,6,0,0,1,0,0,1,1,1,Bragging;Materialism;Badassery;Lust/Sex,0,0,1,0,0,0,0,0,0,0
3,5.666666666666667,1.3333333333333333,Pop,0,0,0,0,14,1,1,0,1,1,1,1,1,1,0,0,0,4/4,A,105,94,69,67,-7,0,0,0,1,0,0,0,0,0,0,0,0,0,0,0,0,0,0,0,0,0,0,0,0,0,0,0,238,0,29,18,0,0,1,0,0,1,0,1,Lost Love;Time,0,0,0,0,0,0,0,0,0,0
11,6.666666666666667,0.6666666666666666,Hip Hop,0,1,0,0,25.5,2,0,1,2,2,1,0,1,0,1,0,0,4/4,G,110,48,86,93,-9,5,0,0,1,0,0,0,0,0,0,0,0,0,0,0,0,0,0,0,0,0,0,0,0,0,0,0,300,0,23,18,0,0,1,0,0,1,1,1,Death;Regret;Time,0,0,1,0,0,0,0,0,0,0
2,9.333333333333334,1.3333333333333333,Hip Hop,1.5,1,0,1,25,1,0,1,1,0,1,0,1,0,0,0,1,4/4,Dbm,105,88,85,90,-5,1,1,0,1,0,0,0,0,0,0,0,0,0,0,0,0,0,0,0,0,0,0,0,0,0,0,0,257,0,0,19,0,0,1,0,0,1,0,1,Bragging;Materialism;Badassery;Lust/Sex,0,0,1,0,0,0,0,0,0,0
3,7,4,Hip Hop,1,1,0,0,28,0,0,1,2,2,1,0,2,0,1,0,1,4/4,Cm,96,82,69,68,-7,12,0,1,0,1,0,0,0,0,0,0,0,1,0,1,0,0,0,0,0,0,0,0,0,0,0,1,299,0,53,53,0,0,1,0,0,1,0,1,Lust/Sex,0,0,0,0,0,0,0,0,0,0
1,5.333333333333333,0.6666666666666666,Funk/Soul,0,1,0,0,25,1,0,1,1,0,0,0,1,0,0,0,1,4/4,Db,98,49,58,19,-10,82,0,0,0,0,0,0,0,0,0,0,0,1,0,0,0,0,0,0,0,0,0,0,0,0,0,0,292,0,36,36,0,0,0,0,0,0,0,0,Lost Love,0,0,0,0,0,0,0,0,0,0
14,6.333333333333333,2,Pop,1,0,0,0,50,1,1,0,1,1,1,0,1,1,0,0,0,4/4,E,126,31,45,37,-8,98,0,0,0,1,1,0,0,0,0,0,0,0,0,0,0,0,0,0,0,0,0,0,0,0,0,0,250,0,35,8,0,0,0,0,0,0,0,0,Death,0,0,0,0,0,0,0,0,0,0
2,4.333333333333333,3.3333333333333335,Funk/Soul,2,0,0,0,25,1,1,0,1,1,1,1,1,1,0,0,0,4/4,C,168,70,56,82,-9,40,0,0,1,1,0,0,0,0,0,0,0,1,0,0,0,0,0,0,0,0,0,0,0,0,0,0,277,0,60,16,0,0,1,0,0,0,0,0,Love,0,0,0,0,0,0,0,0,0,0
2,7.333333333333333,0.6666666666666666,Electronic/Dance,1,0,0,0,31,0,0,1,2,0,1,0,2,1,1,0,1,Free;4/4,C,123,59,87,50,-9,8,0,1,0,0,0,0,0,0,0,0,0,0,0,0,0,0,0,0,0,0,0,0,0,0,0,0,301,0,72,59,1,1,1,0,0,0,0,0,Hope;Faithfulness;Friendship,0,1,0,0,0,0,0,0,0,0
2,6,2,Funk/Soul,1,0,0,0,19,1,0,1,1,1,1,0,1,0,0,0,0,4/4,Fm,122,30,82,51,-12,15,0,0,1,1,0,0,0,0,0,0,0,0,0,0,0,0,0,0,0,0,0,0,0,0,0,0,227,0,59,32,1,0,1,0,0,0,0,0,Lust/Sex,0,1,1,0,0,0,0,0,0,0
2,6,1.3333333333333333,Pop,1,0,0,0,29,0,1,0,1,1,0,0,1,1,0,0,1,4/4,Multiple Keys,99,28,43,4,-12,73,0,0,0,0,1,1,0,0,0,0,0,0,0,0,0,0,0,0,0,0,0,0,0,0,0,0,280,0,61,21,0,0,0,0,0,0,0,0,Love;Faithfulness;Death,0,0,0,0,0,1,0,0,0,0
3,5.333333333333333,2,Hip Hop,1,0,0,0,29,1,0,1,1,0,1,0,1,0,0,0,1,4/4,Gb,108,87,88,86,-5,2,0,1,1,0,0,0,0,0,0,0,0,0,0,0,0,0,0,0,0,0,0,0,0,0,0,0,227,0,66,19,0,0,1,0,0,1,1,1,Bragging;Badassery;Dancing;Partying;Lust/Sex,0,0,0,0,0,0,0,0,0,0
3,6.333333333333333,3.3333333333333335,Funk/Soul,2,1,0,0,27,1,0,1,1,0,1,0,1,0,1,0,1,4/4,Db,128,63,64,40,-6,6,0,0,1,0,1,0,0,0,0,0,0,1,0,0,0,0,0,0,0,0,0,0,0,0,0,0,221,0,31,15,0,0,1,0,0,0,0,0,Longing for Love,0,0,0,0,0,0,0,0,0,0
5,7,2,Funk/Soul,1,1,0,0,21,1,0,1,1,0,1,0,1,0,0,0,1,4/4,D,100,40,85,75,-10,1,0,0,0,1,0,0,0,0,0,0,0,0,0,0,0,0,0,0,0,0,0,0,0,0,0,0,259,0,0,24,1,0,1,0,0,0,1,1,Lust/Sex,0,1,1,0,0,0,0,0,0,0
1,6,2.6666666666666665,Pop,1,0,0,0,28,0,0,1,2,2,1,0,2,2,1,0,1,4/4,Gm,108,32,61,11,-10,73,0,0,1,0,0,0,0,0,0,0,0,1,0,0,0,0,0,0,0,0,0,0,0,0,0,0,230,0,57,20,0,0,0,0,0,0,0,0,Lost Love,0,0,0,0,0,0,0,0,0,0
13,7.333333333333333,3.3333333333333335,Funk/Soul,2,1,0,0,18,0,0,1,2,0,1,0,2,0,1,0,1,4/4,Dbm,93,67,69,69,-7,25,0,0,1,0,1,0,0,0,0,0,0,1,0,0,0,0,0,0,0,0,0,0,0,0,0,0,240,0,13,32,1,0,0,0,0,0,0,0,Lust/Sex;Fighting,0,1,0,0,0,0,0,0,0,0
4,5.333333333333333,2.6666666666666665,Rock,0,0,0,0,50,1,1,0,0,1,0,0,1,1,0,0,0,4/4,D,121,66,38,14,-5,17,0,0,1,1,1,1,0,0,0,0,0,0,0,0,0,0,0,0,0,0,0,0,0,0,0,0,298,0,70,30,0,0,1,0,0,0,0,0,Love,0,0,0,0,0,1,0,0,0,0
5,6.333333333333333,2.6666666666666665,Funk/Soul,1,1,0,0,17,0,0,1,2,2,0,0,1,0,0,0,1,4/4,Ebm,152,77,67,91,-9,14,0,1,0,0,1,0,0,0,0,0,0,0,0,0,0,0,0,0,0,0,0,0,0,0,0,0,235,0,6,32,0,0,0,0,0,1,0,1,Lust/Sex;Restraint,0,0,0,0,0,0,0,0,0,0
1,4.666666666666667,0.6666666666666666,Rock,0,0,0,0,27,1,1,0,1,1,1,1,2,1,1,0,1,4/4,A,113,90,70,73,-6,1,0,0,1,0,0,0,0,0,0,0,0,0,0,0,0,0,0,0,0,0,0,0,0,0,0,0,229,0,32,0,0,0,0,0,0,1,0,1,Fighting;Getting Back Together,0,0,0,0,0,0,0,0,0,0
2,9,1.3333333333333333,Funk/Soul,1,0,0,0,23,0,0,1,0,0,1,1,0,0,1,1,1,4/4,Am,100,56,80,63,-9,1,0,1,0,1,0,1,0,0,0,0,0,0,0,0,0,0,0,0,0,0,0,0,0,0,0,0,240,0,0,29,0,0,1,0,0,1,0,1,Lust/Sex;Bad Relationships;Materialism,0,0,0,0,0,0,0,0,0,0
6,3.6666666666666665,3.3333333333333335,Pop,2,1,0,0,30.5,2,2,2,1,1,1,1,1,1,1,1,1,4/4,C,113,50,62,27,-7,67,0,0,1,0,1,0,0,0,0,0,0,0,0,0,0,0,0,0,0,0,0,0,0,0,0,0,332,0,13,10,0,0,0,0,0,0,0,0,Love;Faithfulness,0,0,0,0,0,0,0,0,0,0
2,5.666666666666667,2.6666666666666665,Pop,1,0,0,0,19,0,0,1,0,1,0,0,1,1,0,0,0,4/4,A,134,53,70,28,-6,54,0,0,0,1,0,0,0,0,0,0,0,0,0,0,0,0,0,0,0,0,0,0,0,0,0,0,273,0,8,32,1,0,1,0,0,0,0,0,Love,0,0,0,0,0,0,0,0,0,0
2,9.666666666666666,0.6666666666666666,Pop,1,0,0,0,17,0,1,0,1,1,0,0,1,1,0,0,1,4/4,Cm,93,70,76,91,-6,20,0,0,0,1,0,0,0,0,0,0,0,1,0,0,0,0,0,0,0,0,0,0,0,0,0,0,211,0,21,12,0,0,0,0,0,0,0,0,Lost Love,0,0,1,0,0,0,0,0,0,0
4,7.333333333333333,3.3333333333333335,Funk/Soul,1,0,0,0,18,0,0,1,1,2,0,0,1,0,0,0,0,4/4,Bbm,90,56,51,21,-7,0,0,0,1,0,0,0,0,0,0,0,0,1,0,0,0,0,0,0,0,0,0,0,0,0,0,0,250,0,22,22,0,0,0,0,1,0,0,1,Love,0,0,0,0,0,0,0,0,0,0
4,7.333333333333333,4.666666666666667,Electronic/Dance,1,0,0,0,52,0,1,0,1,1,0,0,1,1,0,0,0,4/4,Gb,133,92,65,46,-7,1,0,0,0,1,0,0,0,0,0,0,0,0,0,0,0,0,0,0,0,0,0,0,0,0,0,0,239,0,36,29,0,0,1,0,0,0,0,0,Lost Love;Empowerment,0,0,0,0,0,0,0,0,0,0
4,9.333333333333334,0.6666666666666666,Funk/Soul,0,0,0,0,27,0,0,1,2,0,1,0,1,0,0,0,1,4/4,Abm,93,68,74,59,-4,3,0,0,1,0,0,0,0,0,0,0,0,0,0,0,0,0,0,0,0,0,0,0,0,0,0,0,214,0,10,10,0,0,1,0,0,0,0,0,Bad Relationships;Empowerment,0,0,0,0,0,0,0,0,0,0
5,7.333333333333333,4,Pop,1,0,0,0,27,1,0,0,1,0,0,0,1,0,0,0,1,4/4,Dbm,89,95,43,93,-4,0,0,0,1,0,0,1,0,0,0,0,0,0,0,0,0,0,0,0,0,0,0,0,0,0,0,0,243,0,65,11,0,0,0,0,0,0,0,0,Bad Relationships,0,0,0,1,0,0,0,0,0,0
5,5.666666666666667,4,Pop,1,0,0,0,29,0,0,0,2,0,1,0,1,0,0,0,1,4/4,Bm,94,62,68,81,-7,6,0,0,1,0,1,0,0,0,0,0,0,1,0,0,0,0,0,0,0,0,0,0,0,0,0,0,266,0,42,20,0,0,1,0,0,0,0,0,Love;Bad Relationships,0,0,0,0,0,0,0,0,0,0
1,8,2.6666666666666665,Funk/Soul,0,1,0,0,17,0,0,1,2,0,1,0,1,0,0,0,1,4/4,Bm,128,58,85,46,-5,14,0,1,0,0,0,0,0,0,0,0,0,0,0,0,0,0,0,0,0,0,0,0,0,0,0,0,256,0,15,15,0,0,0,0,0,0,0,0,Lost Love;Empowerment;Poverty,0,0,0,0,0,0,0,0,0,0
1,5,2,Hip Hop,1.5,1,0,0,30,1,0,1,1,2,1,0,1,1,0,0,1,4/4,Ebm,107,67,85,62,-7,6,0,0,1,1,0,1,0,0,0,0,0,0,0,0,0,0,0,0,0,0,0,0,0,0,0,0,245,0,10,10,0,0,0,0,0,1,1,1,Bragging;Lust/Sex;Murder,1,0,1,0,0,1,0,0,0,0
5,7.333333333333333,2.6666666666666665,Pop,1,0,0,0,18,0,1,0,2,1,0,0,1,1,0,0,1,4/4,Fm,176,80,63,91,-7,21,0,0,0,1,0,0,0,0,0,0,0,0,0,0,0,0,0,0,0,0,0,0,0,0,0,0,217,0,14,14,0,0,0,0,0,0,0,0,Lust/Sex,0,1,1,0,0,0,0,0,0,0
2,5,3.3333333333333335,Pop,1,0,0,0,24,1,1,0,1,1,0,0,1,1,0,0,1,4/4,Am,100,89,63,59,-5,5,0,0,1,0,0,0,0,0,0,0,0,0,0,0,0,0,0,0,0,0,0,0,0,0,0,0,214,0,54,23,0,0,0,0,0,0,0,0,Dancing,0,0,0,1,0,0,0,0,0,0
3,6.666666666666667,1.3333333333333333,Pop,0,1,0,0,29,0,0,1,2,0,1,0,1,0,0,0,1,4/4,C,89,62,66,57,-6,0,0,0,1,0,0,0,0,0,0,0,0,0,0,0,0,0,0,0,0,0,0,0,0,0,0,0,240,0,64,24,0,0,1,0,0,0,0,0,Pain;Bad Relationships,0,0,1,0,0,0,0,0,0,0
2,7,0,Funk/Soul,1.5,1,0,0,30,0,0,1,2,2,1,0,2,0,1,0,1,4/4,C,100,82,52,79,-6,38,0,1,1,0,0,0,0,0,0,0,0,1,0,0,0,0,0,0,0,0,0,0,0,0,0,1,285,0,0,29,0,0,0,0,0,1,0,1,Lost Love,0,1,1,0,0,0,0,0,0,0
12,7.666666666666667,0.6666666666666666,Rock,0.5,0,1,0,52,1,2,0,1,1,0,1,1,1,0,0,0,4/4,Am,116,78,64,96,-9,18,0,0,1,0,0,1,0,0,0,0,0,0,0,0,0,0,0,0,0,0,0,0,0,0,0,0,241,0,58,9,0,0,1,0,0,0,0,0,Lust/Sex,0,0,0,0,0,0,0,0,0,0
2,7.666666666666667,1.3333333333333333,Pop,1,0,0,0,19,0,1,0,2,1,0,0,1,1,0,0,1,4/4,C,142,82,75,82,-7,7,0,1,0,0,1,0,0,0,0,0,0,1,0,0,0,0,0,0,0,0,0,0,0,0,0,0,215,0,5,14,1,0,1,0,1,0,0,1,Love,0,0,0,0,0,0,0,0,0,0
4,5,3.3333333333333335,Pop,2,0,0,0,27,1,1,0,1,1,1,1,1,1,1,0,1,4/4,A,85,50,61,74,-10,32,0,0,1,0,0,0,0,0,0,0,0,1,0,0,0,0,0,0,0,0,0,0,0,0,0,0,250,0,19,16,0,0,1,0,0,0,0,0,Love,0,0,0,0,0,0,0,0,0,0
1,5,1.3333333333333333,Pop,1.5,1,0,0,28,2,2,2,2,0,1,0,2,0,1,0,1,4/4,Multiple Keys,129,53,35,15,-6,59,0,0,0,1,0,0,0,0,0,0,0,0,0,0,0,0,0,0,0,0,0,0,0,0,0,0,257,0,38,15,0,0,0,0,0,0,0,0,Love,0,0,0,0,0,0,0,0,0,0
2,4.666666666666667,1.3333333333333333,Folk/Country,0,0,0,0,38,1,1,0,2,1,0,0,1,1,0,0,0,4/4,Multiple Keys,140,55,56,25,-8,25,0,0,1,0,1,0,0,0,0,0,0,0,0,0,0,0,0,0,0,0,0,0,0,0,0,0,239,0,65,10,0,0,0,0,0,0,0,0,Love,0,0,0,0,0,0,0,0,0,0
3,8.666666666666666,1.3333333333333333,Funk/Soul,0,1,0,0,18,0,0,1,2,0,1,0,1,0,0,0,1,4/4,Fm,69,68,59,74,-3,29,0,0,1,0,1,0,0,0,0,0,0,1,0,0,0,0,0,0,0,0,0,0,0,0,0,0,240,0,3,32,0,0,0,0,0,0,0,0,Infidelity;Bad Relationships,0,0,0,0,0,0,0,0,0,0
10,8,2,Funk/Soul,0.5,1,1,0,52,1,0,2,1,0,1,0,1,0,0,0,1,4/4,Am,98,60,78,68,-6,4,0,0,1,0,0,0,0,0,0,0,0,0,0,0,0,0,0,0,0,0,0,0,0,0,0,0,261,0,67,19,1,0,1,0,0,0,1,1,Love;Playing Music,0,1,0,1,0,0,0,0,0,0
1,8.333333333333334,2.6666666666666665,Hip Hop,1,1,0,0,21,0,0,1,1,0,0,0,1,0,0,0,1,4/4,Abm,93,65,79,74,-6,9,0,1,0,0,0,0,0,0,0,0,0,0,0,0,0,0,0,0,0,0,0,0,0,0,0,0,287,0,20,20,0,0,1,0,0,0,1,1,Lust/Sex,0,0,0,0,0,1,0,0,0,0
3,4.666666666666667,2.6666666666666665,Electronic/Dance,1,0,0,0,25,1,1,0,1,2,1,0,1,1,0,0,1,4/4,Dbm,122,87,69,56,-5,4,0,0,1,1,0,0,0,0,0,0,0,1,0,0,0,0,0,0,0,0,0,0,0,0,0,0,220,0,55,28,0,0,1,0,0,0,0,0,Longing for Love;Lost Love,0,0,0,0,0,0,0,0,0,0
1,3.6666666666666665,0.6666666666666666,Rock,0,0,0,0,30,1,1,0,1,1,1,1,1,1,0,0,0,4/4,Ebm,94,76,64,74,-6,5,0,0,1,0,0,0,0,0,0,0,0,0,0,0,0,0,0,0,0,0,0,0,0,0,0,0,257,0,71,20,0,0,1,0,0,0,0,0,Lost Love;Bad Relationships;Restlessness,0,0,0,0,0,0,0,0,0,0
1,4.333333333333333,1.3333333333333333,Rock,0,0,0,0,28,1,1,0,1,1,1,1,1,1,0,0,0,4/4,Gbm,95,83,52,53,-7,4,0,0,1,0,0,0,0,0,0,0,0,0,0,0,0,0,0,0,0,0,0,0,0,0,0,0,256,0,86,21,0,0,1,0,0,0,0,0,Pain;Bad Behavior;Restlessness,0,0,0,0,0,0,0,0,0,0
2,5.333333333333333,2,Pop,0,1,0,0,19,1,1,0,1,2,0,0,1,1,0,0,1,4/4,Cm,165,87,64,91,-5,4,0,0,0,1,0,0,0,0,0,0,0,0,0,0,0,0,0,0,0,0,0,0,0,0,0,0,192,0,29,13,0,0,0,0,0,0,0,0,Bad Relationships;Lost Love;Longing for Love,0,0,0,0,0,0,0,0,0,0
2,4.333333333333333,1.3333333333333333,Funk/Soul,1,0,0,0,21,1,0,1,1,0,0,0,1,0,0,0,1,4/4,B,119,44,75,27,-8,28,0,0,0,1,1,0,0,0,0,0,0,0,0,0,0,0,0,0,0,0,0,0,0,0,0,0,274,0,17,17,0,0,0,0,0,0,0,0,Longing for Love,0,0,0,0,0,0,0,0,0,0
3,6.333333333333333,2,Funk/Soul,1,0,0,0,34,0,0,1,2,0,1,0,2,1,1,0,1,4/4,Fm,99,80,77,80,-3,10,0,1,0,0,0,0,0,0,0,0,0,0,0,1,0,0,0,0,0,0,0,0,0,0,0,0,297,0,22,22,0,0,0,0,0,0,0,0,Love;Appreciation;Respect,0,0,0,0,0,1,0,0,0,0
4,5,2,Electronic/Dance,1,0,0,0,42,0,1,0,2,2,1,0,2,2,1,0,1,4/4,Gm,120,80,74,87,-9,0,0,0,0,0,0,0,0,0,0,0,0,0,0,0,0,0,0,0,0,0,0,0,0,0,0,0,225,0,61,40,0,0,0,0,0,0,0,0,Dancing,0,1,0,0,0,0,0,0,0,0
4,6.666666666666667,1.3333333333333333,Pop,1,0,0,0,19,0,1,0,2,2,1,0,1,1,0,0,1,4/4,Eb,119,92,83,78,-3,23,0,1,0,1,1,1,0,0,0,0,0,1,0,1,0,0,0,0,0,0,0,0,0,0,0,0,203,0,0,16,1,0,0,0,0,0,0,0,Lust/Sex,0,1,1,0,0,0,0,0,0,0
1,5.666666666666667,2,Rock,0,0,0,0,27,1,1,0,1,1,1,1,1,1,0,0,0,4/4,C,139,54,51,14,-8,0,0,0,1,0,0,0,0,0,0,0,0,0,0,0,0,0,0,0,0,0,0,0,0,0,0,0,273,0,60,17,0,0,0,0,0,0,0,0,Child Birth;Family;Redemption,0,0,0,0,0,0,0,0,0,0
11,7.666666666666667,0.6666666666666666,Funk/Soul,0,1,0,0,19,0,0,1,2,0,1,0,2,0,1,0,1,4/4,Gbm,98,59,67,93,-4,35,0,0,0,0,1,0,0,0,0,0,0,0,0,0,0,0,0,0,0,0,0,0,0,0,0,0,216,0,12,19,1,0,0,0,0,0,0,0,Empowerment;Bragging;Badassery,0,1,0,0,0,1,0,0,0,0
2,6.333333333333333,2,Hip Hop,1.5,1,0,0,33,1,0,1,1,2,1,0,1,0,0,0,1,4/4,C,95,61,85,65,-5,6,0,0,1,0,1,0,0,0,0,0,0,0,0,0,0,0,0,0,0,0,0,0,0,0,0,0,227,0,23,20,0,0,1,0,0,1,0,1,Infidelity,0,0,1,0,0,0,0,0,0,0
1,8.666666666666666,2,Hip Hop,2,1,0,0,25.5,1,0,1,1,0,1,0,1,0,1,0,1,4/4,Am,95,83,83,68,-4,19,0,1,0,1,0,0,0,0,0,0,0,1,0,0,0,0,0,0,0,0,0,0,0,0,0,0,238,0,10,23,0,0,1,0,0,0,0,0,Lost Love;Bad Relationships,0,1,1,0,0,0,0,0,0,0
4,4.333333333333333,2,Hip Hop,1.5,1,0,0,27,1,0,1,1,2,0,0,1,0,0,0,1,4/4,Bbm,90,76,77,68,-7,5,0,1,0,0,1,0,0,0,0,0,0,0,0,0,0,0,0,0,0,0,0,0,0,0,0,1,213,0,0,16,0,0,0,0,0,1,0,1,Infidelity;Bad Relationships,0,0,1,0,0,0,0,0,0,0
2,6,1.3333333333333333,Hip Hop,0,1,0,0,28,1,1,0,1,1,1,0,1,1,1,0,0,4/4,Am,104,73,73,68,-8,1,0,0,1,0,0,0,0,0,0,0,0,0,0,0,0,0,0,0,0,0,0,0,0,0,0,0,215,0,21,10,0,0,1,0,0,1,0,1,Lust/Sex,0,0,1,0,0,0,0,0,0,0
1,6.666666666666667,0.6666666666666666,Reggae,1.5,1,0,0,33,1,0,1,1,2,0,0,1,0,0,0,0,4/4,Gb,85,68,80,82,-6,13,0,0,1,0,0,0,0,0,0,0,0,0,0,0,0,0,0,0,0,0,0,0,0,0,0,0,235,0,8,24,0,0,0,0,0,1,1,1,Love;Longing for Love;Appreciation,0,0,1,0,0,0,0,0,0,0
7,7,1.3333333333333333,Funk/Soul,1,0,0,0,34,0,0,1,2,2,1,0,1,2,1,0,1,4/4,G,114,88,77,78,-5,1,0,1,1,0,0,0,0,0,0,0,0,1,0,0,0,0,0,0,0,0,0,0,0,0,0,0,272,0,27,44,1,0,0,0,0,1,0,1,Lust/Sex,0,0,1,0,0,0,0,0,0,0
5,6.333333333333333,1.3333333333333333,Funk/Soul,0,1,0,0,21.75,0,2,2,1,1,0,0,2,0,0,0,0,4/4,Dm,110,80,76,65,-4,1,0,1,0,0,0,0,0,0,0,0,0,0,0,0,0,0,0,0,0,0,0,0,0,0,0,1,264,0,3,13,0,0,0,0,1,0,0,1,Lust/Sex,0,0,1,1,0,0,0,0,1,0
4,5.666666666666667,3.3333333333333335,Funk/Soul,1,0,0,0,22,1,0,1,2,0,0,0,1,0,0,0,1,4/4,Gb,94,63,66,73,-5,19,0,0,0,1,0,0,0,0,0,0,0,0,0,0,0,0,0,0,0,0,0,0,0,0,0,0,266,0,0,11,0,0,0,0,0,1,0,1,Bad Relationships;Longing for Love;Lost Love;Infidelity,0,1,1,0,0,0,0,0,0,0
2,5.666666666666667,1.3333333333333333,Funk/Soul,0,1,0,0,19,0,0,1,2,2,1,0,2,2,1,0,1,4/4,Ebm,103,84,84,64,-4,0,0,0,1,0,0,0,0,0,0,0,0,0,0,0,0,0,0,0,0,0,0,0,0,0,0,0,207,0,10,19,1,0,0,0,0,1,0,1,Lust/Sex;Empowerment,0,0,1,0,0,0,0,0,0,0
6,7.666666666666667,0.6666666666666666,Funk/Soul,1,0,0,0,20,0,0,1,0,0,1,1,0,0,1,1,1,12/8,Em,96,61,65,48,-8,26,0,0,0,1,1,0,0,0,0,0,0,0,0,0,0,0,0,0,0,0,0,0,0,0,0,0,195,0,24,17,1,1,0,0,0,0,0,0,Love;Bad Relationships,0,0,0,0,0,0,0,0,0,0
5,5.333333333333333,4,Funk/Soul,1.5,1,0,0,28.5,2,0,2,1,0,1,0,1,0,0,0,1,4/4,Bm,83,59,71,55,-8,27,0,1,0,0,1,1,0,0,0,0,0,0,0,0,0,0,0,0,0,0,0,0,0,0,0,0,266,0,43,25,1,0,1,0,0,1,0,1,Lust/Sex,0,0,1,0,0,0,0,0,0,0
6,7.666666666666667,0.6666666666666666,Hip Hop,1,0,0,0,30,0,0,1,2,0,1,0,1,0,0,0,1,4/4,Abm,93,56,93,98,-2,15,0,1,0,0,1,0,0,0,0,0,0,0,0,0,0,0,0,0,0,0,0,0,0,0,0,0,244,0,21,21,0,0,1,0,0,0,0,0,Partying;Dancing,0,0,1,0,0,0,0,0,0,0
6,6.333333333333333,2,Funk/Soul,1,0,0,0,23,1,0,1,1,0,1,0,1,0,0,0,1,4/4,Db,124,50,82,65,-5,2,0,1,1,0,0,0,0,0,0,0,0,1,0,0,0,0,0,0,0,0,0,0,0,0,0,0,247,0,61,31,0,0,1,0,0,0,0,0,Lost Love,0,0,1,0,0,0,0,0,0,0
4,6.333333333333333,2,Rock,0,0,0,0,27,1,1,0,1,1,1,1,1,0,1,0,1,4/4,Gm,172,76,45,54,-5,0,0,0,1,0,0,0,0,0,0,0,0,0,0,0,0,0,0,0,0,0,0,0,0,0,0,0,223,0,23,0,0,0,1,0,0,0,0,0,Lost Love,0,0,1,0,0,0,0,0,0,0
2,6.333333333333333,2,Hip Hop,1.5,1,0,0,23,2,0,1,1,0,1,0,1,0,0,0,1,4/4,Cm,97,71,84,84,-6,21,0,0,1,0,1,0,0,0,0,0,0,0,0,0,0,0,0,0,0,0,0,0,0,0,0,0,245,0,2,22,1,0,0,0,0,0,0,0,Lust/Sex,0,0,1,0,0,0,0,0,0,0
6,4.666666666666667,1.3333333333333333,Hip Hop,1.5,1,0,0,29,2,0,2,2,0,1,0,1,0,0,0,1,4/4,Gm,89,74,78,79,-3,38,0,0,0,0,1,0,0,0,0,0,0,0,0,0,0,0,0,0,0,0,0,0,0,0,0,1,231,0,34,29,1,0,1,0,0,1,0,1,Lost Love;Empowerment,0,0,1,0,0,0,0,0,0,0
10,6.333333333333333,0.6666666666666666,Funk/Soul,1,0,0,0,21,0,0,1,2,0,1,0,1,0,0,0,1,4/4,C,90,70,67,71,-6,35,0,1,0,1,0,0,0,0,0,0,0,1,0,0,0,0,0,0,0,0,0,0,0,0,0,0,227,0,34,12,1,0,1,0,0,1,0,1,Bad Relationships,0,0,1,0,0,0,0,0,0,0
7,8.333333333333334,0.6666666666666666,Hip Hop,1,1,0,0,27,1,0,1,1,0,1,0,1,0,0,0,1,4/4,Em,107,75,96,91,-5,21,0,1,1,1,0,0,0,0,0,0,0,0,0,0,0,0,0,0,0,0,0,0,0,0,0,0,228,0,14,29,1,0,0,0,0,0,1,1,Lust/Sex,0,0,1,0,0,0,0,0,0,0
10,6.666666666666667,1.3333333333333333,Funk/Soul,1.5,1,0,0,24,2,0,1,1,0,1,0,1,0,0,0,0,4/4,F,168,55,73,61,-8,23,0,1,0,1,1,0,0,0,0,0,0,0,0,0,0,0,0,0,0,0,0,0,0,0,0,0,289,0,18,45,1,0,1,0,0,1,0,1,Infidelity;Lust/Sex,0,0,1,0,0,0,0,0,0,0
2,6,1.3333333333333333,Pop,1,0,0,0,20,0,1,0,1,1,0,0,1,1,0,0,0,4/4,Multiple Keys,145,57,41,16,-4,16,0,0,1,0,1,0,0,0,0,0,0,0,0,0,0,0,0,0,0,0,0,0,0,0,0,0,228,0,13,8,0,0,0,0,0,0,0,0,Love;Dreaming,0,0,0,0,0,0,0,0,0,0
12,10,0,Hip Hop,1,0,0,0,30,1,1,0,1,2,1,0,1,1,1,0,1,4/4,Dm,171,74,69,6,-5,1,0,0,1,1,1,0,0,0,0,0,0,0,0,0,0,0,0,0,0,0,0,0,0,0,0,0,321,0,68,53,1,0,1,0,0,0,0,0,Dreaming;Doubt;Redemption;Survival,0,1,1,0,0,1,0,0,0,0
1,4,1.3333333333333333,Hip Hop,0.5,1,0,0,25.5,1,0,1,1,0,0,0,1,0,1,0,1,4/4,Dbm,95,68,83,89,-6,10,0,0,1,0,1,0,0,0,0,0,0,0,0,0,0,0,0,0,0,0,0,0,0,0,0,1,282,0,0,20,0,0,1,0,0,0,1,1,Lust/Sex,0,1,1,0,0,0,0,0,0,0
9,9.333333333333334,0.6666666666666666,Hip Hop,1,0,0,0,27,1,0,1,1,0,1,0,1,0,0,0,1,4/4,Gbm,90,72,90,81,-3,26,0,1,0,0,1,1,0,0,0,0,0,0,0,1,0,0,0,0,0,0,0,0,0,0,0,0,193,0,17,15,1,0,1,0,0,0,0,0,Partying;Bragging;Lust/Sex,0,1,1,0,0,0,0,0,0,0
4,8,2,Hip Hop,1.5,1,0,0,30,1,0,1,2,0,1,0,1,2,0,0,0,4/4,Gbm,90,81,58,91,-4,35,0,0,1,0,0,0,0,0,0,0,0,0,0,0,0,0,0,0,0,0,0,0,0,0,0,0,224,0,30,17,1,0,1,0,0,1,0,1,Love;Faithfulness,0,1,1,0,0,0,0,0,0,0
2,2.6666666666666665,2,Pop,1,0,0,0,24,1,1,0,1,1,0,0,1,1,0,0,0,4/4,E,99,56,53,37,-8,15,0,0,0,1,1,0,0,0,0,0,0,1,0,0,0,0,0,0,0,0,0,0,0,0,0,0,212,0,13,9,0,0,0,0,0,0,0,0,Love,0,0,0,0,0,0,0,0,0,0
1,5.666666666666667,2.6666666666666665,Hip Hop,1.5,1,0,0,25.5,2,0,1,1,0,1,0,1,0,1,0,1,4/4,Ebm,99,84,75,80,-5,37,0,1,0,0,1,0,0,0,0,0,0,0,0,0,0,0,0,0,0,0,0,0,0,0,0,0,213,0,0,11,1,0,0,0,0,0,0,0,Lust/Sex;Bragging;Dancing,0,0,1,0,0,0,0,0,0,0
9,9.333333333333334,1.3333333333333333,Funk/Soul,2,0,0,0,28,1,0,1,1,0,1,1,1,0,1,0,1,4/4;2/4,Em,80,97,73,97,-2,10,0,1,1,0,0,0,0,0,0,0,0,1,0,1,0,0,0,0,0,0,0,0,0,0,0,0,235,0,8,1,0,0,1,0,0,0,0,0,Longing for Love;Restlessness,0,1,1,0,0,0,0,0,0,0
1,8,1.3333333333333333,Funk/Soul,2.5,1,0,0,28.5,1,0,1,1,0,1,0,1,0,1,0,1,4/4,Fm,126,60,87,64,-5,13,0,1,0,0,0,1,0,0,0,0,0,1,0,0,0,0,0,0,0,0,0,0,0,0,0,0,234,0,17,17,0,0,1,0,0,0,0,0,Lust/Sex;Dancing,0,0,1,0,0,0,0,0,0,0
1,7.333333333333333,0.6666666666666666,Funk/Soul,1.5,1,0,0,30.666666666666668,1,0,1,1,2,1,0,1,0,1,1,1,4/4,Dm,145,76,56,60,-7,37,1,1,0,1,0,0,0,0,0,0,0,0,0,0,0,0,0,0,0,0,0,0,0,0,0,0,212,0,0,6,0,0,1,0,0,1,0,1,Lust/Sex,0,1,1,0,0,0,0,0,0,0
12,9.333333333333334,0.6666666666666666,Hip Hop,1.5,1,0,0,45.5,1,0,1,1,0,1,0,1,0,1,1,1,4/4,Gm,105,79,89,58,-5,2,0,1,0,0,0,0,0,0,0,0,0,1,0,0,0,1,0,0,0,0,0,0,0,0,0,0,250,0,20,19,0,0,0,0,0,0,1,1,Lust/Sex;Dancing,1,0,1,0,0,0,0,0,0,0
8,7.333333333333333,0.6666666666666666,Funk/Soul,1,0,0,0,25,1,0,1,1,0,1,0,1,0,0,0,1,4/4,Db,120,48,80,69,-7,31,0,0,0,1,0,0,0,0,0,0,0,1,0,0,0,0,0,0,0,0,0,0,0,0,0,0,256,0,41,36,1,0,1,0,0,0,0,0,Lost Love;Longing for Love,0,1,0,0,0,0,0,0,0,0
1,5.333333333333333,2.6666666666666665,Pop,1,0,0,0,20,0,0,1,2,2,0,0,1,1,0,0,1,4/4,Ab,134,45,53,13,-9,0,0,0,0,1,1,0,0,0,0,0,0,0,0,0,0,0,0,0,0,0,0,0,0,0,0,0,300,0,21,15,0,0,1,0,0,0,0,0,Love;Dreaming,0,0,0,0,0,0,0,0,0,0
2,7,2,Funk/Soul,1,0,0,0,25,1,0,1,1,0,1,0,1,0,0,0,1,4/4,Ab,138,47,85,70,-8,6,0,0,1,1,0,0,0,0,0,0,0,1,0,0,0,0,0,0,0,0,0,0,0,0,0,0,211,0,16,13,0,0,1,0,0,0,0,0,Infidelity,1,1,0,0,0,0,0,0,0,0
2,5.333333333333333,2.6666666666666665,Hip Hop,1.5,1,0,1,27.5,1,0,1,1,0,1,1,1,0,0,0,0,4/4,Cm,173,73,71,89,-5,55,0,0,1,0,0,1,0,0,0,0,0,0,0,0,0,0,0,0,0,0,0,0,0,0,0,0,248,0,0,32,0,0,0,0,0,0,0,0,Lust/Sex,0,0,1,0,0,0,0,0,0,0
7,5.666666666666667,3.3333333333333335,Hip Hop,1.5,1,0,0,24.5,2,0,1,2,0,1,0,1,0,0,0,1,4/4,Fm,102,65,83,87,-6,3,0,1,0,0,0,0,0,0,0,0,0,1,0,0,0,0,0,0,0,0,0,0,0,0,0,0,223,0,20,6,1,0,0,0,0,0,0,0,Lust/Sex,0,0,1,0,0,0,0,0,0,0
6,6.333333333333333,2,Funk/Soul,2,1,0,0,24.5,2,0,1,2,0,1,0,1,0,0,0,1,4/4,F,86,51,66,68,-8,26,0,1,0,1,0,0,0,0,0,0,0,1,0,0,0,0,0,0,0,0,0,0,0,0,0,1,223,0,0,35,0,0,1,0,0,1,0,1,Love;Longing for Love,0,0,0,0,0,0,0,0,0,0
3,8.666666666666666,1.3333333333333333,Hip Hop,1.5,1,0,0,32,1,0,1,1,0,1,0,1,0,1,0,1,4/4,Dbm,92,55,91,63,-5,17,0,1,0,0,0,0,0,0,0,0,0,0,0,0,0,0,0,0,0,0,0,0,0,0,0,0,269,0,40,23,0,0,1,0,0,0,0,0,Partying;Dancing;Bragging;Badssery,0,0,1,0,0,0,0,0,0,0
4,8,2,Hip Hop,1,0,0,0,35,0,1,0,2,2,1,0,1,0,0,0,1,4/4,B,110,92,93,90,-2,35,0,1,0,0,0,1,0,0,0,0,0,0,0,0,0,0,0,0,0,0,0,0,0,0,0,0,199,0,0,6,0,0,0,0,0,0,1,1,Bragging;Badassery,0,0,1,0,0,0,0,0,0,0
14,7.333333333333333,0.6666666666666666,Funk/Soul,1,0,0,0,36,0,0,1,2,0,1,0,2,0,1,0,1,4/4,C,140,46,84,76,-8,3,0,0,0,1,0,0,0,0,0,0,0,0,0,0,0,0,0,0,0,0,0,0,0,0,0,0,201,0,10,21,0,0,1,0,0,0,1,1,Lost Love;Longing for Love,1,0,1,0,0,0,0,0,0,0
1,5,1.3333333333333333,Pop,1,0,0,0,22,0,1,0,1,2,0,0,1,0,0,0,0,4/4,G,135,56,38,14,-5,11,0,0,1,1,0,0,0,0,0,0,0,0,0,0,0,0,0,0,0,0,0,0,0,0,0,0,225,0,19,14,0,0,1,0,0,0,0,0,Longing for Love,0,0,0,0,0,0,0,0,0,0
10,9.666666666666666,0.6666666666666666,Hip Hop,1.5,1,0,0,32.5,1,0,1,1,0,1,0,1,2,1,0,1,Free;4/4,Abm,93,70,63,62,-6,2,0,0,0,1,0,0,0,0,0,0,0,0,0,0,0,0,0,0,0,0,0,0,0,0,0,0,197,0,4,17,1,1,0,0,0,1,1,1,Materialism;Bad Relationships,0,0,1,0,0,0,0,0,0,0
2,5.666666666666667,1.3333333333333333,Funk/Soul,1,0,0,0,36,0,0,1,2,0,1,0,2,0,1,0,1,4/4,Gm,144,54,70,43,-7,5,0,0,0,1,0,0,0,0,0,0,0,1,0,0,0,0,0,0,0,0,0,0,0,0,0,0,233,0,0,17,0,0,0,0,0,0,0,0,Lost Love,0,0,0,0,0,0,0,0,0,0
2,5.666666666666667,3.3333333333333335,Hip Hop,1.5,1,0,0,29.75,1,2,2,2,2,1,0,1,0,0,0,1,Free;4/4,Gbm,83,50,87,84,-8,4,0,0,0,0,1,0,0,0,0,0,0,0,0,0,0,0,0,0,0,0,0,0,0,0,0,0,271,0,19,26,1,0,0,0,0,0,1,1,Bragging;Badassery;Jewelry,0,1,1,0,0,0,0,0,0,0
1,5.333333333333333,1.3333333333333333,Rock,1,0,0,0,32,1,1,0,2,2,1,0,1,1,0,0,0,4/4,Eb,82,48,68,45,-10,63,0,0,1,0,1,0,0,0,0,0,0,1,0,0,0,0,0,0,0,0,0,0,0,0,0,0,209,0,68,35,0,0,0,0,0,0,0,0,Longing for Love,1,0,1,0,0,0,0,0,0,0
2,6.666666666666667,2,Funk/Soul,1,0,0,0,26,1,0,1,1,2,1,0,1,1,0,0,1,4/4,Gb,93,57,45,58,-8,25,0,0,0,1,0,0,0,0,0,0,0,0,0,0,0,0,0,0,0,0,0,0,0,0,0,0,197,0,19,19,0,0,0,0,0,0,0,0,Lost Love,0,0,0,0,0,0,0,0,0,0
5,4.333333333333333,2,Pop,1,0,0,0,35,1,1,0,1,1,1,1,1,1,0,0,0,4/4,Eb,140,79,60,52,-4,45,0,0,0,1,0,0,0,0,0,0,0,1,0,0,0,0,0,0,0,0,0,0,0,0,0,0,233,0,44,8,0,0,0,0,0,0,0,0,Failure,0,0,0,0,0,0,0,0,0,0
1,2.6666666666666665,2.6666666666666665,Pop,1,0,0,0,29,1,1,0,2,1,0,0,1,1,0,0,1,4/4,Db,144,52,46,31,-8,3,0,0,0,1,1,0,0,0,0,0,0,0,0,0,0,0,0,0,0,0,0,0,0,0,0,0,248,0,14,14,0,0,0,0,0,0,0,0,Love;Dreaming;Appreciation,0,0,0,0,0,0,0,0,0,0
6,8.666666666666666,0.6666666666666666,Hip Hop,1.5,1,0,0,30.5,2,2,2,2,2,1,0,1,0,1,0,1,Free;4/4,Bbm,114,97,81,87,-6,6,0,0,0,0,0,0,0,0,0,0,0,1,0,0,0,0,0,0,0,0,0,0,0,0,0,0,242,0,37,4,0,0,0,0,0,0,1,1,Lust/Sex,1,0,0,0,0,0,0,0,0,0
7,7.333333333333333,2,Electronic/Dance,1,1,0,0,25,1,1,0,1,2,1,0,1,2,1,0,1,4/4,Gm,117,58,97,96,-6,6,0,0,0,0,0,0,0,0,0,0,0,0,0,0,0,0,0,0,0,0,0,0,0,0,0,0,242,0,61,15,0,0,1,0,0,0,0,0,Lust/Sex;Bragging,0,0,1,0,0,0,0,0,0,0
3,7,2.6666666666666665,Electronic/Dance,1.5,1,0,0,25.5,1,2,2,1,2,1,0,1,2,1,0,1,4/4,Em,120,67,77,80,-6,27,0,0,0,0,0,0,0,0,0,0,0,1,0,0,0,0,0,0,0,0,0,0,0,0,0,1,281,0,13,19,1,0,0,0,0,0,0,0,Love,0,0,0,0,0,0,0,0,0,0
10,8,1.3333333333333333,Funk/Soul,1,0,0,0,25,0,0,1,2,2,1,0,2,2,1,0,1,4/4,Gm,176,69,45,51,-5,3,0,0,1,0,1,0,0,0,0,0,0,1,0,0,0,0,0,0,0,0,0,0,0,0,0,0,227,0,0,12,1,0,0,0,0,0,0,0,Lost Love,0,0,0,0,0,0,0,0,0,0
1,6,0,Pop,1,0,0,0,28,0,1,0,2,2,1,0,1,0,0,0,1,4/4,Ab,117,87,87,81,-6,5,1,0,0,0,0,0,0,0,0,0,0,0,0,0,0,0,0,0,0,0,0,0,0,0,0,0,223,0,58,24,0,0,1,0,0,0,0,0,Lost Love,0,0,0,0,0,0,0,0,0,0
1,4.666666666666667,2,Funk/Soul,1,0,0,0,26,1,1,0,1,2,1,0,1,2,1,0,1,4/4,G,76,70,72,50,-5,15,0,0,1,0,1,0,0,0,0,0,0,1,0,0,0,0,0,0,0,0,0,0,0,0,0,0,313,0,37,19,0,0,1,0,0,0,0,0,Bad Relationships;Infidelity;Lost Love,0,0,0,0,0,0,0,0,0,0
2,4,2,Hip Hop,1.5,1,0,0,29.666666666666668,2,2,2,2,2,1,0,1,0,1,0,1,Free;4/4,Abm,111,71,98,82,-4,17,0,0,0,0,0,0,0,0,0,0,0,0,0,0,0,0,0,0,0,0,0,0,0,0,0,0,236,0,60,25,0,0,0,0,0,0,0,0,Bragging,0,0,1,0,0,0,0,0,0,0
1,6,2,Rock,1,0,0,0,22,0,1,0,2,1,1,0,1,1,0,0,1,4/4,D,164,96,58,52,-2,0,0,0,1,0,0,0,0,0,0,0,0,0,0,0,0,0,0,0,0,0,0,0,0,0,0,0,216,0,15,0,0,0,0,0,0,0,1,1,Love,0,0,1,0,0,0,0,0,0,0
3,4.666666666666667,0.6666666666666666,Rock,0,0,0,0,28,1,1,0,1,1,1,1,1,1,1,0,1,4/4,D,114,85,80,88,-2,0,0,0,1,0,0,0,0,0,0,0,0,1,0,0,0,0,0,0,0,0,0,0,0,0,0,0,211,0,26,17,0,0,0,0,0,0,0,0,Lost Love;Bad Relationships,0,0,1,0,0,0,0,0,0,0
1,7.333333333333333,2.6666666666666665,Hip Hop,1,0,0,0,30,1,0,1,1,2,1,0,1,0,1,1,1,4/4,Ebm,104,72,62,49,-8,1,1,1,0,0,0,0,0,0,0,0,0,0,0,0,0,0,0,0,0,0,0,0,0,0,0,0,311,0,86,5,0,0,0,0,0,1,0,1,Bragging;Lust/Sex,0,0,1,0,0,0,0,0,0,0
3,4.333333333333333,2.6666666666666665,Hip Hop,1.5,1,0,0,20.5,1,0,1,1,0,1,1,1,0,0,0,1,4/4,Ebm,140,66,73,55,-3,5,0,1,0,0,0,0,0,0,0,0,0,0,0,0,0,0,0,0,0,0,0,0,0,0,0,1,250,0,0,27,1,1,0,0,0,0,0,0,Lust/Sex,0,1,1,0,0,0,0,0,0,0
5,4.333333333333333,1.3333333333333333,Funk/Soul,1,0,0,0,26,0,0,1,2,0,1,0,2,0,1,0,1,4/4,E,90,55,64,17,-5,2,0,0,0,1,1,0,0,0,0,0,0,0,0,0,0,0,0,0,0,0,0,0,0,0,0,0,253,0,36,12,0,0,0,0,0,0,0,0,Longing for Love;Love,0,0,0,0,0,0,0,0,0,0
10,6.666666666666667,1.3333333333333333,Pop,1.5,1,0,0,25.5,1,0,1,1,0,1,0,1,0,0,0,1,4/4,Ebm,128,61,92,30,-6,9,0,0,0,0,0,0,0,0,0,0,0,0,0,0,0,0,0,0,0,0,0,0,0,0,0,0,231,0,9,16,0,0,0,0,0,0,0,0,Lust/Sex,0,0,0,0,0,0,0,0,0,0
3,5.666666666666667,0.6666666666666666,Electronic/Dance,1.5,1,0,0,29.5,1,0,1,1,0,1,0,1,0,0,0,1,4/4,C,140,71,57,35,-6,6,0,1,0,0,0,0,0,0,0,0,0,1,0,0,0,0,0,0,0,0,0,0,0,0,0,1,259,0,41,20,1,0,1,0,0,0,0,0,Lust/Sex,0,0,1,0,0,0,0,0,0,0
4,6.333333333333333,0.6666666666666666,Pop,1,0,0,0,23,0,0,1,1,1,0,0,1,1,0,0,1,4/4,F,104,66,64,23,-6,19,0,0,0,0,1,0,0,0,0,0,0,1,0,0,0,0,0,0,0,0,0,0,0,0,0,0,261,0,44,18,0,0,0,0,0,0,0,0,Lost Love,0,0,0,0,0,0,0,0,0,0
2,4.333333333333333,0.6666666666666666,Pop,1,0,0,0,39,0,0,1,2,0,1,0,2,0,1,0,1,4/4,D,79,67,71,84,-8,10,0,0,0,1,0,0,0,0,0,0,0,0,0,0,0,0,0,0,0,0,0,0,0,0,0,0,204,0,12,12,0,0,1,0,0,0,0,0,Lust/Sex,0,0,1,0,0,0,0,0,0,0
5,4.666666666666667,2.6666666666666665,Hip Hop,1.5,1,0,1,29,1,1,0,1,2,1,0,1,0,0,0,0,4/4,Dm,148,43,83,45,-9,6,0,0,0,0,0,0,0,0,0,0,0,0,0,0,0,0,0,0,0,0,0,0,0,0,0,0,299,0,7,51,0,0,0,0,0,0,0,0,Lust/Sex,0,0,1,0,0,0,0,0,0,0
1,6.666666666666667,2.6666666666666665,Pop,0,0,0,0,31,1,1,0,1,1,1,1,1,1,0,0,0,4/4,Ab,138,62,49,42,-7,10,0,0,0,0,1,0,0,0,0,0,0,1,0,0,0,0,0,0,0,0,0,0,0,0,0,0,242,0,87,16,0,0,0,0,0,0,0,0,Better Times;Sin;Endings/Goodbyes,1,0,0,0,0,0,0,0,0,0
7,6,1.3333333333333333,Rock,1,0,0,0,23,0,1,0,2,1,1,0,1,1,0,0,1,4/4,Am,130,76,70,70,-3,0,0,0,1,0,0,0,0,0,0,0,0,1,0,0,0,0,0,0,0,0,0,0,0,0,0,0,179,0,11,3,0,0,0,0,0,0,0,0,Forbidden Love;Lust/Sex,0,0,1,0,0,0,0,0,0,0
7,5,3.3333333333333335,Hip Hop,1,0,0,0,27,1,0,1,1,2,1,0,1,1,0,0,1,4/4,F,150,69,68,47,-6,2,0,0,0,1,0,0,0,0,0,0,0,0,0,0,0,0,0,0,0,0,0,0,0,0,0,0,249,0,21,12,1,0,1,0,0,1,0,1,Lust/Sex;Materialism,0,1,1,0,0,0,0,0,0,0
1,5,0,Rock,1,0,0,0,29,0,1,0,2,1,1,0,1,1,0,0,1,4/4,Gbm,126,87,53,46,-3,0,0,0,1,0,0,0,0,0,0,0,0,0,0,0,0,0,0,0,0,0,0,0,0,0,0,0,215,0,22,12,0,0,0,0,0,0,0,0,Lost Love;Empowerment,0,1,1,0,0,0,0,0,0,0
1,5.333333333333333,2.6666666666666665,Electronic/Dance,1,0,0,0,26,0,1,0,2,0,0,0,2,0,0,0,1,12/8,Dbm,139,70,72,24,-5,7,0,1,0,0,0,0,0,0,0,0,0,0,0,0,0,0,0,0,0,0,0,0,0,0,0,0,224,0,0,14,0,0,0,0,0,0,0,0,Bad Relationships;Infidelity;Empowerment,0,0,0,0,0,0,0,0,0,0
2,6,2,Rock,1,0,0,0,26,0,1,0,1,2,0,0,1,2,0,0,1,4/4,A,145,88,53,42,-4,0,0,0,1,0,0,0,0,0,0,0,0,0,0,0,0,0,0,0,0,0,0,0,0,0,0,0,211,0,32,15,0,0,0,0,0,0,0,0,Getting Back Together,0,0,0,0,0,0,0,0,0,0
6,4,2,Pop,1,1,0,0,29,1,0,1,1,2,1,0,1,1,0,0,1,4/4,Am,125,67,72,71,-7,1,0,0,0,0,0,0,0,0,0,0,0,0,0,0,0,0,0,0,0,0,0,0,0,0,0,0,204,0,10,8,0,0,0,0,0,0,1,1,Lust/Sex,0,0,1,0,0,0,0,0,0,0
1,7,2,Electronic/Dance,1,0,0,0,23,0,1,0,2,2,1,0,1,0,0,0,1,4/4,Abm,119,81,85,79,-5,12,0,0,0,0,0,0,0,0,0,0,0,0,0,0,0,0,0,0,0,0,0,0,0,0,0,0,237,0,31,24,0,0,0,0,0,0,0,0,Lust/Sex,0,0,1,0,0,0,0,0,0,0
12,4.333333333333333,1.3333333333333333,Electronic/Dance,0,1,0,0,34,2,0,1,2,0,1,1,1,0,1,0,1,Free;4/4,Am,130,84,62,38,-6,12,0,1,0,0,0,0,0,0,0,0,0,0,0,0,0,0,0,0,0,0,0,0,0,0,0,0,252,0,72,14,0,0,1,0,0,1,0,1,Dancing;Partying;Bragging,0,0,1,0,0,0,0,0,0,0
14,4.666666666666667,2.6666666666666665,Electronic/Dance,0,1,0,0,34,2,0,1,2,2,1,0,1,1,0,0,1,4/4,G,128,77,74,61,-6,9,0,0,0,1,1,0,0,0,0,0,0,1,0,0,0,0,0,0,0,0,0,0,0,0,0,0,289,0,28,28,0,0,0,0,0,0,0,0,Partying,0,0,0,0,0,0,0,0,0,0
1,3,1.3333333333333333,Electronic/Dance,1,0,0,0,27,0,1,0,2,1,0,0,1,1,0,0,1,4/4,Fm,135,71,70,79,-2,5,0,0,0,0,0,0,0,0,0,0,0,0,0,0,0,0,0,0,0,0,0,0,0,0,0,0,205,0,25,0,0,0,0,0,0,0,1,1,Lust/Sex,0,0,1,0,0,0,0,0,0,0
2,2,1.3333333333333333,Electronic/Dance,1,0,0,0,23,1,1,0,1,1,1,1,1,1,1,1,1,4/4,Eb,90,66,51,47,-7,3,0,0,0,1,1,0,0,0,0,0,0,0,0,0,0,0,0,0,0,0,0,0,0,0,0,0,228,0,40,21,0,0,0,0,0,0,0,0,Insomnia,0,0,0,0,0,0,0,0,0,0
1,4.333333333333333,1.3333333333333333,Electronic/Dance,1,1,0,0,20,1,0,1,2,2,1,0,1,1,0,0,1,4/4,B,144,71,62,71,-6,4,0,0,0,1,0,0,0,0,0,0,0,0,0,0,0,0,0,0,0,0,0,0,0,0,0,0,221,0,0,0,0,0,0,0,0,1,0,1,Infidelity,0,0,0,0,0,0,0,0,0,0
9,5.333333333333333,1.3333333333333333,Electronic/Dance,1,0,0,0,22,0,1,0,2,1,1,0,1,1,0,0,1,4/4,F,120,84,76,71,-3,10,0,0,0,0,0,0,0,0,0,0,0,0,0,0,0,0,0,0,0,0,0,0,0,0,0,0,299,0,0,0,0,0,0,0,0,0,0,0,Partying,0,1,0,0,0,0,0,0,0,0
2,3.6666666666666665,0.6666666666666666,Electronic/Dance,0,1,0,0,34,2,0,1,2,2,1,0,1,0,1,0,1,4/4,Fm,92,52,60,41,-7,18,0,0,0,0,1,0,0,0,0,0,0,0,0,1,0,0,0,0,0,0,0,0,0,0,0,0,257,0,12,5,0,0,0,0,0,0,0,0,Bragging,0,0,1,0,0,0,0,0,0,0
1,3.6666666666666665,0.6666666666666666,Electronic/Dance,1.5,1,0,0,30,1,0,1,1,2,1,0,1,2,1,0,1,4/4,Eb,122,90,67,63,-5,0,0,0,0,0,0,0,0,0,0,0,0,0,0,0,0,0,0,0,0,0,0,0,0,0,0,0,186,0,0,17,1,0,0,0,0,0,0,0,Bad Relationships,0,0,0,0,0,0,0,0,0,0
2,6.333333333333333,2.6666666666666665,Funk/Soul,1.5,1,0,0,22.5,1,0,1,1,2,1,0,1,2,1,0,1,4/4,Bb,104,85,69,74,-6,39,0,0,0,1,0,0,0,0,0,0,0,0,0,0,0,0,0,0,0,0,0,0,0,0,0,0,268,0,7,4,0,0,1,0,0,1,0,1,Faithfulness;Love,0,0,0,0,0,0,0,0,0,0
4,4.333333333333333,2,Electronic/Dance,1.5,1,0,0,33,1,0,1,1,0,1,1,1,0,1,1,1,Free;4/4,Em,130,75,78,33,-6,20,0,1,0,0,0,0,0,0,0,0,0,0,0,0,0,0,0,0,0,0,0,0,0,0,0,0,269,0,33,13,1,1,0,0,0,1,0,1,Lust/Sex,0,0,0,0,0,0,0,0,0,0
1,4.666666666666667,2.6666666666666665,Hip Hop,1,0,0,0,37,1,1,0,1,2,1,0,1,2,1,0,1,4/4,Cm,115,95,86,67,-1,53,0,0,0,1,1,0,0,0,0,0,0,0,0,0,0,0,0,0,0,0,0,0,0,0,0,0,248,0,0,22,1,0,0,0,0,0,0,0,Redemption,0,1,1,0,0,0,0,0,0,0
6,7.666666666666667,1.3333333333333333,Funk/Soul,1.5,1,0,0,31.5,2,2,2,2,2,1,0,1,1,0,0,1,4/4,F,125,75,79,43,-4,0,0,0,1,1,0,0,0,0,0,0,0,0,0,0,0,0,0,0,0,0,0,0,0,0,0,1,236,0,3,7,0,0,0,0,0,0,1,1,Lust/Sex;Partying,0,0,1,0,0,0,0,0,0,0
2,9,1.3333333333333333,Pop,1,0,0,0,25,0,1,0,2,1,1,0,1,1,0,0,1,4/4,Bb,120,80,72,59,-5,2,0,0,1,0,0,0,0,0,0,0,0,1,0,0,0,0,0,0,0,0,0,0,0,0,0,0,227,0,18,4,0,0,0,0,0,0,0,0,Love,0,0,0,0,0,0,0,0,0,0
4,7.666666666666667,2.6666666666666665,Pop,1,0,0,0,24,1,0,1,1,2,1,0,1,2,1,0,1,4/4,F,109,84,64,43,-5,2,0,0,0,1,0,0,0,0,0,0,0,1,0,0,0,0,0,0,0,0,0,0,0,0,0,0,220,0,33,18,0,0,0,0,0,1,0,1,Love;Appreciation,0,0,0,0,0,0,0,0,0,0
1,4.666666666666667,0.6666666666666666,Electronic/Dance,1,0,0,0,23,0,1,0,2,2,1,0,1,2,0,0,1,4/4,Ab,120,82,74,65,-5,1,0,0,0,0,0,0,0,0,0,0,0,0,0,0,0,0,0,0,0,0,0,0,0,0,0,0,204,0,23,6,0,0,0,0,0,0,0,0,Partying;Self-Acceptance,0,0,1,0,0,0,0,0,0,0
1,6.333333333333333,2.6666666666666665,Pop,1,0,0,0,31,0,1,0,2,1,1,0,1,1,0,0,1,4/4,G,122,71,70,62,-5,0,0,0,1,0,0,0,0,0,0,0,0,0,0,0,0,0,0,0,0,0,0,0,0,0,0,0,202,0,9,9,0,0,0,0,0,0,0,0,Partying;Self-Acceptance,0,1,1,0,0,0,0,0,0,0
4,6.666666666666667,2,Electronic/Dance,1,0,0,0,26,0,1,0,2,2,1,0,1,1,0,0,1,4/4,Ab,124,83,64,65,-5,14,0,0,0,0,1,0,0,0,0,0,0,0,0,0,0,0,0,0,0,0,0,0,0,0,0,0,227,0,8,8,0,0,0,0,0,0,0,0,Self-Acceptance,0,0,0,0,0,0,0,0,0,0
4,7.333333333333333,2.6666666666666665,Pop,1,0,0,0,25,1,0,1,1,2,1,0,1,2,1,0,1,4/4,Dm,110,56,71,23,-7,15,0,0,0,1,1,0,0,0,0,0,0,1,0,0,0,0,0,0,0,0,0,0,0,0,0,0,223,0,23,4,0,0,0,0,0,0,0,0,Love;Lost Love;Infidelity,0,0,0,0,0,0,0,0,0,0
1,5,2,Electronic/Dance,1,0,0,0,29,0,1,0,2,1,0,0,1,1,0,0,1,4/4,Cm,133,72,65,39,-5,1,0,1,0,0,0,0,0,0,0,0,0,0,0,0,0,0,0,0,0,0,0,0,0,0,0,0,228,0,47,8,0,0,0,0,0,0,0,0,Lust/Sex,0,1,0,0,0,0,0,0,0,0
1,5.333333333333333,2,Hip Hop,1,0,0,0,23,1,0,1,1,2,1,0,1,1,0,0,1,4/4,Dm,164,83,68,54,-5,6,0,0,0,0,0,0,0,0,0,0,0,0,0,0,0,0,0,0,0,0,0,0,0,0,0,0,207,0,0,0,0,0,0,0,0,0,0,0,Bragging,0,0,1,0,0,0,0,0,0,0
6,7.666666666666667,2.6666666666666665,Electronic/Dance,1,0,0,0,24,0,1,0,2,1,1,0,2,1,1,0,1,Free;4/4,B,124,83,59,49,-5,0,0,0,0,0,0,0,0,0,0,0,0,0,0,0,0,0,0,0,0,0,0,0,0,0,0,0,260,0,19,28,0,0,1,0,0,0,0,0,Self-Acceptance,0,0,0,0,0,0,0,0,0,0
5,7,2,Electronic/Dance,1.5,1,0,0,29.5,2,2,2,2,2,1,0,1,2,0,0,1,4/4,Fm,152,87,62,76,-5,2,0,0,0,0,0,0,0,0,0,0,0,0,0,0,0,0,0,0,0,0,0,0,0,0,0,1,229,0,17,31,1,0,0,0,0,0,0,0,Lust/Sex,0,0,1,0,0,0,0,0,0,0
7,9.333333333333334,1.3333333333333333,Funk/Soul,1,0,0,0,23,0,1,0,2,1,1,0,1,1,0,0,1,4/4,Cm,105,77,73,51,-5,14,0,0,1,1,0,0,0,0,0,0,0,1,0,1,0,0,0,0,0,0,0,0,0,0,0,0,228,0,5,5,0,0,0,0,0,0,0,0,Lost Love,0,0,1,0,0,0,0,0,0,0
2,7,2.6666666666666665,Pop,1,0,0,0,26,0,1,0,2,1,1,0,1,1,0,0,1,4/4,Gb,126,81,65,72,-4,0,0,0,1,0,0,1,0,0,0,0,0,0,0,0,0,0,0,0,0,0,1,0,0,0,0,0,230,0,28,7,0,0,0,0,0,0,0,0,Partying,0,0,1,0,0,0,0,0,0,0
4,5.666666666666667,1.3333333333333333,Funk/Soul,0.5,1,0,0,31,2,1,0,1,2,1,0,1,1,0,0,1,4/4,Bm,128,76,72,62,-4,1,0,0,1,0,0,0,0,0,0,0,0,0,0,0,0,1,0,0,0,0,0,0,0,0,0,0,201,0,28,14,0,0,0,0,0,0,0,0,Lust/Sex,0,0,1,0,0,0,0,0,0,0
5,10,0,Pop,1,0,0,0,23,0,1,0,2,1,1,0,1,1,0,0,1,4/4,A,135,32,56,29,-8,89,0,0,0,1,0,0,0,0,0,0,0,1,0,0,0,0,0,0,0,0,0,0,0,0,0,0,285,0,35,14,0,0,0,0,0,0,0,0,Lost Love,0,0,0,0,0,0,0,0,0,0
2,7.333333333333333,2.6666666666666665,Pop,1,0,0,0,23,0,1,0,2,1,1,0,1,1,0,0,1,4/4,Dm,108,67,60,45,-4,0,0,0,0,1,1,0,0,0,0,0,0,0,0,0,0,0,0,0,0,0,0,0,0,0,0,0,242,0,15,8,0,0,0,0,0,0,0,0,Lost Love,0,0,0,0,0,0,0,0,0,0
3,6.333333333333333,2,Electronic/Dance,1,0,0,0,29,0,1,0,2,1,0,0,1,1,0,0,1,4/4,Am,116,94,56,68,-4,5,0,0,1,0,0,0,0,0,0,0,0,0,0,0,0,0,0,0,0,0,0,0,0,0,0,0,221,0,18,8,0,0,0,0,0,0,0,0,Empowerment;Lost Love,0,0,0,0,0,0,0,0,0,0
1,7,1.3333333333333333,Pop,1,0,0,0,27,0,1,0,2,1,1,0,1,1,0,0,1,4/4,F,130,92,68,77,-5,0,0,0,1,0,0,0,0,0,0,0,0,1,0,0,0,0,0,0,0,0,0,0,0,0,0,0,216,0,18,2,0,0,0,0,0,0,0,0,Empowerment;Lost Love,0,0,0,0,0,0,0,0,0,0
6,6.333333333333333,1.3333333333333333,Pop,0.5,1,0,0,30,3,1,0,1,2,1,0,1,2,0,0,1,4/4,F,92,64,38,74,-6,2,0,0,0,1,0,0,0,0,0,0,0,0,0,0,0,0,0,0,0,0,0,0,0,0,0,0,250,0,8,8,0,0,0,0,0,0,0,0,Friendship;Love;Sadness,0,0,0,0,0,0,0,0,0,0
8,8,1.3333333333333333,Pop,1.5,1,0,0,31,2,1,0,1,2,1,0,1,1,1,1,1,4/4,Dm,129,50,86,72,-7,59,0,0,1,0,0,0,0,0,0,0,0,0,0,0,0,0,0,0,0,0,0,0,0,0,0,0,244,0,72,19,0,0,0,0,0,1,1,1,Lost Love,0,0,0,0,0,0,0,0,0,0
9,7.333333333333333,0.6666666666666666,Pop,1,0,0,0,31,0,1,0,2,1,1,0,1,1,0,0,1,4/4,G,120,58,78,66,-7,1,0,0,0,0,1,0,0,0,0,0,0,0,0,0,0,0,0,0,0,0,0,0,0,0,0,0,193,0,24,4,0,0,0,0,0,0,0,0,Longing for Love,0,0,0,0,0,0,0,0,0,0
2,2.6666666666666665,0.6666666666666666,Pop,1,0,0,0,32,1,0,1,1,2,1,0,1,1,0,0,1,4/4,C,104,94,75,74,-6,2,0,0,1,0,0,0,0,0,0,0,0,0,0,0,0,1,0,0,0,0,0,0,0,0,0,0,224,0,73,8,0,0,0,0,0,0,0,0,Lust/Sex,0,0,1,0,0,0,0,0,0,0
3,7,2,Pop,1,0,0,0,22,0,1,0,2,1,1,0,1,1,0,0,1,4/4,G,86,68,63,75,-6,1,0,0,1,0,0,0,0,0,0,0,0,0,0,0,0,0,0,0,0,0,0,0,0,0,0,0,191,0,10,5,0,0,0,0,0,0,0,0,Bad Relationships;Lost Love,0,1,0,0,0,0,0,0,0,0
9,2,1.3333333333333333,Pop,0,0,0,0,33,1,2,2,1,1,1,0,1,1,0,0,1,4/4,Fm,93,82,72,61,-3,4,0,0,1,0,0,0,0,0,0,0,0,0,0,0,0,0,0,0,0,0,0,0,0,0,0,0,209,0,10,10,0,0,0,0,0,0,0,0,Lust/Sex;Bad Relationships,0,0,1,0,0,0,0,0,0,0
6,7,1.3333333333333333,Rock,1,0,0,0,27,1,0,1,1,2,1,0,1,2,1,0,1,4/4,F,144,70,73,87,-4,5,0,1,1,0,0,0,0,0,0,0,0,0,0,0,0,0,0,0,0,0,0,0,0,0,0,0,233,0,43,17,0,0,0,0,0,0,0,0,Bad Relationships,0,0,1,0,0,0,0,0,0,0
6,4.333333333333333,4,Hip Hop,2.5,1,0,0,29,1,2,2,1,1,1,1,1,1,1,1,1,4/4,Abm,95,53,78,67,-7,6,0,0,0,0,0,1,0,0,0,0,0,0,0,0,0,0,0,0,0,0,1,0,0,0,0,0,235,0,43,33,1,0,0,0,0,0,0,0,Thrift Shopping;Bragging,0,0,1,0,0,0,0,0,0,0
1,8.333333333333334,0.6666666666666666,Pop,1,0,0,0,27,1,0,1,1,2,1,0,1,2,1,0,1,4/4,C,73,28,61,39,-9,93,0,0,0,1,0,0,0,0,0,0,0,0,0,0,0,0,0,0,0,0,0,0,0,0,0,0,213,0,21,13,0,0,0,0,0,0,0,0,Lost Love,0,0,0,0,0,0,0,0,0,0
3,5.666666666666667,4,Pop,1.5,1,0,0,32,2,1,0,2,2,1,0,1,0,0,0,1,4/4,G,95,55,78,44,-7,35,0,0,0,1,0,0,0,0,0,0,0,0,0,0,0,0,0,0,0,0,0,0,0,0,0,0,242,0,33,10,0,0,0,0,0,0,0,0,Lost Love,0,0,0,0,0,0,0,0,0,0
5,6.333333333333333,0.6666666666666666,Hip Hop,2.5,1,0,0,29,1,2,2,1,2,1,1,1,1,1,1,1,4/4,G,146,92,64,85,-4,3,0,0,0,1,0,1,0,0,0,0,0,0,0,1,0,0,0,0,0,0,0,0,0,0,0,0,258,0,45,20,0,0,0,0,0,0,0,0,Bragging;Partying,0,0,1,0,0,0,0,0,0,0
12,7.666666666666667,1.3333333333333333,Funk/Soul,1.5,1,0,0,36,1,2,2,1,2,1,1,1,0,1,1,1,4/4,G,120,50,86,88,-8,0,0,1,0,1,0,0,0,0,0,0,0,0,0,0,0,0,0,0,0,0,0,0,0,0,0,1,263,0,35,19,0,0,1,0,0,0,1,1,Lust/Sex,0,0,1,0,0,0,0,0,0,0
2,6.666666666666667,2.6666666666666665,Pop,1,0,0,0,28,0,1,0,2,1,1,0,1,1,0,0,1,4/4,Bb,90,77,55,46,-5,0,0,0,0,1,0,0,0,0,0,0,0,0,0,0,0,0,0,0,0,0,0,0,0,0,0,0,223,0,16,5,0,0,0,0,0,0,0,0,Empowerment;Hope,0,0,0,0,0,0,0,0,0,0
3,7.666666666666667,0.6666666666666666,Pop,1,0,0,0,20,3,1,0,2,2,0,0,1,1,0,0,1,4/4,Dm,120,42,53,35,-6,41,0,0,0,1,1,0,0,0,0,0,0,0,0,0,0,0,0,0,0,0,0,0,0,0,0,0,221,0,15,7,0,0,0,0,0,0,0,0,Lost Love,0,0,0,0,0,0,0,0,0,0
9,9.333333333333334,0.6666666666666666,Pop,1,0,0,0,16,0,1,0,2,1,1,0,1,1,0,0,1,4/4,D,85,43,67,34,-10,12,0,1,0,0,0,0,0,0,0,0,0,0,0,1,0,0,0,0,0,0,0,0,0,0,0,0,190,0,16,0,0,0,0,0,0,0,0,0,Materialism;Escape,0,0,0,0,0,0,0,0,0,0
4,4,0,Hip Hop,1.5,1,0,0,33,2,2,2,2,2,1,0,1,1,0,0,1,4/4,Dbm,110,85,78,62,-4,5,0,0,1,0,0,0,0,0,0,0,0,0,0,0,0,0,0,0,0,0,0,0,0,0,0,0,250,0,0,0,0,0,0,0,0,0,0,0,Empowerment;Doubt;Paranoia,0,0,1,0,0,0,0,0,0,0
3,5,2,Pop,1.5,1,0,0,29,2,2,0,2,2,1,0,1,1,0,0,1,4/4,B,130,96,58,79,-4,3,0,0,1,0,0,0,0,0,0,0,0,0,0,1,1,0,0,0,0,0,0,0,0,0,0,0,204,0,7,7,0,0,0,0,0,0,1,1,Partying,0,0,1,0,0,0,0,0,0,0
4,3,1.3333333333333333,Electronic/Dance,1.5,1,0,0,33.5,2,2,2,2,2,1,0,1,1,0,0,1,4/4,Bbm,132,59,65,35,-6,0,0,0,0,1,0,0,0,0,0,0,0,0,0,0,0,0,0,0,0,0,0,0,0,0,0,1,215,0,16,15,0,0,0,0,0,0,0,0,Lust/Sex;Longing for Love,0,0,1,0,0,0,0,0,0,0
10,6.666666666666667,1.3333333333333333,Funk/Soul,1,0,0,0,40,1,0,1,1,0,1,1,1,0,1,1,1,4/4,Fm,160,82,65,96,-5,22,0,0,0,1,0,0,0,0,0,0,0,0,0,1,0,0,0,0,0,0,0,0,0,0,0,0,232,0,25,2,0,0,0,0,0,0,0,0,Happiness,0,0,0,0,0,1,0,0,0,0
3,5.666666666666667,2,Pop,1,0,0,0,35,1,0,1,1,2,1,0,1,0,1,0,1,4/4,Ab,120,26,42,33,-7,92,0,0,0,1,0,0,0,0,0,0,0,1,0,0,0,0,0,0,0,0,0,0,0,0,0,0,269,0,8,8,0,0,0,0,0,0,0,0,Love,0,0,0,0,0,0,0,0,0,0
7,5.333333333333333,3.3333333333333335,Hip Hop,1.5,1,0,0,22.5,0,1,0,2,1,1,0,1,1,0,0,1,4/4,Ebm,95,72,91,38,-4,9,0,1,0,0,0,0,0,0,0,0,0,0,0,1,0,0,0,0,0,0,0,0,0,0,0,0,199,0,13,8,0,0,0,0,0,0,0,0,Partying;Materialism,0,0,1,0,0,0,0,0,0,0
4,7.333333333333333,0.6666666666666666,Pop,1,0,0,0,24,0,1,0,2,1,1,0,1,1,0,0,1,4/4,G,160,79,65,94,-5,6,0,0,0,0,0,1,0,0,0,0,0,0,0,1,0,0,0,0,0,0,1,0,1,0,0,0,209,0,5,5,0,0,0,0,0,0,0,0,Lost Love;Resilience,0,1,0,0,0,0,0,0,0,0
8,3.6666666666666665,0.6666666666666666,Pop,1,0,0,0,20,0,1,0,2,1,1,0,1,1,0,0,1,4/4,A,134,89,81,96,-4,6,0,0,0,1,0,0,0,0,0,0,0,1,0,1,0,0,0,0,0,0,0,0,0,0,0,0,187,0,14,0,0,0,0,0,0,0,1,1,Empowerment,0,0,0,0,0,0,0,0,0,0
7,9.333333333333334,1.3333333333333333,Pop,1,0,0,0,24,0,1,0,2,1,1,0,1,1,0,0,1,4/4,F,96,68,75,58,-5,9,0,0,0,0,0,0,0,0,0,0,0,0,0,0,0,0,0,0,0,0,0,0,0,0,0,0,231,0,10,5,0,0,0,0,0,0,0,0,Lost Love;Bad Relationships,0,0,0,0,0,0,0,0,0,0
14,9,1.3333333333333333,Funk/Soul,1.5,0,0,0,34,1,2,2,1,2,1,0,1,2,1,0,1,4/4,F,115,61,86,93,-7,1,0,1,1,0,0,1,0,0,0,0,0,0,0,1,0,0,0,0,0,0,1,0,0,0,0,0,269,0,62,8,1,0,0,0,0,0,1,1,Bragging;Badassery;Dancing;Partying,0,0,1,0,0,0,0,0,0,0
12,3,2,Hip Hop,1.5,1,0,0,25,1,2,2,2,2,1,0,1,2,1,0,1,4/4,Bb,80,48,69,28,-8,37,0,0,0,1,0,0,0,0,0,0,0,0,0,0,0,0,0,0,0,0,0,0,0,0,0,0,229,0,16,11,0,0,0,0,0,0,0,0,Death,0,0,0,0,0,1,0,0,0,0
1,4.666666666666667,2,Hip Hop,1.5,1,0,0,26,2,2,2,2,2,1,0,1,1,0,0,1,4/4,Em,170,66,65,22,-7,3,0,0,0,0,0,0,0,0,0,0,0,0,0,0,0,0,0,0,0,0,0,0,0,0,0,0,200,0,0,0,0,0,0,0,0,0,1,1,Bad Relationships;Lost Love,0,0,0,0,0,0,0,0,0,0
3,8.666666666666666,0.6666666666666666,Electronic/Dance,1,0,0,0,25,1,0,1,1,2,1,0,1,1,0,0,1,4/4,Am,108,77,71,58,-6,11,0,1,0,1,0,0,0,0,0,0,0,0,0,1,0,0,0,0,0,0,0,0,0,0,0,0,213,0,30,8,0,0,0,0,0,0,0,0,Partying;Bad Behavior,0,0,0,0,0,0,0,0,0,0
1,6,1.3333333333333333,Electronic/Dance,1,0,0,0,21,1,1,0,1,1,1,0,1,1,1,0,1,4/4,Ab,125,57,85,79,-8,59,0,0,0,1,0,0,0,0,0,0,0,0,0,0,0,0,0,0,0,0,0,0,0,0,0,0,205,0,22,14,0,0,0,0,0,0,0,0,Bad Relationships,0,0,0,0,0,0,0,0,0,0
6,7,0,Electronic/Dance,1,0,0,0,25,1,0,1,1,2,1,0,1,2,0,0,1,4/4,Cm,113,56,59,14,-7,7,0,0,0,0,0,0,0,0,0,0,0,0,0,0,0,0,0,0,0,0,0,0,0,0,0,0,242,0,29,8,0,0,0,0,0,1,0,1,Infidelity;Lust/Sex;Addiction,0,0,1,0,0,0,0,0,0,0
10,8,2.6666666666666665,Pop,1,0,0,0,27,0,1,0,2,1,1,0,1,1,0,0,1,4/4,Fm,79,43,58,29,-6,33,0,0,0,1,0,0,0,0,0,0,0,1,0,0,0,0,0,0,0,0,0,0,0,0,0,0,295,0,42,6,0,0,0,0,0,0,0,0,Lost Love,0,0,0,0,0,0,0,0,0,0
3,5.666666666666667,2.6666666666666665,Electronic/Dance,1,0,0,0,21,1,1,0,3,1,1,0,1,1,0,0,1,4/4,Cm,100,76,65,41,-4,8,0,0,0,0,0,0,0,0,0,0,0,0,0,0,0,0,0,0,0,0,0,0,0,0,0,0,200,0,63,9,0,0,0,0,0,0,0,0,Getting Back Together;Longing for Love,0,0,0,0,0,0,0,0,0,0
2,6.666666666666667,2.6666666666666665,Pop,1,0,0,0,21,1,1,0,1,1,1,0,1,1,0,0,1,4/4,E,100,38,61,52,-10,84,0,0,1,0,0,1,0,0,0,0,0,0,0,0,0,0,0,0,0,0,0,0,1,0,0,0,233,0,19,0,0,0,0,0,0,0,0,0,Bad Relationships,0,0,0,0,0,0,0,0,0,0
9,6.666666666666667,2,Reggae,1.5,1,0,0,28.5,2,0,1,2,2,1,0,1,0,0,0,1,4/4,B,92,53,73,56,-6,8,0,1,0,0,0,0,0,0,0,0,0,0,0,0,0,0,0,0,0,0,0,0,0,0,0,1,219,0,28,10,0,0,1,0,0,0,1,1,Lost Love,0,0,1,0,0,0,0,0,0,0
2,4.666666666666667,2.6666666666666665,Hip Hop,1,0,0,0,19,1,0,1,1,0,1,0,1,0,0,0,1,4/4,Bbm,145,73,69,27,-6,3,0,1,0,1,0,0,0,0,0,0,0,0,0,0,0,0,0,0,0,0,0,0,0,0,0,0,247,0,79,40,1,0,0,0,0,0,0,0,Bragging;Badassery;Driving,0,1,1,0,0,0,0,0,0,0
1,5.666666666666667,3.3333333333333335,Funk/Soul,1,0,0,0,35,1,1,0,1,1,1,0,1,1,1,0,1,4/4,C,113,83,67,70,-6,1,0,1,0,1,0,1,0,0,0,0,0,1,0,1,0,0,0,0,0,0,0,0,0,0,0,0,237,0,24,7,0,0,0,0,0,0,0,0,Dancing,0,0,0,0,0,1,0,0,0,0
4,5,0,Electronic/Dance,1.5,1,0,0,41.5,2,2,2,2,2,1,0,1,1,0,0,1,4/4,Gbm,90,80,59,73,-5,6,0,0,0,0,0,0,0,0,0,0,0,0,0,0,0,0,0,0,0,0,0,0,0,0,0,1,224,0,0,11,0,0,0,0,0,0,0,0,Partying,0,0,0,0,0,0,0,0,0,0
12,6.666666666666667,1.3333333333333333,Electronic/Dance,2.5,1,0,0,23.5,3,1,0,3,1,1,0,1,1,1,0,1,4/4,Ab,95,52,75,66,-6,41,0,0,0,1,0,0,0,0,0,0,0,0,0,1,0,0,0,0,0,0,0,0,0,0,0,0,244,0,82,10,0,0,0,0,0,0,1,1,Love;Growing Up,0,0,0,0,0,0,0,0,0,0
7,6.666666666666667,1.3333333333333333,Hip Hop,2.5,1,0,0,28,1,0,1,1,2,1,0,1,0,0,0,1,4/4,Em,146,63,80,30,-6,12,0,0,0,0,0,0,0,0,0,0,0,1,0,0,0,0,0,0,0,0,0,0,0,0,0,0,291,0,66,27,1,0,0,0,0,0,0,0,Partying;Lust/Sex;Bragging,0,0,1,0,0,0,0,0,0,0
1,6.333333333333333,1.3333333333333333,Electronic/Dance,1.5,0,0,0,26,1,2,2,1,2,1,0,1,2,1,0,1,4/4,Em,93,59,68,49,-7,14,0,0,0,0,0,0,0,0,0,0,0,0,0,0,0,0,0,0,0,0,0,0,0,0,0,0,230,0,74,16,0,0,0,0,0,0,0,0,Partying;Materialism,0,0,1,0,0,0,0,0,0,0
3,6,1.3333333333333333,Hip Hop,0.5,1,0,0,22.666666666666668,1,0,1,1,2,1,0,1,2,0,0,1,4/4,Bbm,127,67,93,17,-5,6,0,1,0,0,0,0,0,0,0,0,0,0,0,0,0,0,0,0,0,0,0,0,0,0,0,0,343,0,34,8,0,0,1,0,0,0,0,0,Bragging;Badassery;Partying,0,0,1,0,0,0,0,0,0,0
12,5.666666666666667,0.6666666666666666,Electronic/Dance,1,0,0,0,25,1,1,0,2,2,1,0,1,1,0,0,1,4/4,Dbm,96,65,83,93,-3,58,0,0,1,1,0,0,0,0,0,0,0,1,0,0,0,0,0,0,0,0,0,0,0,0,0,0,233,0,10,10,0,0,0,0,0,0,1,1,Lust/Sex,0,0,0,0,0,0,0,0,0,0
1,8.333333333333334,0.6666666666666666,Hip Hop,1,0,0,0,29,1,1,0,1,0,1,0,1,0,0,0,1,4/4,Abm,150,62,91,42,-7,0,0,0,0,1,0,0,0,0,0,0,0,0,0,0,0,0,0,0,0,0,0,0,0,0,0,0,177,0,20,7,1,0,0,0,0,0,0,0,Redemption;Respect;Restraint;Bragging,0,0,1,0,0,0,0,0,0,0
1,7.333333333333333,2.6666666666666665,Funk/Soul,1,0,0,0,31,1,0,1,1,2,1,0,1,2,1,0,1,4/4,Db,134,56,85,86,-5,1,0,1,0,1,0,0,0,0,0,0,0,1,0,0,0,0,0,0,0,0,0,0,0,0,0,0,206,0,0,3,0,0,0,0,0,0,0,0,Lust/Sex;Materialism,0,0,1,0,0,0,0,0,0,0
3,3,1.3333333333333333,Electronic/Dance,1,0,0,0,27,0,1,0,2,1,1,0,2,1,1,0,1,4/4,Am,128,71,77,51,-6,20,0,1,0,1,1,0,0,0,0,0,0,0,0,1,0,0,0,0,0,0,0,0,0,0,0,0,211,0,20,15,0,0,0,0,0,0,1,1,Resilience;Empowerment,0,1,0,0,0,0,0,0,0,0
8,4.333333333333333,2.6666666666666665,Hip Hop,1.5,1,0,0,23.5,1,2,2,1,2,1,0,1,2,0,0,1,4/4,Gm,160,52,59,13,-6,12,0,0,0,0,0,0,0,0,0,0,0,0,0,0,0,0,0,0,0,0,0,0,0,0,0,0,218,0,54,14,0,0,0,0,0,0,0,0,Partying;Bad Behavior;Bragging;Materialism;Lust/Sex,0,0,1,0,0,0,0,0,0,0
11,7.333333333333333,1.3333333333333333,Hip Hop,1,0,0,0,31,1,0,1,1,2,1,0,1,2,0,0,1,4/4,G,77,45,75,36,-9,3,0,0,0,0,0,0,0,0,0,0,0,0,0,0,0,0,0,0,0,0,0,0,0,0,0,0,198,0,58,12,0,0,1,0,0,0,0,0,Faithfulness;Empowerment;Fame,0,0,1,0,0,0,0,0,0,0
8,9,0,Hip Hop,1,0,0,0,31,1,0,1,2,2,1,0,1,2,0,0,1,Free;4/4,Ab,93,91,59,76,-6,9,0,0,0,0,0,0,0,0,0,0,0,0,0,0,0,0,0,0,0,0,0,0,0,0,0,0,210,0,40,34,1,1,0,0,0,1,1,1,Partying;Lost Love;Lust/Sex,0,1,1,0,0,0,0,0,0,0
2,8,3.3333333333333335,Hip Hop,1,1,0,0,34,1,0,1,1,2,1,0,1,2,1,0,1,4/4,F,120,46,85,55,-6,12,0,1,1,0,0,0,0,0,0,0,0,0,0,0,0,0,0,0,0,0,0,0,0,0,0,0,225,0,12,49,0,0,1,0,0,0,1,1,Violence,0,0,0,0,0,0,0,0,0,0
1,6.333333333333333,2,Hip Hop,1.5,1,0,0,29,1,2,2,1,2,1,0,1,1,1,0,1,4/4,Eb,140,56,75,46,-8,55,0,0,0,1,0,0,0,0,0,0,0,0,0,0,0,0,0,0,0,0,0,0,0,0,0,0,221,0,25,12,0,0,0,0,0,0,1,1,Bragging;Partying,0,0,1,0,0,0,0,0,0,0
1,6.666666666666667,2,Hip Hop,0,1,0,0,27.333333333333332,2,0,2,2,0,1,0,1,2,0,0,1,4/4,Fm,136,73,82,65,-4,10,0,0,0,1,0,1,0,0,0,0,0,0,0,1,0,0,0,0,0,0,0,0,1,0,0,0,253,0,24,13,0,0,1,0,0,0,1,1,Materialism;Bragging,0,0,1,1,0,0,0,0,0,0
10,7,3.3333333333333335,Hip Hop,1,1,0,0,31,1,0,1,2,2,1,0,1,2,0,0,1,4/4,Fm,91,63,84,35,-6,6,0,0,0,1,0,0,0,0,0,0,0,0,0,0,0,0,0,0,0,0,0,0,0,0,0,0,217,0,37,11,0,0,1,0,0,0,1,1,Longing for Love,0,0,1,0,0,0,0,0,0,0
7,5.666666666666667,5.333333333333333,Pop,0.5,1,0,0,39,2,2,2,2,2,1,0,1,1,0,0,1,4/4,C,125,54,85,45,-7,57,0,0,1,1,0,0,0,0,0,0,0,0,0,1,0,0,0,0,0,0,0,0,0,0,0,1,235,0,52,6,0,0,0,0,0,0,0,0,Longing for Love;Getting Back Together,0,0,1,0,0,0,0,0,0,0
7,8,3.3333333333333335,Pop,1,0,0,0,25,0,1,0,3,2,1,0,1,0,0,0,1,4/4,Db,107,65,72,41,-6,23,0,0,0,0,0,0,0,0,0,0,0,0,0,0,0,0,0,0,0,0,0,0,0,0,0,0,207,0,15,8,0,0,1,0,0,0,0,0,Lost Love,0,0,1,0,0,0,0,0,0,0
1,8.666666666666666,2,Hip Hop,1,1,0,0,27,1,0,1,1,2,1,0,1,2,0,0,1,4/4,Multiple Keys,155,73,83,45,-4,1,0,0,0,1,0,0,0,0,0,0,0,0,0,0,0,0,0,0,0,0,0,0,0,0,0,0,312,0,66,28,0,0,0,0,0,1,1,1,Lust/Sex;Partying;Materialism,0,1,1,0,0,0,0,0,0,0
1,7.333333333333333,1.3333333333333333,Pop,2,1,0,0,24,1,2,2,1,2,1,0,1,1,0,0,1,4/4,D,90,48,76,91,-6,91,0,1,0,0,0,0,0,0,0,0,0,1,0,0,0,0,0,0,0,0,0,0,0,0,0,0,158,0,39,27,0,0,0,0,0,0,0,0,Lost Love,0,0,1,0,0,1,0,0,0,0
8,2.3333333333333335,2,Hip Hop,1,0,0,0,25,0,1,0,3,2,1,0,1,0,0,0,1,4/4,Dbm,140,32,78,33,-11,59,0,0,0,0,0,0,0,0,0,0,0,0,0,0,0,0,0,0,0,0,0,0,0,0,0,0,178,0,25,14,0,0,1,0,0,0,1,1,Lost Love;Empowerment;Materialism,0,0,1,0,0,0,0,0,0,0
1,7,2.6666666666666665,Rock,2,1,0,0,38,2,1,0,2,1,1,0,2,1,1,0,1,4/4,G,96,33,57,28,-7,42,0,0,1,0,1,0,0,0,0,0,0,0,0,0,0,0,0,0,1,0,0,0,0,0,0,0,217,0,40,15,0,0,0,0,0,0,0,0,Doubt;Escape;Restlessness,0,0,0,0,0,1,0,0,0,0
1,4.666666666666667,2,Pop,0,1,0,0,28.666666666666668,1,1,0,1,2,1,0,1,2,0,0,1,4/4,Dbm,138,73,84,95,-5,4,0,0,1,0,0,0,0,0,0,0,0,0,0,1,0,1,0,0,0,0,0,0,0,0,0,0,181,0,24,0,0,0,0,0,0,0,0,0,Lust/Sex,0,0,0,0,0,0,0,0,0,0
1,7.666666666666667,2,Pop,1,0,0,0,17,0,1,0,2,1,1,0,1,1,1,0,1,4/4,Gm,135,43,70,56,-11,33,0,1,0,0,0,0,0,0,0,0,0,0,0,1,0,0,0,0,0,0,0,0,0,0,0,0,194,0,75,13,0,0,0,0,0,0,0,0,Badassery;Lust/Sex;Forbidden Love,0,0,1,0,0,0,0,0,0,0
7,7,1.3333333333333333,Funk/Soul,1,0,0,0,31,0,0,1,2,2,1,0,1,1,0,0,1,4/4,Am,158,62,72,41,-3,11,0,0,0,1,0,0,0,0,0,0,0,0,0,0,0,0,0,0,0,0,0,0,0,0,0,0,173,0,25,11,1,0,0,0,0,0,1,1,Lost Love;Empowerment;Bad Relationship,0,1,1,0,0,0,0,0,0,0
