overall_rating,divisiveness,multiple_lead_vocalists,front_person_age,artist_is_a_songwriter,artist_is_a_producer,simplified_key,bpm,energy,danceability,happiness,loudness_d_b,vocally_based,bass_based,guitar_based,piano_keyboard_based,orchestral_strings,horns_winds,falsetto_vocal,handclaps_snaps,saxophone,length_sec,vocal_introduction,fade_out,cover,sample,interpolation,inspired_by_a_different_song,spoken_word,explicit,log_weeks_at_number_one,log_acousticness,Electronic/Dance,Funk/Soul,Hip Hop,Pop,Rock
6.333333333333333,2,0,26,1,0,Major,111,66,73,82,-7,0,1,1,1,0,0,0,0,0,215,0,0,0,0,0,0,0,0,0.6931471805599453,1.3862943611198906,0,0,0,0,1
6,0,0,35,1,0,Minor,108,85,70,81,-6,0,0,1,0,0,1,0,1,1,391,0,1,0,0,0,0,0,0,1.0986122886681098,3.713572066704308,0,1,0,0,0
6,0,0,35,1,0,Minor,108,85,70,81,-6,0,0,1,0,0,1,0,1,1,391,0,1,0,0,0,0,0,0,1.0986122886681098,3.713572066704308,1,0,0,0,0
4.333333333333333,2,0,19,0,0,Major,111,61,50,31,-8,0,0,1,1,1,0,0,0,0,147,0,1,0,0,0,0,0,0,1.0986122886681098,2.5649493574615367,0,0,0,0,1
7.666666666666667,1.3333333333333333,1,31,1,0,Major,73,45,53,29,-15,0,0,0,1,1,0,0,0,0,382,0,0,0,0,0,0,0,0,1.6094379124341003,2.995732273553991,0,0,0,1,0
7,0,0,26,1,0,Major,123,59,76,33,-10,0,0,1,1,0,0,0,0,0,194,0,1,0,0,0,0,1,0,1.791759469228055,3.912023005428146,0,0,0,0,1
6.666666666666667,1.3333333333333333,0,40,1,1,Minor,160,82,65,96,-5,0,0,0,1,0,0,0,1,0,232,0,0,0,0,0,0,0,0,2.3978952727983707,3.1354942159291497,0,1,0,0,0
7.666666666666667,0.6666666666666666,1,19,1,1,Minor,98,59,67,93,-4,0,0,0,0,1,0,0,0,0,216,1,0,0,0,0,0,1,0,2.4849066497880004,3.58351893845611,0,1,0,0,0
10,0,0,23,1,0,Major,123,85,52,75,-7,0,0,1,0,0,0,1,0,0,189,0,1,0,0,0,0,0,0,0.6931471805599453,1.791759469228055,0,0,0,0,1
5.333333333333333,1.3333333333333333,1,24.333333333333332,0,0,Major,125,95,48,28,-4,0,0,1,0,0,0,0,1,0,167,0,1,1,0,0,1,0,0,1.0986122886681098,3.6375861597263857,0,0,0,0,1
10,0,1,31,0,0,Major,92,24,43,46,-15,0,0,1,0,1,1,0,0,0,228,0,1,0,0,0,0,0,0,1.0986122886681098,4.51085950651685,0,1,0,0,0
9.333333333333334,0.6666666666666666,0,25,1,0,Major,102,40,76,51,-11,0,0,1,1,1,1,1,0,0,199,0,1,0,0,0,0,0,0,0.6931471805599453,4.060443010546419,0,1,0,0,0
6,1.3333333333333333,0,24,0,0,Major,87,93,55,96,-8,0,0,1,1,0,0,0,0,0,141,0,1,0,0,0,0,0,0,1.0986122886681098,4.418840607796598,0,0,0,0,1
7,1.3333333333333333,0,33,1,1,Major,122,58,69,89,-11,0,0,1,0,0,0,0,0,0,187,0,1,0,0,1,1,0,0,0.6931471805599453,3.4339872044851463,0,0,0,0,1
5.666666666666667,0.6666666666666666,0,40,1,1,Major,145,97,71,89,-5,0,0,1,0,0,0,0,0,0,245,0,1,0,0,1,1,0,0,1.0986122886681098,2.1972245773362196,0,0,0,0,1
6,0,0,29,0,0,Major,123,81,64,80,-10,0,0,1,0,0,0,0,0,0,247,0,1,0,0,0,0,0,0,0.6931471805599453,1.3862943611198906,0,0,0,0,1
8,0,0,24,1,1,Major,96,48,89,61,-12,0,0,1,0,0,0,0,1,0,194,0,0,0,0,1,1,0,0,1.6094379124341003,0.6931471805599453,0,0,0,1,0
5.666666666666667,1.3333333333333333,0,14,1,0,Major,105,94,69,67,-7,0,0,1,0,0,0,0,0,0,238,0,1,0,1,0,1,0,0,1.3862943611198906,0,0,0,0,1,0
4.666666666666667,4,1,21,1,0,Minor,92,48,68,73,-10,0,0,0,1,0,0,0,0,0,289,1,0,0,0,0,0,1,0,1.0986122886681098,3.2188758248682006,0,1,0,0,0
7,1.3333333333333333,0,62,0,0,Major,155,41,58,62,-10,0,0,0,0,0,1,0,0,0,147,0,0,1,0,0,1,0,0,0.6931471805599453,4.442651256490317,0,0,0,0,0
6.666666666666667,2,1,28.5,1,0,Major,92,53,73,56,-6,0,1,0,0,0,0,0,0,0,219,0,1,0,0,1,1,0,1,2.302585092994046,2.1972245773362196,0,0,0,0,0
3.6666666666666665,0.6666666666666666,0,31,1,0,Major,128,24,45,53,-15,0,0,1,0,1,0,0,0,0,212,0,0,0,0,0,0,0,0,0.6931471805599453,4.499809670330265,0,0,0,1,0
4.666666666666667,2,0,19,0,0,Multiple Keys,135,28,60,30,-17,0,0,0,1,0,0,1,0,0,263,0,1,0,0,0,0,0,0,0.6931471805599453,3.367295829986474,0,0,0,1,0
4,0,0,32,0,1,Major,143,44,27,32,-7,0,0,0,1,1,1,0,0,0,235,0,1,1,0,0,1,0,0,0.6931471805599453,4.406719247264253,0,0,0,1,0
4,1.3333333333333333,1,25.5,0,1,Minor,95,68,83,89,-6,0,0,1,0,1,0,0,0,0,282,0,1,0,0,1,1,1,1,0.6931471805599453,2.3978952727983707,0,0,1,0,0
6.333333333333333,2,0,20.5,0,1,Major,65,56,66,89,-4,0,1,0,1,0,0,0,0,0,165,0,1,0,0,0,0,0,0,0.6931471805599453,4.356708826689592,0,0,0,0,1
7.333333333333333,1.3333333333333333,0,21,1,1,Major,82,57,62,90,-12,0,1,1,1,0,1,0,1,0,231,0,1,0,0,0,0,0,0,1.3862943611198906,3.332204510175204,0,0,0,1,0
9.333333333333334,0.6666666666666666,0,33,1,0,Major,115,65,77,69,-6,0,0,0,1,0,0,0,0,0,229,0,1,0,0,0,0,0,1,0.6931471805599453,1.791759469228055,0,1,0,0,0
6.333333333333333,1.3333333333333333,0,26,1,1,Minor,93,59,68,49,-7,0,0,0,0,0,0,0,0,0,230,0,0,0,0,0,0,0,1,0.6931471805599453,2.70805020110221,1,0,0,0,0
5.666666666666667,1.3333333333333333,1,27,1,1,Minor,94,77,93,68,-6,0,0,0,0,0,0,0,0,0,231,0,1,0,1,1,1,0,1,1.9459101490553132,2.3978952727983707,0,0,1,0,0
9,1.3333333333333333,1,11,0,0,Major,94,81,71,95,-8,0,0,1,1,0,0,0,1,0,175,0,1,0,0,0,0,0,0,1.0986122886681098,3.828641396489095,0,0,0,1,0
6.666666666666667,2.6666666666666665,0,28,1,0,Major,90,77,55,46,-5,0,0,0,1,0,0,0,0,0,223,0,0,0,0,0,0,0,0,1.0986122886681098,0,0,0,0,1,0
4,1.3333333333333333,0,42,1,0,Major,171,94,57,50,-5,0,0,1,1,0,1,0,0,0,241,0,0,0,0,0,0,0,0,0.6931471805599453,1.3862943611198906,0,0,0,0,1
6.333333333333333,2.6666666666666665,0,32,0,0,Major,156,76,51,87,-12,0,0,1,0,0,0,0,0,0,174,0,1,1,0,0,1,0,0,1.3862943611198906,2.70805020110221,0,0,0,0,1
8,2,0,22,0,0,Major,131,31,50,25,-16,0,0,0,1,1,0,0,0,0,291,0,0,1,0,0,1,0,0,1.3862943611198906,3.8918202981106265,0,0,0,1,0
4.666666666666667,2,0,26,1,1,Major,76,70,72,50,-5,0,0,1,0,1,0,1,0,0,313,0,1,0,0,0,0,0,0,0.6931471805599453,2.772588722239781,0,1,0,0,0
4.666666666666667,1.3333333333333333,0,32,1,0,Major,104,56,43,28,-7,0,0,1,0,1,1,1,0,0,235,0,1,0,0,0,0,0,0,1.0986122886681098,1.0986122886681098,0,0,0,0,1
5.666666666666667,2.6666666666666665,1,25.5,1,1,Minor,99,84,75,80,-5,0,1,0,0,1,0,0,0,0,213,1,0,0,0,0,0,0,1,0.6931471805599453,3.6375861597263857,0,0,1,0,0
8.666666666666666,0.6666666666666666,1,24,0,0,Major,97,15,52,21,-20,1,0,1,1,0,1,0,0,0,174,0,1,0,0,0,0,0,0,1.0986122886681098,2.6390573296152584,0,1,0,0,0
5.333333333333333,2,0,32,1,1,Minor,99,54,54,49,-12,0,0,1,1,0,0,0,0,0,275,0,1,0,0,0,0,0,0,1.0986122886681098,2.5649493574615367,0,0,0,0,1
8.333333333333334,1.3333333333333333,0,24,1,1,Minor,117,65,92,85,-3,0,1,1,0,1,0,0,0,0,294,0,1,0,0,0,0,0,0,2.0794415416798357,1.0986122886681098,0,0,0,0,1
8.333333333333334,1.3333333333333333,0,24,1,1,Minor,117,65,92,85,-3,0,1,1,0,1,0,0,0,0,294,0,1,0,0,0,0,0,0,2.0794415416798357,1.0986122886681098,0,1,0,0,0
6.666666666666667,1.3333333333333333,0,35,0,0,Major,97,62,63,30,-9,0,0,1,0,0,0,0,0,0,281,0,1,0,0,0,0,0,0,1.0986122886681098,4.060443010546419,0,0,0,0,1
7.333333333333333,0.6666666666666666,0,31,1,1,Major,123,59,87,50,-9,0,1,0,0,0,0,0,0,0,301,1,1,0,0,0,0,1,0,1.0986122886681098,2.1972245773362196,1,0,0,0,0
4.666666666666667,0.6666666666666666,0,23,1,0,Major,120,82,74,65,-5,0,0,0,0,0,0,0,0,0,204,0,0,0,0,0,0,0,1,0.6931471805599453,0.6931471805599453,1,0,0,0,0
3,1.3333333333333333,1,33.5,1,0,Minor,132,59,65,35,-6,0,0,0,1,0,0,0,0,0,215,0,0,0,0,0,0,0,1,1.6094379124341003,0,1,0,0,0,0
8,2,1,30,1,0,Minor,90,81,58,91,-4,0,0,1,0,0,0,0,0,0,224,1,1,0,1,0,1,1,1,1.6094379124341003,3.58351893845611,0,0,1,0,0
5.333333333333333,0.6666666666666666,0,25,0,0,Major,132,51,65,95,-12,0,0,1,1,0,0,0,1,0,140,0,1,0,0,0,0,0,0,1.6094379124341003,4.343805421853684,0,0,0,0,1
2.6666666666666665,0.6666666666666666,0,32,1,0,Major,104,94,75,74,-6,0,0,1,0,0,0,0,0,0,224,0,0,0,0,0,0,0,1,1.0986122886681098,1.0986122886681098,0,0,0,1,0
4.333333333333333,1.3333333333333333,0,29,0,0,Minor,94,57,73,69,-14,0,0,1,1,0,0,0,0,0,210,0,1,1,0,0,1,0,0,0.6931471805599453,2.4849066497880004,0,0,0,0,0
9,1.3333333333333333,0,24,1,0,Major,106,68,38,65,-9,0,0,1,1,0,0,0,0,0,136,0,0,0,0,0,0,0,0,1.3862943611198906,1.9459101490553132,0,0,0,1,0
4.333333333333333,2,1,27,0,0,Minor,90,76,77,68,-7,0,1,0,0,1,0,0,0,0,213,0,0,0,1,0,1,0,1,1.6094379124341003,1.791759469228055,0,0,1,0,0
9.333333333333334,0.6666666666666666,0,16,1,0,Major,85,43,67,34,-10,0,1,0,0,0,0,0,1,0,190,0,0,0,0,0,0,0,0,2.302585092994046,2.5649493574615367,0,0,0,1,0
7.333333333333333,2,0,30,1,1,Major,128,61,59,95,-10,0,0,0,1,0,0,0,0,0,182,0,1,0,0,0,0,0,0,1.0986122886681098,2.772588722239781,0,0,0,1,0
5.333333333333333,3.3333333333333335,1,38.5,0,0,Major,104,32,27,54,-13,0,0,1,0,1,1,0,0,0,162,0,1,1,0,0,1,0,0,1.6094379124341003,4.343805421853684,0,0,0,1,0
5.666666666666667,2.6666666666666665,0,21,0,0,Major,89,25,53,24,-15,0,0,0,1,1,1,0,0,0,220,0,0,1,0,0,1,0,0,1.6094379124341003,4.276666119016055,0,0,0,1,0
7.666666666666667,1.3333333333333333,0,30,1,1,Major,165,34,42,72,-13,0,0,1,0,0,0,0,0,0,217,0,1,0,0,0,0,0,0,0.6931471805599453,3.828641396489095,0,0,0,0,1
6,0,1,42,0,0,Major,96,80,64,53,-5,0,0,1,0,0,0,1,0,0,270,0,1,0,0,0,0,0,0,1.0986122886681098,1.3862943611198906,0,0,0,1,0
3.6666666666666665,2.6666666666666665,1,21,1,0,Major,110,26,51,54,-12,0,0,1,1,0,0,0,0,0,132,0,0,0,0,0,0,0,0,1.3862943611198906,4.3694478524670215,0,0,0,1,0
8.666666666666666,0.6666666666666666,0,23,0,0,Major,119,82,71,87,-9,0,0,0,1,0,1,1,0,0,291,0,1,0,0,0,0,1,0,1.0986122886681098,3.091042453358316,1,0,0,0,0
7.333333333333333,0.6666666666666666,1,27.75,0,0,Major,103,89,72,82,-8,0,1,1,0,0,0,0,0,0,204,0,1,0,0,0,0,0,0,1.6094379124341003,0,0,0,0,0,1
8,0,0,21.5,0,0,Major,98,51,25,82,-13,0,0,1,1,0,0,0,0,0,168,0,0,1,0,0,1,0,0,0.6931471805599453,0,0,0,0,0,1
7,1.3333333333333333,1,12.5,0,0,Minor,102,86,73,47,-7,0,1,0,1,0,1,0,0,0,193,0,1,0,1,1,1,0,0,2.1972245773362196,0,0,0,1,0,0
2.6666666666666665,2.6666666666666665,0,29,0,0,Major,144,52,46,31,-8,0,0,0,1,1,0,0,0,0,248,0,0,0,0,0,0,0,0,0.6931471805599453,1.3862943611198906,0,0,0,1,0
9.666666666666666,0.6666666666666666,1,32.5,1,1,Minor,93,70,63,62,-6,0,0,0,1,0,0,0,0,0,197,1,0,0,1,1,1,0,1,2.3978952727983707,1.0986122886681098,0,0,1,0,0
8.666666666666666,1.3333333333333333,0,30,0,0,Minor,120,63,62,70,-8,0,0,1,1,0,1,0,0,0,180,0,1,0,0,0,0,1,0,1.0986122886681098,1.3862943611198906,0,1,0,0,0
3,1.3333333333333333,0,29,0,1,Multiple Keys,99,61,68,82,-8,0,0,1,1,1,0,0,0,0,186,0,1,1,0,0,1,0,0,1.3862943611198906,4.3694478524670215,0,0,0,1,0
5.666666666666667,0.6666666666666666,0,29,0,0,Major,137,62,35,60,-7,0,1,1,1,1,1,0,0,0,207,0,1,0,0,0,0,1,0,0.6931471805599453,3.828641396489095,0,0,0,1,0
7.666666666666667,2,0,17,1,1,Minor,135,43,70,56,-11,0,1,0,0,0,0,0,1,0,194,0,0,0,0,0,0,0,1,0.6931471805599453,3.5263605246161616,0,0,0,1,0
9.666666666666666,0.6666666666666666,0,24,1,0,Multiple Keys,79,53,59,73,-8,0,0,1,0,0,0,1,0,0,137,0,1,0,0,0,0,0,0,1.6094379124341003,2.772588722239781,0,0,0,0,1
9,1.3333333333333333,0,30,1,0,Minor,121,70,86,97,-15,0,1,1,0,0,1,0,0,0,295,0,0,0,0,0,0,0,0,1.791759469228055,0,0,1,0,0,0
9,0,0,22,1,0,Major,172,76,43,95,-4,0,0,1,0,0,0,0,0,0,131,0,0,0,0,0,0,0,0,1.6094379124341003,2.5649493574615367,0,0,0,0,1
7.333333333333333,2.6666666666666665,0,31,1,1,Major,120,53,51,79,-12,0,0,1,0,0,0,0,0,0,218,0,1,0,0,0,0,0,0,0.6931471805599453,0,0,0,0,0,1
5.333333333333333,2,0,20,0,0,Multiple Keys,102,47,43,78,-12,0,0,0,1,0,0,0,0,0,173,0,1,0,0,0,0,0,0,1.3862943611198906,3.7612001156935624,0,0,0,1,0
6.333333333333333,1.3333333333333333,0,25,0,0,Major,111,82,66,68,-7,0,0,0,1,0,0,0,0,0,263,0,1,0,0,0,0,0,0,0.6931471805599453,2.8903717578961645,0,0,0,0,1
7,3.3333333333333335,0,19,0,0,Major,109,84,57,95,-4,0,1,1,0,0,0,0,0,0,127,0,1,0,0,1,1,0,0,0.6931471805599453,2.302585092994046,0,0,0,0,1
6.666666666666667,0.6666666666666666,0,29,1,1,Major,172,81,74,50,-6,0,0,0,0,0,1,0,0,0,266,0,1,0,0,0,0,0,0,0.6931471805599453,1.791759469228055,1,0,0,0,0
6.666666666666667,0.6666666666666666,0,29,1,1,Major,172,81,74,50,-6,0,0,0,0,0,1,0,0,0,266,0,1,0,0,0,0,0,0,0.6931471805599453,1.791759469228055,0,1,0,0,0
4.333333333333333,3.3333333333333335,0,25,1,0,Major,168,70,56,82,-9,0,0,1,1,0,0,1,0,0,277,0,1,0,0,0,0,0,0,1.0986122886681098,3.713572066704308,0,1,0,0,0
5,1.3333333333333333,0,36,1,1,Major,80,41,55,32,-8,0,0,0,1,1,0,1,0,0,320,0,0,0,0,0,0,0,0,2.0794415416798357,3.5553480614894135,0,0,0,1,0
5,2.6666666666666665,0,42,0,0,Minor,137,18,36,20,-16,0,0,0,1,1,0,0,0,0,231,0,0,0,0,0,0,0,0,1.9459101490553132,4.465908118654584,0,0,0,1,0
6.333333333333333,0.6666666666666666,0,29,1,1,Multiple Keys,114,89,79,39,-4,0,1,0,0,0,1,1,0,0,247,0,0,0,0,0,0,0,0,1.0986122886681098,0,1,0,0,0,0
6.333333333333333,2,1,24.5,1,0,Major,86,51,66,68,-8,0,1,0,1,0,0,1,0,0,223,0,1,0,1,0,1,0,0,1.9459101490553132,3.295836866004329,0,1,0,0,0
5.333333333333333,0.6666666666666666,0,19,0,0,Major,77,61,45,96,-7,0,0,1,1,0,1,0,1,1,147,0,1,1,0,0,1,0,0,1.3862943611198906,0.6931471805599453,0,0,0,0,1
10,0,0,22.666666666666668,1,1,Multiple Keys,133,47,40,38,-8,0,1,0,1,1,0,1,0,0,219,0,1,0,0,0,0,0,0,0.6931471805599453,3.5263605246161616,0,0,0,0,1
4,2,0,37,0,1,Multiple Keys,120,40,65,26,-9,0,0,0,1,1,1,0,1,0,346,0,1,0,0,0,0,0,0,0.6931471805599453,4.174387269895637,0,1,0,0,0
10,0,0,28,1,1,Major,80,21,15,26,-14,0,0,0,1,1,0,0,0,0,293,0,0,0,0,0,0,0,0,1.9459101490553132,4.418840607796598,0,0,0,1,0
8,3.3333333333333335,1,34,1,1,Major,120,46,85,55,-6,0,1,1,0,0,0,0,0,0,225,0,1,0,0,1,1,0,0,1.0986122886681098,2.5649493574615367,0,0,1,0,0
8.666666666666666,2,1,27,1,0,Multiple Keys,155,73,83,45,-4,0,0,0,1,0,0,0,0,0,312,0,0,0,1,1,1,1,1,0.6931471805599453,0.6931471805599453,0,0,1,0,0
6.333333333333333,3.3333333333333335,0,15,0,0,Major,108,21,49,46,-15,1,0,0,1,1,0,0,0,0,185,0,0,1,0,0,1,0,0,0.6931471805599453,4.0943445622221,0,0,0,1,0
7.666666666666667,2.6666666666666665,0,26,1,1,Major,98,92,52,49,-8,0,0,1,1,0,0,0,0,0,227,0,0,0,0,0,0,0,1,1.0986122886681098,0.6931471805599453,0,0,0,0,1
4,0,0,17,1,0,Major,106,61,62,80,-10,0,0,1,0,1,1,0,0,0,151,0,1,0,0,0,0,0,0,1.6094379124341003,3.58351893845611,0,0,0,1,0
3,1.3333333333333333,1,28,1,0,Major,130,84,76,84,-5,1,1,1,1,0,1,1,1,0,146,0,1,0,0,0,0,0,0,1.791759469228055,3.6888794541139363,0,0,0,0,1
4,2,0,32,0,0,Major,138,39,66,11,-9,0,1,0,0,1,0,1,0,0,204,0,0,0,0,0,0,0,0,0.6931471805599453,3.713572066704308,0,1,0,0,0
7,2,1,26.5,0,0,Major,107,61,76,82,-11,0,1,0,1,0,1,0,0,0,169,0,1,0,0,0,0,0,0,0.6931471805599453,3.367295829986474,0,0,0,0,1
2,2,1,32.5,1,0,Major,75,59,60,69,-9,0,0,1,1,1,1,0,0,0,156,0,1,0,0,0,0,0,0,1.3862943611198906,4.02535169073515,0,0,0,1,0
5.333333333333333,2.6666666666666665,0,25,0,0,Minor,104,50,70,85,-9,0,0,1,1,1,0,0,0,0,235,0,1,1,0,0,1,0,0,1.0986122886681098,2.3978952727983707,0,1,0,0,0
9.333333333333334,1.3333333333333333,0,22,1,0,Major,76,92,38,91,-3,0,0,1,0,0,0,0,0,0,140,0,0,0,0,0,0,0,0,1.0986122886681098,3.295836866004329,0,0,0,0,1
3.3333333333333335,0.6666666666666666,0,32,1,0,Multiple Keys,111,60,61,47,-11,0,0,0,1,1,1,0,0,0,251,0,1,0,0,0,0,0,0,1.0986122886681098,2.772588722239781,0,0,0,0,1
5.333333333333333,1.3333333333333333,0,34,0,0,Major,89,42,37,93,-11,0,1,1,1,1,1,1,0,0,207,0,1,1,0,0,1,0,0,0.6931471805599453,3.4339872044851463,0,1,0,0,0
4,1.3333333333333333,0,27,1,0,Major,121,38,76,99,-15,0,0,0,1,1,0,1,1,0,224,0,1,0,0,0,0,0,0,0.6931471805599453,3.367295829986474,0,0,0,1,0
6.333333333333333,0.6666666666666666,0,23,0,0,Major,104,66,64,23,-6,0,0,0,0,1,0,1,0,0,261,0,0,0,0,0,0,0,0,1.6094379124341003,2.995732273553991,0,0,0,1,0
6.333333333333333,0.6666666666666666,0,33,1,0,Major,111,70,62,90,-13,0,0,1,0,1,1,0,0,1,239,0,0,0,0,0,0,0,0,0.6931471805599453,1.0986122886681098,0,0,0,1,0
4.333333333333333,2.6666666666666665,0,28,0,0,Major,73,51,55,20,-7,0,0,0,1,1,1,0,0,1,277,0,0,0,0,0,0,0,0,0.6931471805599453,3.044522437723423,0,0,0,1,0
8.666666666666666,0.6666666666666666,0,29,0,0,Major,127,71,69,96,-5,0,1,1,1,1,1,0,0,1,163,0,1,0,0,0,0,0,0,1.0986122886681098,3.044522437723423,0,0,0,1,0
8.333333333333334,1.3333333333333333,1,24,0,0,Major,95,31,37,38,-14,0,0,1,1,1,1,0,0,0,225,0,1,0,0,0,0,0,0,1.0986122886681098,3.970291913552122,0,1,0,0,0
2.6666666666666665,0.6666666666666666,0,24,1,1,Major,123,37,85,91,-14,0,0,1,1,0,1,0,0,0,140,0,0,0,0,0,0,0,0,1.3862943611198906,4.127134385045092,0,0,0,1,0
8,1.3333333333333333,1,19,0,0,Major,129,78,63,74,-10,1,0,1,0,0,1,0,0,1,139,0,1,0,0,0,0,0,0,0.6931471805599453,4.276666119016055,0,0,0,1,0
5,1.3333333333333333,1,36.5,0,0,Multiple Keys,139,43,57,36,-9,0,0,0,1,0,0,0,0,0,233,0,1,0,0,0,0,0,0,1.3862943611198906,4.110873864173311,0,0,0,1,0
6.333333333333333,2,1,26,1,1,Major,118,74,73,96,-8,0,0,0,1,0,0,0,0,0,236,0,1,0,0,0,0,0,0,1.3862943611198906,2.9444389791664403,1,0,0,0,0
4.333333333333333,1.3333333333333333,0,37,1,0,Multiple Keys,145,42,54,26,-7,0,0,1,1,1,0,0,0,0,221,0,1,0,0,0,0,0,0,1.0986122886681098,4.248495242049359,0,0,0,1,0
7,2,0,22,1,1,Minor,115,75,74,94,-7,0,0,0,1,0,1,1,0,0,248,0,0,0,0,1,1,0,0,1.3862943611198906,1.6094379124341003,0,1,0,0,0
5.333333333333333,2,0,24,1,0,Major,70,49,69,71,-14,0,0,0,1,0,0,0,1,0,192,0,1,0,0,0,0,1,0,1.0986122886681098,3.7376696182833684,0,0,0,0,1
5.333333333333333,0.6666666666666666,0,37,0,0,Major,136,61,50,33,-10,0,0,1,1,0,0,0,0,0,257,0,0,0,0,0,0,0,0,1.0986122886681098,3.7612001156935624,0,0,0,0,1
7.333333333333333,0.6666666666666666,1,30.666666666666668,1,1,Minor,145,76,56,60,-7,1,1,0,1,0,0,0,0,0,212,0,1,0,1,0,1,1,1,0.6931471805599453,3.6375861597263857,0,1,0,0,0
4.666666666666667,2,1,31,0,0,Major,131,32,51,57,-12,1,0,1,0,0,0,0,0,0,160,0,1,1,0,0,1,1,0,0.6931471805599453,4.48863636973214,0,0,0,1,0
8.333333333333334,0.6666666666666666,0,19,0,0,Multiple Keys,120,37,58,59,-10,1,0,1,0,1,1,0,0,0,170,0,0,0,0,0,0,0,0,1.3862943611198906,4.02535169073515,0,0,0,0,1
7,1.3333333333333333,0,43,0,0,Major,124,46,51,18,-8,0,0,0,1,1,0,0,0,0,293,0,0,1,0,0,1,0,0,0.6931471805599453,4.02535169073515,0,0,0,1,0
8,0,0,22,1,0,Major,80,61,36,60,-10,1,0,1,0,0,1,0,1,1,161,1,1,0,0,0,0,0,0,1.0986122886681098,3.828641396489095,0,1,0,0,0
8,0,0,22,1,0,Major,80,61,36,60,-10,1,0,1,0,0,1,0,1,1,161,1,1,0,0,0,0,0,0,1.0986122886681098,3.828641396489095,0,0,0,0,1
5,0,0,28,0,0,Major,93,62,53,73,-8,0,0,1,1,0,0,0,0,0,154,0,1,0,0,0,0,0,0,0.6931471805599453,4.23410650459726,0,0,0,1,0
4.666666666666667,0.6666666666666666,0,25,1,1,Major,82,74,63,95,-8,0,0,1,1,1,1,0,0,0,175,0,0,0,0,1,1,0,0,1.0986122886681098,1.9459101490553132,0,0,0,0,1
5,2,0,32,1,1,Major,111,37,75,90,-13,0,0,1,0,0,0,0,1,0,171,0,0,0,0,0,0,0,0,0.6931471805599453,3.7376696182833684,0,0,0,1,0
7,0,1,29,1,1,Multiple Keys,92,51,37,54,-10,0,0,1,1,1,1,1,0,0,295,0,0,0,0,0,0,0,0,0.6931471805599453,4.07753744390572,0,0,0,0,1
5,1.3333333333333333,0,24,1,1,Minor,102,33,69,28,-13,0,0,0,1,0,0,0,1,0,340,0,0,0,0,0,0,0,0,1.0986122886681098,2.833213344056216,0,1,0,0,0
5.666666666666667,0.6666666666666666,0,41,0,0,Major,138,50,46,39,-10,0,0,1,0,1,0,0,0,0,212,0,1,0,0,0,0,0,0,0.6931471805599453,3.2188758248682006,0,0,0,1,0
8.333333333333334,2,1,19.5,0,1,Major,150,43,64,53,-9,0,0,1,1,0,0,0,1,0,254,0,0,0,0,0,0,1,0,2.6390573296152584,2.0794415416798357,0,1,0,0,0
5.666666666666667,0.6666666666666666,0,30,0,0,Major,118,47,59,77,-12,0,0,1,0,0,1,0,0,0,217,0,0,0,0,0,0,0,0,0.6931471805599453,3.58351893845611,0,0,0,0,0
6.666666666666667,2.6666666666666665,0,22,1,0,Minor,93,84,54,88,-8,0,0,1,0,0,0,0,0,0,231,0,0,0,0,0,0,0,0,1.3862943611198906,1.6094379124341003,0,0,0,0,1
5.333333333333333,2.6666666666666665,0,24,1,1,Minor,115,91,70,67,-7,0,0,1,0,0,0,0,0,0,290,0,1,0,0,0,0,1,1,0.6931471805599453,2.3978952727983707,0,0,0,0,1
4.666666666666667,0.6666666666666666,0,27,1,1,Major,113,90,70,73,-6,0,0,1,0,0,0,0,0,0,229,0,0,0,1,0,1,0,0,0.6931471805599453,0.6931471805599453,0,0,0,0,1
6.333333333333333,2,0,34,1,1,Minor,99,80,77,80,-3,0,1,0,0,0,0,0,1,0,297,0,0,0,0,0,0,0,0,1.3862943611198906,2.3978952727983707,0,1,0,0,0
8,0,0,30,1,1,Major,111,83,80,75,-7,0,0,1,0,1,1,0,0,0,229,1,1,0,0,0,0,0,1,0.6931471805599453,2.5649493574615367,0,1,0,0,0
8,1.3333333333333333,1,22,0,0,Major,117,52,63,18,-8,0,0,0,1,0,0,1,0,0,329,0,0,0,0,0,0,0,0,1.9459101490553132,3.7376696182833684,0,1,0,0,0
7.333333333333333,1.3333333333333333,0,26,1,0,Major,138,48,53,49,-12,0,0,1,1,0,0,0,0,0,515,0,0,0,0,1,1,0,1,1.6094379124341003,4.2626798770413155,0,0,0,0,1
8,1.3333333333333333,0,25,1,1,Minor,176,69,45,51,-5,0,0,1,0,1,0,1,0,0,227,1,0,0,0,0,0,0,0,2.3978952727983707,1.3862943611198906,0,1,0,0,0
9.333333333333334,0.6666666666666666,0,27,1,0,Minor,93,68,74,59,-4,0,0,1,0,0,0,0,0,0,214,0,1,0,0,0,0,0,0,1.6094379124341003,1.3862943611198906,0,1,0,0,0
7,1.3333333333333333,0,23,1,0,Major,138,58,65,74,-8,0,0,1,0,0,0,0,1,0,163,0,0,0,0,0,0,0,0,1.0986122886681098,3.7376696182833684,0,0,0,0,1
3.6666666666666665,1.3333333333333333,0,17,1,1,Minor,78,44,54,34,-11,0,1,0,0,1,1,1,0,1,202,0,0,0,0,0,0,0,0,0.6931471805599453,3.332204510175204,0,0,0,0,1
4.666666666666667,0.6666666666666666,0,28,1,1,Major,114,85,80,88,-2,0,0,1,0,0,0,1,0,0,211,0,0,0,0,0,0,0,1,1.3862943611198906,0,0,0,0,0,1
9.333333333333334,1.3333333333333333,0,22,0,0,Major,97,73,49,69,-9,0,0,1,1,0,0,0,0,0,167,0,1,0,0,0,0,0,0,1.0986122886681098,3.5553480614894135,0,0,0,1,0
5.666666666666667,0.6666666666666666,0,39,1,1,Minor,102,56,78,37,-7,0,0,0,1,0,0,0,0,0,289,0,1,0,0,0,0,0,0,1.6094379124341003,4.31748811353631,0,0,0,0,1
5.666666666666667,2,0,24,0,0,Major,62,39,46,25,-12,0,0,0,1,1,0,0,0,0,277,0,0,0,0,0,0,0,0,1.0986122886681098,4.1588830833596715,0,0,0,1,0
9,1.3333333333333333,1,24,1,0,Minor,94,69,89,63,-4,0,1,0,0,0,0,0,0,0,230,0,1,0,1,1,1,0,1,1.3862943611198906,2.9444389791664403,0,0,1,0,0
8,1.3333333333333333,0,22.25,0,0,Major,79,77,50,94,-6,0,0,1,1,0,0,0,0,0,167,0,1,0,0,0,0,0,0,2.0794415416798357,4.110873864173311,0,0,0,0,1
9.666666666666666,0.6666666666666666,0,27,1,1,Major,107,57,59,95,-10,0,1,0,0,0,1,0,0,1,232,0,0,0,0,0,0,0,0,1.3862943611198906,2.833213344056216,0,0,0,1,0
8.666666666666666,0.6666666666666666,0,22,0,0,Major,98,68,48,72,-7,0,0,1,0,0,0,0,0,0,166,0,1,0,0,1,1,0,0,0.6931471805599453,3.871201010907891,0,0,0,0,1
4.666666666666667,2.6666666666666665,0,19,1,0,Minor,145,73,69,27,-6,0,1,0,1,0,0,0,0,0,247,1,0,0,0,0,0,1,1,1.0986122886681098,1.3862943611198906,0,0,1,0,0
8,0,0,18,1,1,Multiple Keys,175,20,32,35,-16,1,0,1,0,0,0,0,0,0,142,0,1,0,0,0,0,0,0,1.3862943611198906,4.499809670330265,0,0,0,1,0
7,1.3333333333333333,0,28,0,0,Minor,105,52,67,63,-10,0,0,1,1,1,0,0,1,0,224,0,1,1,0,0,1,0,0,0.6931471805599453,3.258096538021482,0,0,0,0,1
6.333333333333333,2.6666666666666665,1,17,0,0,Minor,152,77,67,91,-9,0,1,0,0,1,0,0,0,0,235,0,0,0,1,0,1,0,0,1.791759469228055,2.70805020110221,0,1,0,0,0
5.666666666666667,2.6666666666666665,0,31,0,0,Major,157,82,48,79,-8,0,0,0,1,1,1,0,0,0,190,0,1,1,0,0,1,0,0,0.6931471805599453,3.8501476017100584,0,0,0,1,0
7,0,1,30,1,1,Major,100,82,52,79,-6,0,1,1,0,0,0,1,0,0,285,0,0,0,1,0,1,1,1,1.0986122886681098,3.6635616461296463,0,1,0,0,0
9.666666666666666,0.6666666666666666,0,17,0,0,Minor,93,70,76,91,-6,0,0,0,1,0,0,1,0,0,211,0,0,0,0,0,0,0,1,1.0986122886681098,3.044522437723423,0,0,0,1,0
6.333333333333333,0.6666666666666666,0,36,1,1,Major,121,54,70,63,-11,1,0,1,0,0,0,0,0,0,269,0,1,0,0,0,0,0,0,1.3862943611198906,2.302585092994046,0,0,0,0,1
9.333333333333334,0.6666666666666666,0,26,1,1,Major,130,66,58,78,-9,0,0,1,0,0,0,0,0,0,222,0,1,0,0,0,0,0,0,1.791759469228055,4.23410650459726,0,0,0,0,1
6.333333333333333,2.6666666666666665,0,29,0,0,Multiple Keys,110,43,62,11,-8,0,0,1,0,1,0,0,0,0,270,0,1,0,0,0,0,0,0,2.4849066497880004,3.7376696182833684,0,1,0,0,0
7,2.6666666666666665,0,23,1,0,Major,135,55,44,72,-12,0,0,1,0,0,0,0,0,0,200,0,0,0,0,0,0,0,1,0.6931471805599453,2.6390573296152584,0,0,0,0,1
4.333333333333333,2,1,33,1,1,Minor,130,75,78,33,-6,0,1,0,0,0,0,0,0,0,269,1,0,0,1,0,1,0,0,1.6094379124341003,3.044522437723423,1,0,0,0,0
6,1.3333333333333333,1,28,1,1,Minor,104,73,73,68,-8,0,0,1,0,0,0,0,0,0,215,0,1,0,1,0,1,0,1,1.0986122886681098,0.6931471805599453,0,0,1,0,0
5,1.3333333333333333,0,23,1,0,Multiple Keys,134,65,62,69,-8,0,0,1,1,0,1,1,0,0,181,0,1,0,0,0,0,0,0,0.6931471805599453,4.127134385045092,0,0,0,0,1
5,2,0,38,0,0,Minor,170,28,47,33,-16,0,0,1,0,1,1,0,0,0,231,0,1,0,0,0,0,0,0,1.3862943611198906,3.258096538021482,0,0,0,1,0
6.333333333333333,2.6666666666666665,0,25,0,0,Major,140,52,54,24,-9,0,0,1,1,0,0,1,0,0,286,0,1,1,0,0,1,0,0,1.6094379124341003,3.6375861597263857,0,0,0,1,0
7,1.3333333333333333,0,35,1,1,Multiple Keys,131,88,66,84,-6,0,1,1,1,0,0,0,0,0,209,0,1,0,0,0,0,0,0,0.6931471805599453,3.5553480614894135,0,0,0,1,0
5.666666666666667,1.3333333333333333,0,34.5,0,0,Major,175,45,42,17,-13,0,0,1,1,0,0,0,0,0,219,0,0,1,0,0,1,0,0,1.3862943611198906,4.174387269895637,0,0,0,0,1
6,2,0,28,0,0,Major,80,25,38,28,-10,1,1,1,0,0,0,0,0,0,168,0,0,1,0,0,1,0,0,1.3862943611198906,4.465908118654584,0,0,0,1,0
6,0,0,20,1,0,Minor,110,82,68,94,-9,0,1,0,1,0,0,1,0,0,246,0,1,0,0,0,0,0,0,1.0986122886681098,3.091042453358316,0,1,0,0,0
5.666666666666667,3.3333333333333335,0,22,0,0,Major,94,63,66,73,-5,0,0,0,1,0,0,0,0,0,266,0,0,0,1,0,1,1,1,1.6094379124341003,2.995732273553991,0,1,0,0,0
2.3333333333333335,2,1,25.5,1,1,Minor,123,62,45,50,-6,0,0,1,0,1,0,0,0,0,190,1,1,0,0,0,0,0,0,1.9459101490553132,2.70805020110221,0,0,0,0,1
6.666666666666667,0.6666666666666666,1,25.5,1,1,Major,110,48,86,93,-9,0,0,1,0,0,0,0,0,0,300,0,1,0,1,1,1,0,1,2.4849066497880004,1.791759469228055,0,0,1,0,0
4,1.3333333333333333,0,28,1,1,Minor,79,62,55,43,-10,0,0,1,0,0,0,0,0,0,340,0,0,0,0,0,0,0,0,0.6931471805599453,1.9459101490553132,0,0,0,0,1
4,1.3333333333333333,0,28,1,1,Minor,79,62,55,43,-10,0,0,1,0,0,0,0,0,0,340,0,0,0,0,0,0,0,0,0.6931471805599453,1.9459101490553132,0,0,0,0,0
4.333333333333333,0.6666666666666666,0,39,1,1,Major,79,67,71,84,-8,0,0,0,1,0,0,0,0,0,204,0,1,0,0,0,0,0,1,1.0986122886681098,2.3978952727983707,0,0,0,1,0
6.333333333333333,2.6666666666666665,0,31,1,0,Major,122,71,70,62,-5,0,0,1,0,0,0,0,0,0,202,0,0,0,0,0,0,1,1,0.6931471805599453,0,0,0,0,1,0
6.333333333333333,0.6666666666666666,1,41,0,0,Multiple Keys,102,41,62,74,-12,0,0,0,1,1,1,0,0,0,251,0,1,0,0,0,0,0,0,1.0986122886681098,4.23410650459726,0,0,0,1,0
4.666666666666667,1.3333333333333333,1,29,1,0,Minor,89,74,78,79,-3,0,0,0,0,1,0,0,0,0,231,1,1,0,1,0,1,0,1,1.9459101490553132,3.6635616461296463,0,0,1,0,0
4.333333333333333,0.6666666666666666,0,29,1,0,Minor,87,41,58,71,-15,0,0,1,0,1,0,0,0,0,194,0,1,0,0,0,0,0,0,0.6931471805599453,3.4011973816621555,0,0,0,1,0
5.333333333333333,2.6666666666666665,1,27.5,1,0,Minor,173,73,71,89,-5,0,0,1,0,0,1,0,0,0,248,0,0,0,0,0,0,0,1,1.0986122886681098,4.02535169073515,0,0,1,0,0
7,1.3333333333333333,0,30,1,1,Major,122,84,83,96,-5,0,0,1,0,0,1,0,0,0,221,0,1,0,0,0,0,0,0,1.0986122886681098,2.3978952727983707,0,1,0,0,0
7,2,0,34,1,0,Major,107,45,65,69,-10,0,0,1,0,0,0,0,0,0,259,0,0,0,0,0,0,0,0,1.0986122886681098,4.430816798843313,0,0,0,0,0
2.3333333333333335,2,0,25,1,0,Minor,140,32,78,33,-11,0,0,0,0,0,0,0,0,0,178,0,1,0,0,1,1,0,1,2.1972245773362196,4.0943445622221,0,0,1,0,0
8,2.6666666666666665,0,24,1,0,Multiple Keys,113,49,65,49,-8,0,0,0,1,0,1,0,0,0,183,0,0,0,0,0,0,0,0,0.6931471805599453,3.091042453358316,0,0,0,1,0
6.666666666666667,2.6666666666666665,0,33,1,0,Minor,174,46,52,46,-13,1,0,0,0,0,0,0,0,0,182,0,1,0,0,0,0,1,1,1.791759469228055,4.110873864173311,0,0,0,0,0
6,1.3333333333333333,0,29,0,0,Major,164,64,61,71,-11,0,0,1,0,0,0,1,0,0,260,0,1,1,0,0,1,0,0,0.6931471805599453,2.9444389791664403,0,0,0,1,0
7,3.3333333333333335,0,25,1,0,Major,99,73,48,81,-9,0,0,0,1,1,0,0,0,0,207,0,1,0,0,0,0,0,0,1.3862943611198906,3.4657359027997265,0,0,0,1,0
7.666666666666667,0.6666666666666666,1,28.5,1,0,Minor,113,95,62,60,-7,0,1,0,1,0,1,0,0,0,240,0,1,0,0,0,0,0,0,0.6931471805599453,1.6094379124341003,1,0,0,0,0
3,1.3333333333333333,0,23,0,0,Major,133,80,79,88,-7,0,1,1,1,0,0,0,0,0,123,0,1,0,0,0,0,0,0,1.791759469228055,3.1354942159291497,0,0,0,0,1
4,2,0,21,1,1,Minor,153,63,57,79,-9,0,0,0,1,0,1,0,0,0,300,0,1,0,0,0,0,0,0,1.3862943611198906,2.6390573296152584,0,1,0,0,0
2.6666666666666665,1.3333333333333333,1,28,0,1,Major,151,44,62,48,-12,0,1,0,1,0,0,0,0,0,247,0,1,1,0,0,1,0,0,0.6931471805599453,1.0986122886681098,0,0,0,1,0
7.333333333333333,2,0,26,1,1,Minor,113,75,75,91,-13,0,0,1,1,0,1,0,0,0,244,0,0,0,0,0,0,0,0,0.6931471805599453,0.6931471805599453,0,1,0,0,0
8.333333333333334,0.6666666666666666,0,35,1,0,Major,106,43,79,75,-15,0,0,1,0,0,0,0,0,0,213,0,1,0,0,0,0,0,0,0.6931471805599453,3.5263605246161616,0,0,0,0,1
3.6666666666666665,2.6666666666666665,0,20,1,1,Major,120,78,81,96,-10,0,1,0,0,0,1,0,0,1,289,0,0,0,0,0,0,0,0,0.6931471805599453,1.0986122886681098,0,0,0,1,0
4.666666666666667,2,0,28,0,0,Major,90,64,52,26,-5,0,0,0,1,1,0,1,0,0,298,0,1,0,0,0,0,0,0,1.791759469228055,4.276666119016055,0,1,0,0,0
8,1.3333333333333333,1,28.5,1,1,Minor,126,60,87,64,-5,0,1,0,0,0,1,1,0,0,234,0,1,0,0,0,0,0,1,0.6931471805599453,2.6390573296152584,0,1,0,0,0
8.666666666666666,2,1,25.5,1,1,Minor,95,83,83,68,-4,0,1,0,1,0,0,1,0,0,238,0,1,0,0,0,0,1,1,0.6931471805599453,2.995732273553991,0,0,1,0,0
7,1.3333333333333333,1,22,0,0,Minor,126,54,78,97,-13,0,1,1,0,0,0,0,0,0,212,0,1,0,0,0,0,0,0,1.0986122886681098,2.4849066497880004,0,1,0,0,0
7.333333333333333,1.3333333333333333,1,20,1,0,Major,122,95,71,90,-8,0,1,0,1,0,0,0,0,0,269,0,0,0,1,0,1,0,1,0.6931471805599453,0,1,0,0,0,0
7.333333333333333,1.3333333333333333,1,20,1,0,Major,122,95,71,90,-8,0,1,0,1,0,0,0,0,0,269,0,0,0,1,0,1,0,1,0.6931471805599453,0,0,0,1,0,0
5.333333333333333,0.6666666666666666,0,28,1,0,Minor,92,63,85,86,-7,0,1,1,0,0,0,1,0,0,246,0,1,0,0,0,0,0,1,0.6931471805599453,0.6931471805599453,0,1,0,0,0
4.333333333333333,0.6666666666666666,0,26,1,0,Minor,110,94,68,82,-8,0,1,0,0,1,0,0,0,0,247,0,1,0,1,0,1,1,0,0.6931471805599453,3.8918202981106265,0,1,0,0,0
9,0,0,30,0,0,Minor,121,70,82,97,-12,0,0,1,1,0,0,0,0,0,226,0,1,0,0,0,0,0,0,1.3862943611198906,0,0,1,0,0,0
2.6666666666666665,0.6666666666666666,0,20,1,0,Major,144,52,50,28,-9,0,0,0,1,1,1,0,1,1,244,0,0,0,0,0,0,0,0,0.6931471805599453,3.5553480614894135,0,0,0,1,0
8,1.3333333333333333,0,32,0,0,Major,102,60,84,80,-9,0,1,1,1,1,1,0,0,0,196,0,1,0,0,1,1,0,0,0.6931471805599453,2.3978952727983707,0,1,0,0,0
7,0,0,32,1,1,Minor,95,52,71,83,-11,0,0,1,1,1,0,1,0,0,228,0,1,0,0,0,0,0,0,0.6931471805599453,3.58351893845611,0,1,0,0,0
5.666666666666667,2,0,34,0,1,Major,140,48,30,46,-8,0,0,1,1,1,1,0,0,0,213,0,0,0,0,0,0,0,0,0.6931471805599453,4.060443010546419,0,0,0,1,0
7.333333333333333,2.6666666666666665,0,25,1,1,Minor,110,56,71,23,-7,0,0,0,1,1,0,1,0,0,223,0,0,0,0,0,0,0,0,1.6094379124341003,2.772588722239781,0,0,0,1,0
7,0,0,36,0,1,Major,141,56,59,58,-12,0,0,1,1,1,0,0,0,0,229,0,0,1,0,1,1,0,0,0.6931471805599453,4.060443010546419,0,0,0,0,1
6.666666666666667,2.6666666666666665,0,36,1,1,Major,128,41,64,26,-11,0,0,1,1,1,0,0,0,0,241,0,0,0,0,0,0,0,0,1.6094379124341003,3.58351893845611,0,0,0,1,0
7,0,0,26,0,0,Multiple Keys,83,67,45,89,-8,0,0,1,1,0,1,0,0,0,112,0,1,1,0,0,1,0,0,1.0986122886681098,4.343805421853684,0,0,0,1,0
5.333333333333333,2,0,34,1,1,Major,81,47,48,42,-10,0,0,0,1,0,0,0,0,0,304,0,1,0,0,0,0,0,0,1.0986122886681098,2.995732273553991,0,0,0,1,0
5,2,0,34,1,1,Multiple Keys,111,49,85,97,-8,0,0,0,1,0,1,0,0,1,225,0,1,0,0,0,0,0,0,0.6931471805599453,2.0794415416798357,0,0,0,1,0
5,2.6666666666666665,0,28.5,0,0,Major,118,67,48,62,-5,0,0,0,1,1,1,0,0,0,165,0,1,1,0,0,1,0,0,1.3862943611198906,4.02535169073515,0,0,0,1,0
8,1.3333333333333333,1,24.5,1,1,Major,111,71,62,62,-9,0,0,1,1,0,1,0,0,0,193,0,1,0,0,0,0,0,0,1.3862943611198906,3.258096538021482,0,0,0,0,1
10,0,0,22,1,1,Minor,100,63,63,87,-12,0,0,0,1,0,1,0,0,0,245,0,1,0,0,0,0,0,0,0.6931471805599453,1.6094379124341003,0,1,0,0,0
4.666666666666667,0.6666666666666666,0,23.5,1,1,Major,126,70,69,96,-8,0,0,1,1,0,1,0,0,0,182,0,1,0,0,0,0,0,0,1.791759469228055,3.871201010907891,0,0,0,0,1
4.666666666666667,0.6666666666666666,0,23.5,1,1,Major,126,70,69,96,-8,0,0,1,1,0,1,0,0,0,182,0,1,0,0,0,0,0,0,1.791759469228055,3.871201010907891,0,1,0,0,0
5,2.6666666666666665,1,34,0,0,Major,118,35,66,37,-13,0,0,1,1,0,0,0,0,0,225,0,1,0,0,0,0,0,0,0.6931471805599453,3.912023005428146,0,0,0,1,0
5,1.3333333333333333,0,31,1,1,Major,109,41,51,36,-13,0,0,1,1,1,1,0,0,0,194,0,1,0,0,1,1,0,0,0.6931471805599453,3.6109179126442243,0,0,0,1,0
6.666666666666667,2.6666666666666665,0,35,0,0,Major,97,67,78,96,-7,0,1,1,0,1,1,0,0,0,233,0,1,1,0,0,1,0,0,0.6931471805599453,1.791759469228055,0,0,0,0,0
3.6666666666666665,1.3333333333333333,0,26,1,0,Major,110,41,49,56,-14,1,0,1,1,0,0,0,0,0,193,0,0,0,0,0,0,0,0,1.3862943611198906,4.30406509320417,0,0,0,1,0
4.666666666666667,2,0,21,1,0,Major,99,77,42,69,-12,0,0,1,1,0,1,0,1,1,119,0,1,0,0,1,1,0,0,1.3862943611198906,3.58351893845611,0,0,0,0,1
8,0,1,36,1,1,Minor,134,68,68,83,-10,0,0,1,0,0,0,0,0,0,249,1,1,0,0,1,1,0,1,1.3862943611198906,2.302585092994046,0,0,0,0,1
4,1.3333333333333333,0,22,1,1,Major,69,26,44,25,-14,0,0,1,0,1,0,0,0,0,239,0,0,0,0,0,0,0,0,1.6094379124341003,4.1588830833596715,0,0,0,0,1
9.666666666666666,0.6666666666666666,0,30,1,0,Multiple Keys,134,26,54,63,-12,0,0,1,0,0,0,0,0,0,147,0,0,0,0,0,0,0,0,1.0986122886681098,4.454347296253507,0,0,0,1,0
5.666666666666667,1.3333333333333333,0,24,1,0,Major,118,55,60,96,-14,0,0,0,1,0,0,0,0,0,133,0,1,0,0,1,1,0,0,1.0986122886681098,1.3862943611198906,0,0,0,0,1
6.333333333333333,2.6666666666666665,0,44,0,0,Major,110,37,82,85,-12,0,0,1,1,1,1,0,0,1,206,0,1,0,0,0,0,0,0,1.0986122886681098,3.258096538021482,0,1,0,0,0
4.666666666666667,1.3333333333333333,0,39,1,0,Minor,130,74,59,41,-7,0,0,1,0,0,0,0,0,0,346,0,1,0,0,0,0,1,1,0.6931471805599453,2.0794415416798357,0,0,0,0,1
6,1.3333333333333333,0,29,0,0,Multiple Keys,99,28,43,4,-12,0,0,0,0,1,1,0,0,0,280,0,0,0,0,0,0,0,0,1.0986122886681098,4.30406509320417,0,0,0,1,0
7.666666666666667,0.6666666666666666,0,20,0,0,Minor,120,42,53,35,-6,0,0,0,1,1,0,0,0,0,221,0,0,0,0,0,0,0,0,1.3862943611198906,3.7376696182833684,0,0,0,1,0
9.333333333333334,0.6666666666666666,0,27,1,0,Minor,90,72,90,81,-3,0,1,0,0,1,1,0,1,0,193,1,1,0,0,0,0,1,1,2.302585092994046,3.295836866004329,0,0,1,0,0
6.333333333333333,2.6666666666666665,0,27,0,0,Major,106,49,51,70,-8,0,0,0,0,1,1,0,0,0,177,0,1,0,0,0,0,0,0,1.6094379124341003,4.477336814478207,0,0,0,1,0
5,3.3333333333333335,0,27,1,0,Major,150,69,68,47,-6,0,0,0,1,0,0,0,0,0,249,1,1,0,1,0,1,1,1,2.0794415416798357,1.0986122886681098,0,0,1,0,0
7.666666666666667,0.6666666666666666,0,38,1,1,Major,99,89,70,91,-7,0,1,1,0,0,1,0,0,0,252,0,1,0,0,0,0,0,0,0.6931471805599453,1.791759469228055,0,1,0,0,0
7.666666666666667,0.6666666666666666,0,38,1,1,Major,99,89,70,91,-7,0,1,1,0,0,1,0,0,0,252,0,1,0,0,0,0,0,0,0.6931471805599453,1.791759469228055,0,0,0,1,0
10,0,0,30,1,1,Minor,171,74,69,6,-5,0,0,1,1,1,0,0,0,0,321,1,1,0,0,0,0,1,1,2.5649493574615367,0.6931471805599453,0,0,1,0,0
4,2,1,29,1,0,Minor,125,67,72,71,-7,0,0,0,0,0,0,0,0,0,204,0,0,0,0,1,1,0,1,1.9459101490553132,0.6931471805599453,0,0,0,1,0
4.666666666666667,0.6666666666666666,0,23,0,0,Major,81,51,40,53,-11,0,0,1,0,0,1,0,0,1,227,0,0,0,0,0,0,0,0,1.0986122886681098,3.367295829986474,0,0,0,0,1
7,1.3333333333333333,0,39,0,0,Major,115,63,64,65,-8,0,0,1,0,1,0,0,0,0,194,0,1,1,0,0,1,0,0,1.0986122886681098,2.3978952727983707,0,0,0,0,1
6.666666666666667,1.3333333333333333,1,23.5,1,1,Major,95,52,75,66,-6,0,0,0,1,0,0,0,1,0,244,0,0,0,0,1,1,0,0,2.5649493574615367,3.7376696182833684,1,0,0,0,0
8,1.3333333333333333,0,31,1,0,Major,132,83,73,82,-6,0,0,1,0,0,0,0,0,0,194,0,0,0,0,0,0,0,0,1.0986122886681098,2.833213344056216,0,0,0,0,1
6,1.3333333333333333,0,32,0,0,Major,123,49,81,71,-9,0,0,0,0,0,0,1,0,0,262,0,1,0,0,0,0,0,0,1.0986122886681098,2.1972245773362196,0,0,0,1,0
7,0,0,24,0,0,Major,76,40,24,17,-7,1,0,1,1,1,0,0,0,0,185,0,0,0,0,0,0,1,0,0.6931471805599453,4.48863636973214,0,0,0,1,0
7.666666666666667,2,0,40,1,1,Major,99,79,70,42,-6,0,0,1,1,0,0,1,0,0,234,0,1,0,0,0,0,0,0,1.791759469228055,3.4339872044851463,0,0,0,0,1
6.666666666666667,0.6666666666666666,0,24,1,1,Major,71,31,23,12,-11,0,0,0,1,1,0,1,0,0,353,0,0,0,0,0,0,0,0,1.3862943611198906,4.127134385045092,0,1,0,0,0
8.333333333333334,0.6666666666666666,0,34,1,1,Major,102,37,81,29,-13,0,0,1,0,0,0,0,0,0,217,0,1,0,0,0,0,0,0,1.3862943611198906,2.8903717578961645,0,0,0,1,0
9.333333333333334,1.3333333333333333,0,34,1,1,Major,167,65,48,65,-10,0,1,1,0,1,1,1,1,0,240,0,1,0,0,0,0,0,1,1.0986122886681098,3.4339872044851463,0,1,0,0,0
2,1.3333333333333333,0,29,0,0,Major,88,62,56,68,-12,0,0,1,1,1,0,0,1,0,206,0,1,0,0,0,0,0,1,1.6094379124341003,3.367295829986474,0,0,0,1,0
5,1.3333333333333333,1,29,1,0,Major,73,73,44,23,-5,0,0,1,0,0,0,0,0,0,346,0,0,0,0,0,0,0,0,0.6931471805599453,1.791759469228055,0,0,0,0,1
9.666666666666666,0.6666666666666666,0,28,1,1,Minor,95,42,77,74,-15,0,0,1,0,0,0,1,0,0,214,0,1,0,0,0,0,0,0,1.0986122886681098,4.007333185232471,0,1,0,0,0
8.666666666666666,2,0,24,1,0,Major,97,18,33,31,-12,0,0,1,0,1,0,0,0,0,123,0,0,0,0,0,0,0,0,1.6094379124341003,4.48863636973214,0,0,0,1,0
4,1.3333333333333333,0,28,1,1,Major,84,36,63,47,-11,0,0,1,0,1,0,0,0,0,192,0,1,0,0,0,0,0,0,0.6931471805599453,4.204692619390966,0,0,0,0,1
3,1.3333333333333333,0,22,0,0,Major,115,95,67,89,-5,0,1,0,1,0,1,0,0,0,201,0,1,0,0,0,0,0,0,0.6931471805599453,2.995732273553991,1,0,0,0,0
6.333333333333333,2,0,33,1,0,Major,132,43,64,47,-12,0,1,0,1,0,0,0,1,0,242,0,1,0,0,0,0,0,0,1.0986122886681098,4.189654742026425,0,0,0,1,0
6.333333333333333,2,0,33,1,0,Major,132,43,64,47,-12,0,1,0,1,0,0,0,1,0,242,0,1,0,0,0,0,0,0,1.0986122886681098,4.189654742026425,0,1,0,0,0
7.333333333333333,4,0,37,0,0,Major,92,29,77,69,-9,0,0,1,0,0,0,0,0,0,153,0,0,1,0,0,1,0,0,0.6931471805599453,4.48863636973214,0,0,0,0,0
5,0,1,41.5,1,0,Minor,90,80,59,73,-5,0,0,0,0,0,0,0,0,0,224,0,0,0,0,0,0,0,0,1.6094379124341003,1.9459101490553132,1,0,0,0,0
7.333333333333333,0.6666666666666666,0,26,1,0,Minor,84,90,57,88,-8,0,0,0,1,0,0,1,0,0,225,0,1,0,0,0,0,0,0,0.6931471805599453,1.0986122886681098,1,0,0,0,0
5.666666666666667,3.3333333333333335,0,35,1,1,Major,113,83,67,70,-6,0,1,0,1,0,1,1,1,0,237,0,0,0,0,0,0,0,0,0.6931471805599453,0.6931471805599453,0,1,0,0,0
2.6666666666666665,2,0,24,0,0,Major,99,56,53,37,-8,0,0,0,1,1,0,1,0,0,212,0,0,0,0,0,0,0,0,1.0986122886681098,2.772588722239781,0,0,0,1,0
6,3.3333333333333335,0,37,1,0,Major,111,81,62,97,-6,0,0,1,0,0,0,0,0,0,235,0,1,0,0,0,0,0,0,0.6931471805599453,3.6375861597263857,0,0,0,0,1
4,1.3333333333333333,0,28,1,1,Minor,128,67,93,64,-11,0,1,0,0,0,1,0,0,0,262,0,0,0,1,0,1,1,1,1.791759469228055,0.6931471805599453,0,0,1,0,0
6.333333333333333,0.6666666666666666,0,28,0,0,Major,110,34,60,11,-8,0,0,1,1,1,1,0,0,1,253,0,1,1,0,0,1,0,0,0.6931471805599453,3.6888794541139363,0,0,0,1,0
5,2,0,34,1,0,Major,91,89,56,74,-5,0,0,1,0,0,1,1,0,0,229,0,1,0,0,0,0,0,0,0.6931471805599453,0.6931471805599453,0,0,0,1,0
5,2,0,34,1,0,Major,91,89,56,74,-5,0,0,1,0,0,1,1,0,0,229,0,1,0,0,0,0,0,0,0.6931471805599453,0.6931471805599453,0,1,0,0,0
8,2,1,12,0,0,Major,93,51,51,33,-7,1,0,0,1,0,0,0,0,0,238,0,1,0,0,0,0,0,0,1.791759469228055,4.0943445622221,0,1,0,0,0
4.666666666666667,2.6666666666666665,1,29,1,0,Minor,148,43,83,45,-9,0,0,0,0,0,0,0,0,0,299,0,0,0,0,0,0,0,1,1.791759469228055,1.9459101490553132,0,0,1,0,0
4,1.3333333333333333,0,27,0,0,Minor,122,68,88,72,-9,0,1,0,1,0,0,0,0,0,231,0,1,0,0,0,0,0,0,0.6931471805599453,2.772588722239781,1,0,0,0,0
7.666666666666667,0.6666666666666666,0,34,1,0,Minor,112,47,72,88,-15,0,0,1,1,1,1,0,0,1,326,0,1,0,0,1,1,0,1,1.6094379124341003,0.6931471805599453,0,1,0,0,0
7.666666666666667,2.6666666666666665,0,24,1,1,Major,109,84,64,43,-5,0,0,0,1,0,0,1,0,0,220,0,0,0,1,0,1,0,0,1.6094379124341003,1.0986122886681098,0,0,0,1,0
4.666666666666667,4,0,23.5,0,0,Major,76,27,71,76,-19,0,0,0,1,0,1,0,0,0,238,0,1,0,0,0,0,0,0,1.0986122886681098,2.6390573296152584,0,1,0,0,0
5.666666666666667,2,0,22,0,0,Major,114,64,57,85,-8,0,0,1,1,1,1,0,0,0,167,0,1,0,0,0,0,1,0,0.6931471805599453,3.6635616461296463,0,0,0,1,0
5.333333333333333,4,1,28.5,1,0,Minor,83,59,71,55,-8,0,1,0,0,1,1,0,0,0,266,1,1,0,1,0,1,0,1,1.791759469228055,3.332204510175204,0,1,0,0,0
6,3.3333333333333335,0,23,0,1,Major,120,57,51,16,-7,0,0,0,1,1,0,0,0,0,280,0,1,1,0,0,1,0,0,1.6094379124341003,1.6094379124341003,0,0,0,1,0
5.666666666666667,1.3333333333333333,0,28,1,1,Major,114,88,62,89,-9,0,0,1,1,0,1,0,0,0,253,0,1,0,0,0,0,0,0,0.6931471805599453,1.6094379124341003,1,0,0,0,0
3,1.3333333333333333,0,27,0,0,Minor,135,71,70,79,-2,0,0,0,0,0,0,0,0,0,205,0,0,0,0,1,1,0,1,0.6931471805599453,1.791759469228055,1,0,0,0,0
6.333333333333333,2,0,29,0,0,Minor,116,94,56,68,-4,0,0,1,0,0,0,0,0,0,221,0,0,0,0,0,0,0,0,1.3862943611198906,1.791759469228055,1,0,0,0,0
8.333333333333334,1.3333333333333333,0,27,1,1,Major,121,70,54,58,-9,0,0,1,1,1,0,0,0,0,281,0,1,0,0,1,1,0,0,1.6094379124341003,2.1972245773362196,0,0,0,0,1
8,4,0,29,1,0,Minor,147,51,58,61,-9,0,0,1,0,0,0,0,0,0,391,0,1,0,0,0,0,0,1,0.6931471805599453,0.6931471805599453,0,0,0,0,1
3,1.3333333333333333,0,17,0,0,Multiple Keys,149,47,66,89,-10,0,0,1,0,0,0,0,0,0,167,0,1,1,0,0,1,0,0,1.3862943611198906,4.330733340286331,0,0,0,1,0
7,3.3333333333333335,1,31.6,1,1,Multiple Keys,128,50,57,30,-9,0,1,0,0,0,0,0,0,0,281,0,0,0,0,0,0,0,0,2.833213344056216,3.58351893845611,0,0,0,1,0
8.666666666666666,0.6666666666666666,1,30.5,1,1,Minor,114,97,81,87,-6,0,0,0,0,0,0,1,0,0,242,0,0,0,0,1,1,0,0,1.9459101490553132,1.9459101490553132,0,0,1,0,0
6,2,0,22,1,0,Major,105,28,58,47,-11,1,1,1,0,0,1,0,0,0,148,0,1,0,0,0,0,0,0,1.3862943611198906,4.430816798843313,0,1,0,0,0
4.333333333333333,4,1,29,1,1,Minor,95,53,78,67,-7,0,0,0,0,0,1,0,0,1,235,1,0,0,0,0,0,0,1,1.9459101490553132,1.9459101490553132,0,0,1,0,0
5.666666666666667,4,0,29,1,0,Minor,94,62,68,81,-7,0,0,1,0,1,0,1,0,0,266,0,1,0,0,0,0,0,0,1.791759469228055,1.9459101490553132,0,0,0,1,0
6.333333333333333,2,1,38,0,0,Major,92,40,62,48,-13,0,0,1,1,0,0,1,0,0,290,0,1,0,0,0,0,0,0,1.3862943611198906,3.5553480614894135,0,1,0,0,0
3.3333333333333335,4,0,20,0,0,Minor,92,70,75,62,-6,0,0,1,1,0,0,0,0,0,231,0,1,0,0,1,1,0,0,0.6931471805599453,1.6094379124341003,0,0,0,0,1
6,0,0,33,1,0,Major,121,90,54,83,-6,0,0,1,0,0,0,0,0,0,244,0,1,0,0,0,0,0,0,0.6931471805599453,1.6094379124341003,0,0,0,0,1
7,1.3333333333333333,0,31,1,0,Minor,158,62,72,41,-3,0,0,0,1,0,0,0,0,0,173,1,0,0,0,1,1,1,1,2.0794415416798357,2.4849066497880004,0,1,0,0,0
8.666666666666666,2,1,24,1,0,Major,108,47,44,54,-10,0,0,1,0,0,0,0,0,0,185,0,0,0,0,0,0,0,0,1.0986122886681098,2.8903717578961645,0,0,0,0,0
5.333333333333333,2.6666666666666665,0,20,1,0,Major,126,34,40,23,-12,0,0,0,1,0,0,1,1,0,229,0,0,0,0,0,0,0,0,1.3862943611198906,4.30406509320417,0,0,0,1,0
8,3.3333333333333335,0,34,1,0,Minor,143,83,55,77,-7,0,0,1,1,0,0,0,0,0,212,0,1,0,0,0,0,0,0,1.9459101490553132,0,0,0,0,0,1
9.333333333333334,0.6666666666666666,1,15,0,0,Major,129,57,42,32,-9,0,0,1,1,0,0,0,0,0,171,1,1,0,0,0,0,1,0,0.6931471805599453,4.276666119016055,0,0,0,1,0
4,1.3333333333333333,0,35,1,1,Major,146,48,57,36,-10,0,0,1,0,0,0,0,0,0,291,0,0,0,0,0,0,0,0,1.791759469228055,4.007333185232471,0,0,0,0,1
8.666666666666666,1.3333333333333333,0,27,1,0,Major,143,40,44,41,-8,0,0,0,1,0,0,1,0,0,230,0,0,0,0,0,0,0,0,1.0986122886681098,4.1588830833596715,0,1,0,0,0
8.666666666666666,1.3333333333333333,0,27,1,0,Major,143,40,44,41,-8,0,0,0,1,0,0,1,0,0,230,0,0,0,0,0,0,0,0,1.0986122886681098,4.1588830833596715,0,0,0,0,1
5.666666666666667,0.6666666666666666,0,36,1,1,Major,149,75,74,84,-8,0,0,1,0,0,1,0,0,0,189,0,0,0,0,1,1,0,1,1.3862943611198906,3.044522437723423,0,0,0,0,1
8,1.3333333333333333,0,31,1,1,Major,105,36,63,67,-9,0,0,0,1,1,0,1,0,0,245,0,1,0,0,0,0,0,0,1.3862943611198906,2.3978952727983707,0,0,0,1,0
5,3.3333333333333335,0,14,0,0,Major,136,17,44,30,-11,0,0,1,0,1,1,0,0,0,167,0,0,0,0,0,0,0,0,0.6931471805599453,4.5217885770490405,0,0,0,1,0
7.666666666666667,0.6666666666666666,0,52,0,0,Minor,116,78,64,96,-9,0,0,1,0,0,1,0,0,0,241,0,1,0,0,0,0,0,0,2.5649493574615367,2.9444389791664403,0,0,0,0,1
4,0,0,33,0,0,Major,99,34,26,41,-14,0,0,0,1,1,1,0,0,0,219,0,0,0,0,0,0,0,0,0.6931471805599453,4.31748811353631,0,0,0,1,0
8,1.3333333333333333,1,31,1,1,Minor,129,50,86,72,-7,0,0,1,0,0,0,0,0,0,244,0,0,0,1,1,1,0,0,2.1972245773362196,4.0943445622221,0,0,0,1,0
8.666666666666666,2,0,22,1,0,Major,120,58,50,87,-9,0,0,1,0,0,0,0,0,0,144,0,1,0,0,0,0,0,0,1.791759469228055,3.7376696182833684,0,0,0,0,1
7.333333333333333,2,0,35,0,0,Major,117,65,68,60,-10,0,0,0,1,0,0,0,0,0,328,0,1,1,0,0,1,0,0,2.302585092994046,1.0986122886681098,0,0,0,0,1
8.666666666666666,1.3333333333333333,0,22,1,0,Major,126,90,59,91,-7,0,0,1,1,0,0,0,1,0,175,0,1,0,0,0,0,0,0,1.0986122886681098,1.0986122886681098,0,0,0,0,1
7.333333333333333,2,1,25,1,1,Minor,117,58,97,96,-6,0,0,0,0,0,0,0,0,0,242,0,1,0,0,0,0,0,1,2.0794415416798357,1.9459101490553132,1,0,0,0,0
6.333333333333333,0.6666666666666666,1,29,1,1,Major,146,92,64,85,-4,0,0,0,1,0,1,0,1,0,258,0,0,0,0,0,0,0,1,1.791759469228055,1.3862943611198906,0,0,1,0,0
4,2.6666666666666665,0,28,1,0,Multiple Keys,96,55,76,83,-12,0,0,1,0,1,0,1,0,0,173,0,1,0,0,0,0,0,0,0.6931471805599453,2.0794415416798357,0,1,0,0,0
5.333333333333333,0.6666666666666666,1,26,0,0,Major,133,72,68,90,-8,1,0,1,1,0,1,0,0,0,173,0,1,1,0,0,1,0,0,1.6094379124341003,3.6109179126442243,0,0,0,1,0
6.333333333333333,0.6666666666666666,0,33,1,1,Major,77,76,60,71,-7,0,0,1,0,0,0,0,1,0,263,0,1,0,0,0,0,0,0,1.6094379124341003,4.276666119016055,0,0,0,0,1
4.666666666666667,0.6666666666666666,0,23,0,0,Major,92,28,69,44,-15,0,0,1,0,0,0,0,0,0,268,0,0,1,0,0,1,0,0,0.6931471805599453,4.23410650459726,0,0,0,0,1
10,0,0,29,0,0,Major,117,73,78,53,-9,0,1,1,0,1,1,0,0,0,198,0,1,0,0,0,0,0,0,1.3862943611198906,0.6931471805599453,0,1,0,0,0
4.666666666666667,0.6666666666666666,0,34,1,1,Minor,61,25,49,6,-14,0,0,0,1,1,1,0,0,0,254,0,0,0,0,0,0,0,0,1.0986122886681098,3.7376696182833684,0,0,0,1,0
4.333333333333333,2.6666666666666665,1,20.5,1,0,Minor,140,66,73,55,-3,0,1,0,0,0,0,0,0,0,250,1,0,0,0,0,0,1,1,1.3862943611198906,1.791759469228055,0,0,1,0,0
5.333333333333333,2.6666666666666665,0,23,0,0,Major,136,47,80,88,-11,0,0,1,0,0,0,0,0,0,129,0,0,0,0,0,0,0,0,1.0986122886681098,3.912023005428146,0,0,0,0,1
7.333333333333333,2.6666666666666665,0,30,1,1,Minor,104,72,62,49,-8,1,1,0,0,0,0,0,0,0,311,0,0,0,1,0,1,0,1,0.6931471805599453,0.6931471805599453,0,0,1,0,0
4,0,0,32,1,1,Major,90,68,49,62,-9,0,0,0,1,0,0,0,0,0,257,1,0,0,0,0,0,0,0,1.0986122886681098,3.4011973816621555,0,0,0,0,1
5,1.3333333333333333,0,23,0,0,Minor,94,72,54,90,-5,0,0,1,0,0,0,0,1,0,175,0,0,1,0,0,1,0,0,2.0794415416798357,3.5263605246161616,0,0,0,0,1
6,1.3333333333333333,0,23,1,0,Minor,130,76,70,70,-3,0,0,1,0,0,0,1,0,0,179,0,0,0,0,0,0,0,1,2.0794415416798357,0,0,0,0,0,1
7.666666666666667,0.6666666666666666,0,27.333333333333332,1,0,Major,106,57,81,70,-13,0,0,1,1,0,0,1,1,0,213,0,1,0,0,0,0,0,0,1.0986122886681098,2.8903717578961645,0,1,0,0,0
4.333333333333333,2,0,31,0,1,Major,104,46,31,32,-9,0,0,0,1,1,1,0,0,0,195,0,1,1,0,0,1,0,0,0.6931471805599453,3.7612001156935624,0,0,0,1,0
3.3333333333333335,1.3333333333333333,0,38,1,1,Minor,127,54,79,96,-13,0,0,1,1,0,0,0,0,0,219,0,1,0,0,0,0,0,0,1.0986122886681098,2.0794415416798357,0,0,0,0,1
7.666666666666667,1.3333333333333333,1,36,1,1,Major,120,50,86,88,-8,0,1,0,1,0,0,0,0,0,263,0,1,0,0,1,1,0,1,2.5649493574615367,0,0,1,0,0,0
7,1.3333333333333333,0,31,1,0,Major,141,68,75,54,-8,0,0,1,0,0,1,0,1,1,176,0,0,0,0,0,0,0,0,1.0986122886681098,2.3978952727983707,0,0,0,0,1
3.6666666666666665,1.3333333333333333,0,19,0,0,Multiple Keys,133,61,63,77,-11,0,0,1,1,0,0,0,0,0,137,0,1,1,0,0,1,0,0,1.0986122886681098,3.5263605246161616,0,0,0,0,1
6.666666666666667,1.3333333333333333,0,34,1,1,Major,126,79,57,77,-11,0,0,1,1,0,1,0,1,1,206,0,1,0,0,0,0,0,0,0.6931471805599453,4.04305126783455,0,0,0,0,1
5,1.3333333333333333,0,22,0,0,Major,135,56,38,14,-5,0,0,1,1,0,0,0,0,0,225,0,1,0,0,0,0,0,0,0.6931471805599453,2.4849066497880004,0,0,0,1,0
4.666666666666667,2,0,23,1,0,Major,92,34,38,69,-13,0,0,1,1,1,0,0,0,0,179,0,0,0,0,0,0,0,0,1.0986122886681098,4.406719247264253,0,0,0,1,0
5,1.3333333333333333,1,26,0,0,Multiple Keys,123,68,69,71,-12,0,1,0,1,0,1,1,0,0,255,0,1,1,0,0,1,1,0,0.6931471805599453,2.1972245773362196,1,0,0,0,0
3.3333333333333335,2,0,33,0,0,Major,124,63,67,86,-13,0,0,0,1,0,0,0,1,0,169,0,1,1,0,0,1,0,0,0.6931471805599453,1.6094379124341003,0,0,0,0,1
3.6666666666666665,2.6666666666666665,0,26,0,0,Major,123,58,78,93,-10,0,0,1,1,0,1,0,0,0,180,0,1,0,0,0,0,0,0,1.3862943611198906,2.772588722239781,0,0,0,1,0
6,2.6666666666666665,0,26,0,0,Major,118,67,55,90,-11,0,0,1,0,0,1,0,1,0,173,0,1,1,0,0,1,0,0,0.6931471805599453,3.4339872044851463,0,0,0,0,1
5.666666666666667,0.6666666666666666,0,47,0,1,Major,149,85,77,96,-7,0,0,1,0,0,1,0,0,1,234,0,1,1,0,0,1,0,0,0.6931471805599453,3.871201010907891,0,0,0,0,1
6.333333333333333,1.3333333333333333,0,37,1,1,Multiple Keys,156,91,58,71,-2,0,1,1,1,1,0,0,0,0,204,0,1,0,0,0,0,0,0,1.0986122886681098,3.4657359027997265,0,0,0,1,0
5.666666666666667,2,0,27,1,0,Major,139,54,51,14,-8,0,0,1,0,0,0,0,0,0,273,0,0,0,0,0,0,0,0,0.6931471805599453,0,0,0,0,0,1
1.6666666666666667,1.3333333333333333,1,13,0,0,Major,108,41,39,38,-11,0,0,1,0,1,1,0,0,0,149,0,1,1,0,0,1,0,0,1.3862943611198906,4.3694478524670215,0,0,0,1,0
3.3333333333333335,3.3333333333333335,0,23,1,1,Minor,116,76,98,70,-9,0,1,0,0,0,0,0,1,0,270,0,0,0,1,0,1,0,1,0.6931471805599453,1.9459101490553132,0,0,1,0,0
9.333333333333334,0.6666666666666666,1,45.5,1,1,Minor,105,79,89,58,-5,0,1,0,0,0,0,1,0,0,250,0,0,0,0,1,1,0,1,2.5649493574615367,1.0986122886681098,0,0,1,0,0
9.333333333333334,0.6666666666666666,0,22,0,0,Major,143,53,54,90,-11,0,0,1,0,1,0,0,0,0,155,0,1,0,0,0,0,0,0,1.3862943611198906,4.127134385045092,0,0,0,1,0
6.333333333333333,2,1,33,1,0,Major,95,61,85,65,-5,0,0,1,0,1,0,0,0,0,227,0,1,0,1,0,1,0,1,1.0986122886681098,1.9459101490553132,0,0,1,0,0
3.6666666666666665,1.3333333333333333,0,36,1,0,Major,103,53,67,80,-10,0,0,1,1,1,0,1,0,0,200,0,1,0,0,0,0,0,0,0.6931471805599453,3.4965075614664802,0,0,0,1,0
5.666666666666667,1.3333333333333333,1,31,1,0,Minor,128,76,72,62,-4,0,0,1,0,0,0,0,0,0,201,0,0,0,0,0,0,0,1,1.6094379124341003,0.6931471805599453,0,1,0,0,0
3.6666666666666665,0.6666666666666666,1,34,1,1,Minor,92,52,60,41,-7,0,0,0,0,1,0,0,1,0,257,0,0,0,0,0,0,0,1,1.0986122886681098,2.9444389791664403,1,0,0,0,0
6.333333333333333,0.6666666666666666,0,15,0,0,Major,125,44,64,90,-11,1,0,1,0,1,0,0,0,0,148,0,1,1,0,0,1,0,0,1.3862943611198906,4.290459441148391,0,0,0,1,0
8.333333333333334,0.6666666666666666,0,19.666666666666668,0,0,Major,125,35,59,79,-10,0,1,0,0,0,1,0,1,0,170,0,1,1,0,0,1,0,0,1.3862943611198906,4.30406509320417,0,0,0,1,0
6.666666666666667,2,0,18,0,0,Major,157,64,53,94,-7,0,0,1,1,0,1,0,0,1,154,0,0,1,0,0,1,0,0,1.3862943611198906,3.044522437723423,0,0,0,0,1
5,1.3333333333333333,0,29,1,0,Major,120,82,75,90,-9,0,0,0,1,0,0,1,0,0,272,0,0,0,0,0,0,0,0,0.6931471805599453,2.302585092994046,0,0,0,1,0
6.666666666666667,1.3333333333333333,0,18,0,0,Major,97,40,55,30,-9,0,0,1,0,1,1,0,0,0,166,0,0,0,0,0,0,0,0,1.791759469228055,3.6109179126442243,0,0,0,1,0
5.333333333333333,1.3333333333333333,0,22,1,0,Major,120,84,76,71,-3,0,0,0,0,0,0,0,0,0,299,0,0,0,0,0,0,1,0,2.302585092994046,2.3978952727983707,1,0,0,0,0
4.666666666666667,2.6666666666666665,0,37,1,1,Minor,115,95,86,67,-1,0,0,0,1,1,0,0,0,0,248,1,0,0,0,0,0,1,1,0.6931471805599453,3.9889840465642745,0,0,1,0,0
4,1.3333333333333333,0,28,1,0,Major,71,70,61,89,-7,0,0,1,0,0,0,0,0,0,128,0,0,0,0,0,0,0,0,1.0986122886681098,3.6635616461296463,0,0,0,0,1
4.333333333333333,2.6666666666666665,0,38,0,0,Major,89,42,49,33,-8,0,0,0,1,1,0,1,0,0,253,0,1,0,0,0,0,0,0,0.6931471805599453,4.204692619390966,0,0,0,1,0
6,0,0,16,0,0,Major,99,24,47,14,-16,0,0,1,0,0,0,0,0,0,213,0,0,1,0,0,1,0,0,1.0986122886681098,4.02535169073515,0,0,0,0,1
6.333333333333333,2,0,22,0,0,Major,122,51,80,80,-11,0,0,0,1,0,0,1,1,0,300,0,1,0,0,0,0,0,0,1.0986122886681098,4.248495242049359,0,0,0,1,0
5,1.3333333333333333,0,25,1,1,Multiple Keys,144,83,74,82,-12,0,1,0,1,1,1,1,0,0,181,0,1,0,0,0,0,0,0,0.6931471805599453,1.9459101490553132,0,1,0,0,0
6.666666666666667,2.6666666666666665,0,31,1,0,Major,138,62,49,42,-7,0,0,0,0,1,0,1,0,0,242,0,0,0,0,0,0,0,0,0.6931471805599453,2.3978952727983707,0,0,0,1,0
8,0,0,22.5,1,1,Multiple Keys,144,62,39,51,-8,1,0,1,0,0,0,1,1,0,134,0,1,0,0,0,0,0,0,1.0986122886681098,3.6109179126442243,0,0,0,0,1
6.666666666666667,2.6666666666666665,0,21,1,0,Major,100,38,61,52,-10,0,0,1,0,0,1,0,0,0,233,0,0,0,0,0,0,0,0,1.0986122886681098,4.442651256490317,0,0,0,1,0
2.3333333333333335,0.6666666666666666,0,18,0,0,Major,144,58,57,88,-12,0,1,1,0,1,1,0,1,1,170,0,1,1,0,0,1,0,0,0.6931471805599453,2.4849066497880004,0,0,0,1,0
5.333333333333333,1.3333333333333333,0,19,1,0,Minor,97,53,58,58,-8,0,0,1,0,0,0,0,0,0,198,0,1,0,0,0,0,0,0,1.0986122886681098,2.5649493574615367,0,0,0,1,0
8,1.3333333333333333,0,25,0,0,Major,101,65,41,56,-11,0,0,1,0,0,1,0,0,0,159,0,1,1,0,0,1,0,0,1.0986122886681098,4.219507705176107,0,0,0,0,1
5,2,1,30,1,0,Minor,107,67,85,62,-7,0,0,1,1,0,1,0,0,0,245,0,0,0,1,1,1,0,1,0.6931471805599453,1.9459101490553132,0,0,1,0,0
6,1.3333333333333333,0,21,1,1,Major,125,57,85,79,-8,0,0,0,1,0,0,0,0,0,205,0,0,0,0,0,0,0,0,0.6931471805599453,4.0943445622221,1,0,0,0,0
5.333333333333333,0.6666666666666666,0,22,1,0,Multiple Keys,102,58,72,48,-11,0,0,1,1,0,0,0,0,0,247,0,1,0,0,0,0,0,0,0.6931471805599453,2.70805020110221,0,0,0,1,0
5,2.6666666666666665,0,31,0,0,Major,101,88,62,78,-9,0,0,1,0,1,0,0,1,0,167,0,0,0,0,0,0,0,0,0.6931471805599453,4.127134385045092,0,0,0,0,0
5.333333333333333,2.6666666666666665,0,20,0,0,Major,134,45,53,13,-9,0,0,0,1,1,0,0,0,0,300,0,1,0,0,0,0,0,0,0.6931471805599453,0,0,0,0,1,0
5.333333333333333,2,0,29,1,0,Major,169,29,25,34,-10,0,0,1,1,1,1,1,0,0,161,0,0,0,0,0,0,0,0,0.6931471805599453,4.418840607796598,0,0,0,1,0
6.666666666666667,0.6666666666666666,0,30,0,0,Major,115,67,73,91,-6,0,0,1,1,0,0,0,0,0,145,0,1,1,0,0,1,0,0,1.0986122886681098,4.189654742026425,0,0,0,0,1
6.666666666666667,2.6666666666666665,1,33,1,1,Major,125,34,74,82,-16,0,1,0,1,1,1,0,0,1,352,0,0,0,0,0,0,0,0,1.791759469228055,2.9444389791664403,0,0,0,1,0
5.666666666666667,2,0,24,0,1,Major,103,92,74,63,-10,0,1,0,0,0,1,0,0,0,273,0,0,0,0,0,0,0,0,0.6931471805599453,2.3978952727983707,0,1,0,0,0
10,0,1,31,1,1,Minor,104,83,70,94,-7,0,1,0,0,1,1,1,0,0,283,0,1,0,0,0,0,0,0,1.6094379124341003,1.3862943611198906,0,1,0,0,0
6.333333333333333,2,0,39,1,0,Major,131,72,69,96,-8,0,0,1,0,0,0,0,1,0,191,0,1,0,0,0,0,0,0,1.0986122886681098,2.5649493574615367,0,0,0,1,0
3.6666666666666665,4,0,32,1,0,Minor,100,82,70,46,-7,0,1,0,1,0,0,0,0,0,296,0,1,0,1,0,1,1,1,1.0986122886681098,0,1,0,0,0,0
5.333333333333333,2,0,22,0,0,Major,109,48,32,66,-10,0,0,1,0,0,1,0,0,0,152,0,0,0,0,0,0,0,0,1.0986122886681098,4.276666119016055,0,0,0,0,0
6.666666666666667,2,0,30,1,0,Major,79,36,53,40,-7,0,0,1,1,1,0,1,0,0,238,0,1,0,0,0,0,0,0,0.6931471805599453,3.970291913552122,0,0,0,1,0
6.333333333333333,2,0,23,1,0,Major,124,50,82,65,-5,0,1,1,0,0,0,1,0,0,247,0,1,0,0,0,0,0,1,1.9459101490553132,1.0986122886681098,0,1,0,0,0
8.333333333333334,2.6666666666666665,0,23,0,0,Multiple Keys,83,53,55,46,-12,0,1,0,1,0,1,0,0,0,184,0,0,1,0,0,1,0,0,2.302585092994046,4.343805421853684,0,0,0,0,0
6,1.3333333333333333,0,32,1,1,Major,166,44,50,35,-13,0,0,1,0,1,1,1,0,0,296,0,1,0,0,0,0,0,0,1.3862943611198906,3.8066624897703196,0,1,0,0,0
6.666666666666667,2,0,26,1,0,Major,93,57,45,58,-8,0,0,0,1,0,0,0,0,0,197,0,0,0,0,0,0,0,0,1.0986122886681098,3.258096538021482,0,1,0,0,0
7,0,0,29,0,0,Multiple Keys,131,67,58,45,-12,1,0,0,1,1,1,0,0,0,235,0,1,1,0,0,1,0,0,1.3862943611198906,2.1972245773362196,0,1,0,0,0
5.333333333333333,2,0,33.5,1,1,Major,121,74,81,96,-9,0,0,1,1,0,0,1,0,0,232,0,1,0,0,0,0,0,0,1.3862943611198906,3.784189633918261,0,0,0,1,0
6,1.3333333333333333,0,29,1,1,Major,151,8,39,18,-21,0,0,0,1,1,0,0,0,0,217,0,0,0,0,0,0,0,0,1.0986122886681098,4.477336814478207,0,0,0,1,0
3.3333333333333335,0.6666666666666666,0,27,1,1,Multiple Keys,126,38,64,12,-11,0,0,0,1,1,0,0,0,0,255,0,0,0,0,0,0,0,0,1.0986122886681098,3.295836866004329,0,0,0,1,0
6.333333333333333,3.3333333333333335,0,33,1,1,Major,156,48,41,19,-11,0,0,1,1,0,0,0,0,0,295,0,0,0,0,0,0,0,0,1.3862943611198906,2.833213344056216,0,0,0,0,1
5.666666666666667,0.6666666666666666,0,31,1,0,Major,113,51,81,86,-6,0,0,1,0,0,0,0,1,0,265,0,0,0,0,0,0,0,0,0.6931471805599453,2.1972245773362196,0,0,0,0,1
6.666666666666667,2,0,21,1,0,Major,106,75,81,80,-8,0,0,0,1,0,1,1,0,0,211,0,1,0,1,0,1,1,0,0.6931471805599453,1.3862943611198906,0,0,0,1,0
4.333333333333333,2,0,41,1,0,Major,145,58,52,31,-8,0,0,1,1,1,0,0,0,0,288,0,1,0,0,0,0,0,0,1.0986122886681098,2.1972245773362196,0,0,0,1,0
7,1.3333333333333333,0,25,0,0,Major,107,54,68,83,-12,0,0,0,0,1,1,0,0,0,194,0,1,1,0,0,1,0,0,0.6931471805599453,2.70805020110221,0,1,0,0,0
9.666666666666666,0.6666666666666666,0,30,1,1,Major,111,84,62,26,-5,1,0,1,1,0,0,0,0,0,340,0,1,0,0,0,0,0,0,1.3862943611198906,3.295836866004329,0,1,0,0,0
9.666666666666666,0.6666666666666666,0,30,1,1,Major,111,84,62,26,-5,1,0,1,1,0,0,0,0,0,340,0,1,0,0,0,0,0,0,1.3862943611198906,3.295836866004329,0,0,0,1,0
3,2,1,25,1,1,Major,80,48,69,28,-8,0,0,0,1,0,0,0,0,0,229,0,0,0,0,0,0,0,0,2.5649493574615367,3.6375861597263857,0,0,1,0,0
7.333333333333333,1.3333333333333333,0,29,0,1,Major,100,81,81,27,-5,0,0,0,1,0,0,0,1,0,318,0,0,0,0,0,0,0,0,1.0986122886681098,3.970291913552122,0,1,0,0,0
7,1.3333333333333333,0,29,1,0,Major,170,68,57,82,-7,0,0,1,1,0,0,0,0,0,142,0,1,0,0,0,0,0,1,1.0986122886681098,3.8501476017100584,0,0,0,1,0
8.333333333333334,0.6666666666666666,0,22,0,0,Major,120,47,46,64,-10,0,0,1,0,0,0,0,0,0,149,0,1,1,0,0,1,0,0,0.6931471805599453,3.9512437185814275,0,0,0,0,1
6.333333333333333,0.6666666666666666,0,19,0,0,Major,97,65,65,87,-7,0,0,1,1,0,0,1,0,0,212,0,1,0,0,0,0,0,0,1.6094379124341003,2.8903717578961645,0,1,0,0,0
4.666666666666667,1.3333333333333333,0,24,1,1,Major,145,21,35,18,-15,0,0,1,1,0,0,0,0,0,316,0,1,0,0,0,0,0,0,0.6931471805599453,4.204692619390966,0,0,0,1,0
7.666666666666667,2.6666666666666665,0,24,1,1,Minor,101,63,75,82,-10,0,0,0,1,0,1,0,0,0,203,0,1,0,0,0,0,0,0,0.6931471805599453,3.4011973816621555,0,1,0,0,0
2,1.3333333333333333,0,46,0,0,Major,122,55,69,49,-8,0,0,1,0,0,0,0,0,0,256,0,1,1,0,0,1,1,1,1.0986122886681098,4.356708826689592,0,0,0,1,0
6,1.3333333333333333,0,24,1,0,Minor,124,55,65,49,-10,0,0,0,1,0,0,0,0,0,233,0,1,0,0,0,0,0,0,1.9459101490553132,2.4849066497880004,0,0,0,1,0
7.666666666666667,0.6666666666666666,0,20,1,1,Minor,96,61,65,48,-8,0,0,0,1,1,0,0,0,0,195,1,0,0,0,0,0,0,0,1.9459101490553132,3.295836866004329,0,1,0,0,0
1.3333333333333333,0.6666666666666666,0,21,0,0,Major,85,46,84,95,-10,0,0,0,1,0,1,0,0,1,118,0,0,1,0,0,1,0,0,0.6931471805599453,4.276666119016055,0,0,0,0,0
7,2,1,30,0,0,Minor,118,65,57,95,-11,0,1,0,1,0,1,0,0,0,236,0,1,1,0,0,1,0,0,0.6931471805599453,4.02535169073515,0,1,0,0,0
8.333333333333334,0.6666666666666666,0,20,0,0,Major,135,48,55,83,-11,0,0,1,1,0,1,0,1,0,153,0,1,0,0,0,0,0,0,1.0986122886681098,4.330733340286331,0,0,0,1,0
9.333333333333334,0.6666666666666666,0,23,1,0,Major,90,83,56,91,-7,0,0,1,0,0,0,0,0,0,139,0,1,0,0,1,1,0,0,1.3862943611198906,2.302585092994046,0,0,0,0,1
8.333333333333334,1.3333333333333333,0,31,1,1,Major,125,60,48,67,-9,0,0,1,0,1,1,0,1,0,309,0,0,0,0,0,0,0,0,0.6931471805599453,2.1972245773362196,0,0,0,0,1
8,0,0,19,1,1,Major,123,9,60,67,-18,1,0,1,0,0,0,0,0,0,145,0,1,0,0,0,0,0,0,1.6094379124341003,4.543294782270004,0,0,0,1,0
4,1.3333333333333333,0,27,1,1,Major,128,80,57,21,-8,0,0,1,0,0,1,0,0,0,281,0,0,0,0,0,0,0,0,0.6931471805599453,1.0986122886681098,0,0,0,1,0
6.333333333333333,2,1,23,1,0,Minor,97,71,84,84,-6,0,0,1,0,1,0,0,0,0,245,1,0,0,0,0,0,0,1,1.0986122886681098,3.091042453358316,0,0,1,0,0
6,1.3333333333333333,1,22.666666666666668,1,0,Minor,127,67,93,17,-5,0,1,0,0,0,0,0,0,0,343,0,1,0,0,0,0,0,1,1.3862943611198906,1.9459101490553132,0,0,1,0,0
5,2,0,29,1,0,Multiple Keys,156,60,64,55,-10,0,0,1,1,0,0,1,0,0,214,0,1,0,0,0,0,0,0,1.3862943611198906,2.0794415416798357,0,0,0,0,1
6,2.6666666666666665,0,25,1,1,Major,109,91,57,84,-8,0,0,1,0,0,0,0,0,0,254,0,1,0,0,0,0,0,0,0.6931471805599453,2.0794415416798357,0,0,0,0,1
6.666666666666667,2,0,24,1,1,Multiple Keys,120,38,50,18,-9,0,0,0,1,1,0,0,0,0,257,0,0,0,0,0,0,0,0,1.6094379124341003,4.31748811353631,0,0,0,1,0
5.333333333333333,3.3333333333333335,1,21,1,0,Major,144,51,68,53,-7,0,0,0,1,0,0,0,0,0,223,0,1,0,0,0,0,0,1,2.1972245773362196,2.302585092994046,0,0,1,0,0
7,2,0,35,0,0,Minor,95,54,41,45,-13,0,0,1,1,1,1,0,0,0,170,0,0,0,0,0,0,0,0,0.6931471805599453,3.713572066704308,0,0,0,0,1
7,0,0,25,1,0,Minor,113,56,59,14,-7,0,0,0,0,0,0,0,0,0,242,0,0,0,1,0,1,0,1,1.9459101490553132,2.0794415416798357,1,0,0,0,0
7,2,0,25,1,0,Major,71,62,36,79,-8,0,0,1,0,0,1,0,0,0,145,1,1,1,0,0,1,0,0,1.6094379124341003,4.31748811353631,0,0,0,0,1
9.666666666666666,0.6666666666666666,1,27.75,0,0,Minor,121,41,82,90,-14,0,1,1,0,1,1,1,1,0,419,0,1,1,0,0,1,0,0,0.6931471805599453,3.828641396489095,0,1,0,0,0
6.333333333333333,2,0,35,1,1,Minor,174,82,69,95,-7,0,0,0,1,0,0,0,0,0,222,0,1,0,0,0,0,0,0,0.6931471805599453,2.8903717578961645,0,0,0,1,0
6.333333333333333,1.3333333333333333,0,37,0,1,Major,94,26,68,69,-22,0,1,1,1,0,0,0,0,0,175,0,1,0,0,0,0,0,1,0.6931471805599453,4.430816798843313,0,1,0,0,0
6.333333333333333,0.6666666666666666,0,21,1,0,Major,90,70,67,71,-6,0,1,0,1,0,0,1,0,0,227,1,1,0,1,0,1,0,1,2.3978952727983707,3.58351893845611,0,1,0,0,0
4.333333333333333,2,0,35,1,0,Major,140,79,60,52,-4,0,0,0,1,0,0,1,0,0,233,0,0,0,0,0,0,0,0,1.791759469228055,3.828641396489095,0,0,0,1,0
4.333333333333333,1.3333333333333333,0,27,0,0,Minor,103,46,65,90,-13,0,0,1,0,1,1,0,0,0,167,0,1,0,0,0,0,0,0,1.0986122886681098,3.9318256327243257,0,0,0,1,0
8,1.3333333333333333,0,36,0,1,Major,122,38,48,33,-10,0,0,0,1,0,0,0,0,0,286,0,0,1,0,0,1,0,0,1.791759469228055,4.30406509320417,0,0,0,1,0
5.333333333333333,0.6666666666666666,0,31,1,0,Multiple Keys,171,68,39,71,-9,0,0,1,0,1,1,0,0,0,205,0,1,0,0,0,0,0,0,0.6931471805599453,3.7376696182833684,0,0,0,1,0
4.333333333333333,0.6666666666666666,0,29,0,0,Major,96,23,53,19,-16,0,1,0,1,1,0,0,0,0,218,0,0,0,0,0,0,0,0,1.791759469228055,4.174387269895637,0,0,0,1,0
9,1.3333333333333333,0,28,0,0,Minor,109,67,59,74,-12,0,0,1,0,0,1,0,1,0,200,0,1,1,0,0,1,0,0,1.3862943611198906,2.302585092994046,0,1,0,0,0
7.666666666666667,1.3333333333333333,1,36,0,0,Major,80,52,64,82,-11,0,0,1,0,1,0,0,1,0,294,0,1,0,0,0,0,0,1,0.6931471805599453,3.6888794541139363,0,1,0,0,0
7,1.3333333333333333,0,22,1,1,Major,140,75,54,82,-6,1,0,1,1,0,1,1,0,0,167,0,1,0,0,0,0,0,0,1.0986122886681098,3.4657359027997265,0,0,0,0,1
6.666666666666667,0.6666666666666666,0,29,1,0,Major,150,38,47,18,-13,0,0,1,1,1,0,0,0,0,256,0,0,0,0,0,0,0,0,0.6931471805599453,3.6109179126442243,0,0,0,0,1
8.333333333333334,0.6666666666666666,1,22,1,0,Major,124,71,49,69,-10,1,1,1,0,0,0,0,0,0,96,0,1,0,0,0,0,0,0,0.6931471805599453,4.430816798843313,0,0,0,0,1
7.333333333333333,2.6666666666666665,0,31,1,1,Major,134,56,85,86,-5,0,1,0,1,0,0,1,0,0,206,0,0,0,0,0,0,0,1,0.6931471805599453,0.6931471805599453,0,1,0,0,0
7.333333333333333,0.6666666666666666,0,24,1,0,Major,160,79,65,94,-5,0,0,0,0,0,1,0,1,1,209,0,0,0,0,0,0,1,0,1.6094379124341003,1.9459101490553132,0,0,0,1,0
8.333333333333334,2,0,29,1,1,Minor,120,69,50,69,-12,0,0,1,1,1,1,0,0,0,197,0,0,0,0,0,0,0,1,1.0986122886681098,1.6094379124341003,0,1,0,0,0
8,1.3333333333333333,0,29,0,0,Major,104,66,61,94,-13,0,0,1,1,0,0,0,0,0,199,0,1,0,0,0,0,0,0,1.0986122886681098,3.367295829986474,0,1,0,0,0
8.666666666666666,1.3333333333333333,1,32,1,1,Minor,92,55,91,63,-5,0,1,0,0,0,0,0,0,0,269,0,1,0,0,0,0,0,1,1.3862943611198906,2.8903717578961645,0,0,1,0,0
6,2,0,21.333333333333332,1,0,Major,97,48,73,46,-11,0,0,0,1,1,0,0,0,0,231,0,0,0,0,0,0,0,0,1.0986122886681098,4.007333185232471,0,0,0,1,0
5,2.6666666666666665,0,49,0,0,Multiple Keys,111,52,56,65,-13,0,0,1,0,0,1,0,0,0,214,1,0,0,0,0,0,1,0,0.6931471805599453,4.465908118654584,0,0,0,0,0
5.333333333333333,0.6666666666666666,0,41,0,1,Major,95,81,70,85,-9,0,0,1,0,0,1,0,0,0,180,0,1,1,0,0,1,0,0,0.6931471805599453,2.3978952727983707,0,0,0,1,0
7,2.6666666666666665,0,26,1,0,Major,126,81,65,72,-4,0,0,1,0,0,1,0,0,1,230,0,0,0,0,0,0,0,1,1.0986122886681098,0,0,0,0,1,0
10,0,0,26,1,1,Major,104,37,77,54,-11,0,0,1,1,0,1,0,0,0,164,0,1,0,0,0,0,0,0,1.6094379124341003,4.23410650459726,0,1,0,0,0
5.333333333333333,2.6666666666666665,0,26,0,0,Minor,139,70,72,24,-5,0,1,0,0,0,0,0,0,0,224,0,0,0,0,0,0,0,0,0.6931471805599453,2.0794415416798357,1,0,0,0,0
4.333333333333333,2.6666666666666665,1,23.5,1,0,Minor,160,52,59,13,-6,0,0,0,0,0,0,0,0,0,218,0,0,0,0,0,0,0,1,2.1972245773362196,2.5649493574615367,0,0,1,0,0
8.666666666666666,0.6666666666666666,0,28,1,1,Major,109,61,82,80,-14,0,0,1,1,0,0,1,0,0,185,0,1,0,0,0,0,0,0,1.3862943611198906,4.219507705176107,0,1,0,0,0
2.3333333333333335,2,0,32,0,1,Major,115,42,33,7,-8,0,0,0,1,0,0,0,0,0,246,0,1,0,0,0,0,0,0,1.6094379124341003,4.276666119016055,0,0,0,1,0
7.666666666666667,0.6666666666666666,0,25,0,0,Major,66,9,35,19,-18,1,0,1,0,0,0,0,0,0,187,0,0,1,0,0,1,1,0,1.9459101490553132,4.532599493153256,0,0,0,1,0
7.666666666666667,0.6666666666666666,0,25,0,0,Major,66,9,35,19,-18,1,0,1,0,0,0,0,0,0,187,0,0,1,0,0,1,1,0,1.9459101490553132,4.532599493153256,0,0,0,0,0
7,0,1,30,0,0,Major,107,58,60,88,-10,0,0,1,1,1,1,0,0,0,203,0,1,0,0,0,0,0,0,0.6931471805599453,3.295836866004329,0,1,0,0,0
3,2,1,19,0,0,Major,94,35,51,59,-9,0,0,1,0,1,0,0,0,0,158,0,0,0,0,0,0,0,0,0.6931471805599453,4.343805421853684,0,0,0,1,0
9,1.3333333333333333,0,26,1,1,Minor,106,71,85,95,-9,0,0,1,1,0,1,0,1,0,271,0,1,0,0,0,0,0,0,0.6931471805599453,2.70805020110221,0,1,0,0,0
6.666666666666667,2,1,27.333333333333332,1,0,Minor,136,73,82,65,-4,0,0,0,1,0,1,0,1,0,253,0,1,0,0,1,1,0,1,0.6931471805599453,2.3978952727983707,0,0,1,0,0
6.666666666666667,0.6666666666666666,0,47,1,0,Major,116,57,68,94,-12,0,0,1,0,0,1,0,0,1,217,0,1,0,0,0,0,0,0,0.6931471805599453,0.6931471805599453,0,0,0,1,0
8.333333333333334,2,0,26,1,0,Major,147,61,39,53,-8,0,0,0,1,1,1,0,1,0,426,0,1,0,0,0,0,0,0,2.302585092994046,0.6931471805599453,0,0,0,1,0
7.333333333333333,1.3333333333333333,0,31,1,0,Major,77,45,75,36,-9,0,0,0,0,0,0,0,0,0,198,0,1,0,0,0,0,0,1,2.4849066497880004,1.3862943611198906,0,0,1,0,0
10,0,0,29,1,1,Major,120,49,83,79,-10,0,0,1,1,0,0,0,0,0,245,0,0,0,0,0,0,0,0,0.6931471805599453,1.9459101490553132,0,0,0,0,1
1.6666666666666667,1.3333333333333333,0,25,1,0,Major,84,33,71,71,-12,0,1,1,0,0,1,0,0,0,166,0,0,0,0,0,0,0,0,1.791759469228055,4.3694478524670215,0,0,0,0,0
5.666666666666667,5.333333333333333,1,39,1,0,Major,125,54,85,45,-7,0,0,1,1,0,0,0,1,0,235,0,0,0,0,0,0,0,1,2.0794415416798357,4.060443010546419,0,0,0,1,0
8,1.3333333333333333,0,25,1,1,Minor,109,73,79,90,-10,0,1,1,0,0,1,0,1,0,191,0,1,0,0,0,0,0,0,1.3862943611198906,2.0794415416798357,0,1,0,0,0
9.333333333333334,1.3333333333333333,0,24,0,0,Minor,105,96,57,65,-1,0,0,1,1,1,0,0,0,0,183,0,1,0,0,0,0,0,0,1.0986122886681098,2.5649493574615367,0,1,0,0,0
8,1.3333333333333333,0,27,1,1,Major,123,70,72,78,-8,0,0,1,1,0,0,1,0,0,208,0,1,0,0,0,0,0,0,0.6931471805599453,3.1780538303479458,0,0,0,1,0
4,2,1,29.666666666666668,1,1,Minor,111,71,98,82,-4,0,0,0,0,0,0,0,0,0,236,0,0,0,0,0,0,0,1,1.0986122886681098,2.8903717578961645,0,0,1,0,0
4.333333333333333,2.6666666666666665,1,36.5,1,0,Major,67,12,16,24,-18,0,0,0,1,1,0,0,0,0,195,0,0,0,0,0,0,0,0,1.0986122886681098,4.48863636973214,0,0,0,1,0
7,1.3333333333333333,0,28,1,0,Major,107,43,65,65,-10,0,0,1,0,0,0,0,0,0,305,0,1,0,0,0,0,0,0,0.6931471805599453,3.6635616461296463,0,0,0,0,1
9,0,0,19,0,0,Major,137,38,49,47,-11,1,0,1,0,1,0,0,0,0,162,0,1,0,0,0,0,0,0,1.0986122886681098,3.8066624897703196,0,0,0,1,0
6.666666666666667,1.3333333333333333,1,29,1,0,Major,89,62,66,57,-6,0,0,1,0,0,0,0,0,0,240,0,1,0,0,0,0,0,1,1.3862943611198906,0,0,0,0,1,0
4,1.3333333333333333,0,32,1,0,Major,102,67,60,59,-10,0,0,1,0,1,1,0,0,0,195,1,1,0,0,1,1,0,0,1.0986122886681098,1.6094379124341003,0,1,0,0,0
9.333333333333334,0.6666666666666666,0,27,1,0,Major,110,54,55,12,-7,0,0,1,0,0,0,1,0,0,354,0,1,0,0,0,0,0,0,1.3862943611198906,0,0,0,0,0,1
7.333333333333333,0.6666666666666666,0,21,0,0,Major,123,53,71,48,-9,1,0,1,1,0,1,0,0,0,174,0,1,0,0,0,0,0,0,0.6931471805599453,2.70805020110221,0,0,0,1,0
2.6666666666666665,0.6666666666666666,0,29,1,1,Minor,104,65,62,83,-14,0,0,0,1,0,1,0,0,0,239,0,1,0,0,0,0,0,0,0.6931471805599453,3.091042453358316,1,0,0,0,0
5.333333333333333,2.6666666666666665,0,32,1,1,Major,141,66,78,88,-10,0,1,1,0,0,0,0,0,0,231,0,1,0,0,0,0,0,0,1.3862943611198906,3.5263605246161616,0,0,0,0,1
8.333333333333334,0.6666666666666666,0,34,0,1,Major,117,38,49,71,-11,0,0,1,1,1,1,0,0,0,261,0,1,1,0,0,1,0,0,0.6931471805599453,1.6094379124341003,0,0,0,1,0
7.666666666666667,0.6666666666666666,1,32,0,0,Major,131,72,43,19,-6,0,0,0,1,0,0,0,0,0,267,0,1,0,0,0,0,0,0,1.6094379124341003,2.70805020110221,0,0,0,0,1
7,2,0,22,1,0,Major,86,68,63,75,-6,0,0,1,0,0,0,0,0,0,191,0,0,0,0,0,0,1,0,1.3862943611198906,0.6931471805599453,0,0,0,1,0
4.333333333333333,2.6666666666666665,0,31,1,1,Major,131,44,53,29,-7,0,0,1,1,1,0,0,0,0,250,0,0,0,0,0,0,0,0,2.0794415416798357,3.044522437723423,0,0,0,0,1
6.333333333333333,2,1,22,1,1,Major,148,81,53,96,-13,1,0,1,0,0,0,1,0,0,147,0,1,0,0,0,0,0,0,1.0986122886681098,3.9318256327243257,0,0,0,0,1
6.333333333333333,1.3333333333333333,0,28,1,1,Minor,122,91,81,97,-9,0,1,1,0,1,0,0,0,0,269,0,1,0,0,0,0,0,0,1.0986122886681098,3.4657359027997265,1,0,0,0,0
6,2,1,32,1,0,Major,102,74,65,62,-6,0,0,1,0,0,0,0,0,0,241,0,0,0,0,0,0,0,0,0.6931471805599453,2.302585092994046,0,0,0,0,1
6.333333333333333,1.3333333333333333,0,32,1,0,Major,82,36,55,47,-14,0,1,0,1,0,0,0,0,0,250,0,1,0,0,0,0,0,0,0.6931471805599453,3.7376696182833684,0,0,0,1,0
2.6666666666666665,2.6666666666666665,0,39,1,1,Major,153,37,61,78,-12,0,0,1,0,0,1,0,0,0,141,0,1,0,0,0,0,0,0,1.6094379124341003,4.276666119016055,0,0,0,1,0
6.666666666666667,1.3333333333333333,0,18,0,0,Major,115,52,76,94,-12,0,1,1,0,0,1,0,0,0,182,0,0,1,0,0,1,0,0,0.6931471805599453,2.8903717578961645,0,0,0,0,1
5.666666666666667,2,0,18,0,0,Major,82,43,49,66,-12,0,0,1,1,1,0,0,0,0,150,1,1,0,0,0,0,0,0,1.3862943611198906,4.2626798770413155,0,0,0,0,1
4.333333333333333,2.6666666666666665,1,35.5,1,0,Major,81,46,64,81,-15,0,0,1,1,0,0,0,1,0,220,0,1,0,0,0,0,0,0,2.0794415416798357,2.772588722239781,0,0,0,1,0
4.666666666666667,0.6666666666666666,0,25,0,0,Minor,171,67,48,70,-11,0,0,0,1,0,0,0,0,0,158,0,1,0,0,0,0,0,0,1.0986122886681098,3.044522437723423,0,0,0,1,0
4.666666666666667,2.6666666666666665,0,33.5,0,1,Major,130,78,63,93,-4,0,0,0,1,0,0,0,1,0,205,0,1,1,0,0,1,0,0,1.6094379124341003,3.6375861597263857,0,0,0,1,0
5.666666666666667,3.3333333333333335,0,26,1,0,Multiple Keys,104,41,79,82,-11,0,1,1,0,1,0,0,0,0,172,0,1,0,0,0,0,0,0,1.6094379124341003,0.6931471805599453,0,0,0,1,0
8.666666666666666,1.3333333333333333,0,26,1,0,Major,114,97,37,40,-5,0,0,1,0,0,1,0,0,0,183,0,0,0,0,0,0,0,1,1.6094379124341003,0,0,0,0,0,1
8,2,1,52,1,0,Minor,98,60,78,68,-6,0,0,1,0,0,0,0,0,0,261,1,1,0,0,1,1,1,0,2.3978952727983707,1.6094379124341003,0,1,0,0,0
6,1.3333333333333333,0,31.5,1,0,Major,81,65,52,72,-7,0,0,0,1,0,0,0,0,0,258,0,1,0,0,0,0,0,0,1.0986122886681098,3.5553480614894135,0,0,0,1,0
4,1.3333333333333333,0,26,1,0,Minor,119,97,56,81,-4,0,0,1,0,0,0,0,0,0,238,0,1,0,0,0,0,0,0,1.0986122886681098,1.791759469228055,0,0,0,0,1
7,1.3333333333333333,0,40,1,1,Major,117,87,75,96,-7,0,0,0,1,0,1,0,0,0,279,0,1,0,0,1,1,0,0,1.6094379124341003,2.0794415416798357,0,1,0,0,0
7,1.3333333333333333,0,40,1,1,Major,117,87,75,96,-7,0,0,0,1,0,1,0,0,0,279,0,1,0,0,1,1,0,0,1.6094379124341003,2.0794415416798357,0,0,0,0,1
10,0,0,29,0,0,Minor,117,35,72,64,-11,0,0,1,1,1,0,1,0,0,196,0,1,1,0,0,1,0,0,2.0794415416798357,3.044522437723423,0,1,0,0,0
10,0,0,24,0,0,Major,105,42,58,67,-11,0,1,1,0,1,1,0,1,0,165,0,1,0,0,0,0,0,0,0.6931471805599453,4.1588830833596715,0,0,0,1,0
9,1.3333333333333333,0,21,1,1,Major,86,59,41,65,-12,0,0,1,0,0,0,0,0,0,203,0,1,0,0,0,0,0,0,1.0986122886681098,3.258096538021482,0,0,0,0,1
6,1.3333333333333333,0,36,1,1,Minor,104,39,69,72,-16,0,0,1,0,0,0,0,0,0,198,0,1,0,0,0,0,0,0,1.6094379124341003,2.1972245773362196,0,0,0,0,1
6,1.3333333333333333,0,36,1,1,Minor,104,39,69,72,-16,0,0,1,0,0,0,0,0,0,198,0,1,0,0,0,0,0,0,1.6094379124341003,2.1972245773362196,0,1,0,0,0
4,2,0,25,0,0,Major,96,61,48,58,-13,0,1,0,1,0,0,1,0,0,242,0,1,0,0,0,0,0,0,0.6931471805599453,2.995732273553991,0,0,0,1,0
4.666666666666667,2.6666666666666665,1,41.666666666666664,1,1,Major,75,44,51,14,-11,0,0,1,0,0,0,0,0,0,283,0,0,0,0,0,0,0,0,1.3862943611198906,2.5649493574615367,0,0,0,0,1
6.333333333333333,0.6666666666666666,0,26,1,0,Minor,86,51,67,57,-10,0,1,1,1,1,1,0,0,0,266,0,1,0,0,0,0,0,0,0.6931471805599453,3.871201010907891,0,1,0,0,0
4.333333333333333,1.3333333333333333,0,28,1,0,Minor,95,83,52,53,-7,0,0,1,0,0,0,0,0,0,256,0,1,0,0,0,0,0,0,0.6931471805599453,1.6094379124341003,0,0,0,0,1
4.666666666666667,0.6666666666666666,0,27,0,0,Major,121,35,63,87,-17,0,1,1,0,0,0,0,0,0,144,0,1,0,0,0,0,0,0,1.0986122886681098,4.394449154672439,0,0,0,0,1
6.666666666666667,2,0,30,1,0,Major,146,31,30,46,-11,0,0,1,0,1,1,0,0,0,181,0,1,0,0,0,0,0,0,1.0986122886681098,4.477336814478207,0,0,0,0,0
8.333333333333334,2,0,26,1,1,Major,102,73,67,81,-8,0,0,1,0,1,0,1,0,0,243,0,1,0,1,0,1,0,0,2.1972245773362196,2.70805020110221,0,1,0,0,0
7.666666666666667,2,0,31,0,0,Major,79,28,31,38,-14,0,0,1,1,1,0,0,0,0,157,0,0,1,0,0,1,0,0,1.791759469228055,4.406719247264253,0,0,0,1,0
3.6666666666666665,3.3333333333333335,0,36,1,0,Multiple Keys,80,46,56,26,-8,0,0,0,1,1,0,0,0,0,292,0,0,0,0,0,0,0,0,0.6931471805599453,4.330733340286331,0,1,0,0,0
5.333333333333333,0.6666666666666666,0,24,1,0,Multiple Keys,123,89,53,80,-4,0,1,1,1,0,0,0,0,0,249,0,1,0,0,0,0,1,0,1.6094379124341003,2.1972245773362196,0,0,0,0,1
6,0,0,28,1,0,Major,117,87,87,81,-6,1,0,0,0,0,0,0,0,0,223,0,1,0,0,0,0,0,0,0.6931471805599453,1.791759469228055,0,0,0,1,0
6.666666666666667,4.666666666666667,0,27,1,1,Major,111,27,90,74,-12,0,0,1,0,0,0,1,0,0,226,0,1,0,0,0,0,0,0,1.0986122886681098,0.6931471805599453,0,1,0,0,0
4,0,1,33,1,0,Minor,110,85,78,62,-4,0,0,1,0,0,0,0,0,0,250,0,0,0,0,0,0,0,1,1.6094379124341003,1.791759469228055,0,0,1,0,0
3.6666666666666665,0.6666666666666666,1,30,1,1,Major,122,90,67,63,-5,0,0,0,0,0,0,0,0,0,186,1,0,0,0,0,0,0,0,0.6931471805599453,0,1,0,0,0,0
7.666666666666667,1.3333333333333333,0,19,0,0,Major,142,82,75,82,-7,0,1,0,0,1,0,1,0,0,215,1,1,1,0,0,1,0,0,1.0986122886681098,2.0794415416798357,0,0,0,1,0
9.666666666666666,0.6666666666666666,0,22,1,0,Major,131,71,49,87,-6,0,0,1,0,0,0,0,1,0,145,0,0,0,0,0,0,0,0,2.0794415416798357,3.6888794541139363,0,0,0,0,1
7,1.3333333333333333,1,22.25,0,0,Major,124,82,45,75,-8,0,0,1,0,0,0,0,0,0,229,0,1,1,0,0,1,0,0,1.3862943611198906,2.70805020110221,0,0,0,0,1
3.6666666666666665,1.3333333333333333,0,29,1,1,Major,125,17,35,34,-14,0,0,1,1,1,0,0,0,0,224,0,0,0,0,0,0,0,0,0.6931471805599453,4.5217885770490405,0,0,0,1,0
5,0,1,48,1,1,Major,103,93,74,96,-6,0,1,0,0,0,0,0,1,0,251,0,0,1,1,0,1,1,0,2.70805020110221,3.2188758248682006,1,0,0,0,0
5,0,1,48,1,1,Major,103,93,74,96,-6,0,1,0,0,0,0,0,1,0,251,0,0,1,1,0,1,1,0,2.70805020110221,3.2188758248682006,0,0,0,0,0
5.333333333333333,0.6666666666666666,1,25,0,0,Major,98,49,58,19,-10,0,0,0,0,0,0,1,0,0,292,0,0,0,0,0,0,0,0,0.6931471805599453,4.418840607796598,0,1,0,0,0
5,0,0,34,1,1,Minor,121,94,85,84,-7,0,0,1,1,0,0,0,1,0,217,0,1,0,0,0,0,0,0,1.0986122886681098,3.7376696182833684,0,0,0,0,1
2.3333333333333335,2,0,46,0,0,Major,131,55,64,84,-11,0,0,0,0,1,1,0,1,0,192,1,1,1,0,0,1,1,0,1.3862943611198906,4.406719247264253,0,0,0,1,0
8,2,0,32,0,0,Major,133,17,41,38,-17,0,0,1,0,0,0,0,0,0,207,0,0,1,0,0,1,0,0,0.6931471805599453,4.394449154672439,0,0,0,0,0
8.666666666666666,0.6666666666666666,0,26,1,1,Minor,171,46,54,80,-10,0,0,1,0,0,0,0,0,0,187,0,0,0,0,0,0,0,0,0.6931471805599453,2.995732273553991,0,0,0,0,1
6,1.3333333333333333,0,29,1,1,Minor,109,48,82,56,-13,0,0,1,1,0,0,0,0,0,227,0,1,0,0,0,0,0,0,1.9459101490553132,3.2188758248682006,0,0,0,0,1
4.333333333333333,0.6666666666666666,0,32,1,1,Major,169,20,27,9,-14,0,0,0,1,0,0,0,0,0,242,0,0,0,0,0,0,0,0,1.0986122886681098,3.9889840465642745,0,0,0,0,1
10,0,0,21,1,1,Major,119,82,88,95,-10,0,0,1,0,1,1,1,1,0,365,0,0,0,0,0,0,0,0,0.6931471805599453,2.6390573296152584,0,1,0,0,0
5,2,1,29,1,0,Major,130,96,58,79,-4,0,0,1,0,0,0,0,1,0,204,0,0,0,0,1,1,0,1,1.3862943611198906,1.3862943611198906,0,0,0,1,0
6,2,0,22,1,0,Major,164,96,58,52,-2,0,0,1,0,0,0,0,0,0,216,0,0,0,0,1,1,0,1,0.6931471805599453,0,0,0,0,0,1
3.6666666666666665,0.6666666666666666,0,20,1,0,Major,134,89,81,96,-4,0,0,0,1,0,0,1,1,0,187,0,0,0,0,1,1,0,0,2.1972245773362196,1.9459101490553132,0,0,0,1,0
8,1.3333333333333333,0,21,0,0,Multiple Keys,140,62,56,38,-8,0,0,1,1,0,1,0,0,1,166,0,1,0,0,0,0,0,0,1.0986122886681098,3.828641396489095,0,0,0,1,0
5.666666666666667,0.6666666666666666,0,20,1,0,Minor,130,44,54,19,-14,0,0,1,1,0,0,0,0,0,260,0,1,0,0,0,0,0,0,1.0986122886681098,1.0986122886681098,0,0,0,0,1
7.666666666666667,2,0,23,1,0,Major,105,54,52,58,-11,0,1,0,1,0,1,0,0,0,192,0,0,0,0,0,0,0,0,0.6931471805599453,4.430816798843313,0,0,0,0,1
4,0,0,27,0,0,Multiple Keys,164,57,39,54,-8,0,0,1,1,0,1,0,0,0,354,0,1,1,0,0,1,0,0,1.0986122886681098,2.302585092994046,0,0,0,0,1
5.666666666666667,0.6666666666666666,0,21,1,0,Major,103,46,26,35,-11,0,0,0,1,0,0,1,0,0,209,0,0,0,0,0,0,0,0,1.6094379124341003,3.784189633918261,0,1,0,0,0
7,2,0,22.5,1,1,Major,107,46,61,68,-9,1,0,0,1,0,0,0,0,0,150,0,1,0,0,0,0,0,0,1.6094379124341003,4.110873864173311,0,1,0,0,0
6.333333333333333,0.6666666666666666,0,28,1,1,Major,96,62,48,44,-11,0,0,0,1,1,0,1,1,0,230,0,1,0,0,0,0,0,0,0.6931471805599453,0.6931471805599453,0,1,0,0,0
2.6666666666666665,1.3333333333333333,0,24,0,0,Multiple Keys,80,51,41,35,-7,0,0,0,1,1,0,0,0,0,141,0,1,1,0,0,1,0,0,1.0986122886681098,3.871201010907891,0,0,0,1,0
6.666666666666667,0.6666666666666666,0,17,0,0,Major,128,49,69,96,-12,1,1,0,1,0,1,0,1,0,140,0,1,0,0,0,0,0,0,1.0986122886681098,3.58351893845611,0,0,0,1,0
7.333333333333333,2.6666666666666665,0,23,1,0,Minor,108,67,60,45,-4,0,0,0,1,1,0,0,0,0,242,0,0,0,0,0,0,0,0,1.0986122886681098,0,0,0,0,1,0
3.3333333333333335,2,0,34,1,1,Multiple Keys,136,44,53,34,-9,0,0,0,1,1,1,0,0,1,262,0,1,0,0,0,0,0,0,1.0986122886681098,4.382026634673881,0,0,0,1,0
5,2.6666666666666665,0,34,1,0,Minor,114,59,81,96,-9,0,0,1,1,1,1,0,0,1,221,0,1,0,0,0,0,0,0,1.0986122886681098,3.4011973816621555,0,0,0,0,1
5,2.6666666666666665,0,34,1,0,Minor,114,59,81,96,-9,0,0,1,1,1,1,0,0,1,221,0,1,0,0,0,0,0,0,1.0986122886681098,3.4011973816621555,0,1,0,0,0
4.666666666666667,2,0,29,1,0,Minor,96,44,76,84,-15,0,1,0,1,1,0,0,0,0,243,0,1,0,0,1,1,0,0,0.6931471805599453,1.0986122886681098,0,1,0,0,0
5.333333333333333,0.6666666666666666,0,19.5,0,0,Major,130,66,51,75,-10,0,0,1,1,0,0,0,0,0,160,0,0,0,0,0,0,0,0,0.6931471805599453,3.1780538303479458,0,0,0,0,1
5.666666666666667,0.6666666666666666,0,26,0,0,Major,109,68,62,81,-11,0,0,1,1,0,1,0,0,0,180,0,1,0,0,0,0,0,0,0.6931471805599453,2.3978952727983707,0,1,0,0,0
6.666666666666667,2,1,23,0,0,Major,115,66,73,79,-7,0,0,1,0,1,0,1,0,0,200,0,1,0,0,0,0,0,0,0.6931471805599453,3.5263605246161616,0,1,0,0,0
7.666666666666667,4,1,28,1,0,Major,110,58,70,82,-12,0,0,1,0,0,0,1,0,0,214,0,1,0,0,0,0,0,0,0.6931471805599453,1.9459101490553132,0,0,0,0,1
6.666666666666667,2,0,29,1,0,Major,128,49,56,86,-15,0,0,1,0,1,1,0,1,0,180,0,1,0,0,0,0,0,0,0.6931471805599453,3.58351893845611,0,0,0,1,0
4.333333333333333,2,0,33,0,1,Major,84,17,63,25,-13,0,0,1,1,1,1,0,0,0,235,0,1,1,0,0,1,0,0,1.6094379124341003,4.465908118654584,0,0,0,1,0
4.666666666666667,2.6666666666666665,0,18.5,0,0,Major,139,78,27,53,-8,1,0,0,1,0,1,0,0,0,125,0,1,0,0,0,0,0,0,1.0986122886681098,4.465908118654584,0,0,0,1,0
8.666666666666666,1.3333333333333333,0,24,1,1,Minor,139,87,78,92,-4,0,0,1,0,0,0,1,0,0,258,0,1,0,0,0,0,0,0,1.3862943611198906,1.791759469228055,0,0,0,0,1
7,3.3333333333333335,0,24,1,1,Major,122,45,89,26,-14,0,0,1,1,1,1,0,0,1,239,0,1,0,0,0,0,0,0,1.6094379124341003,0,0,1,0,0,0
5.666666666666667,0.6666666666666666,0,24,1,0,Major,84,41,67,82,-8,0,1,1,1,0,0,1,0,0,144,0,1,0,0,0,0,0,0,1.3862943611198906,4.418840607796598,0,0,0,0,0
1.3333333333333333,0.6666666666666666,0,26,0,0,Major,93,28,40,60,-13,0,0,1,0,1,0,0,0,0,239,0,1,1,0,0,1,0,0,1.791759469228055,4.219507705176107,0,0,0,1,0
5.666666666666667,0.6666666666666666,0,15,0,0,Major,104,69,72,73,-5,0,1,0,1,0,0,0,0,0,270,0,1,0,0,0,0,0,0,0.6931471805599453,1.9459101490553132,0,1,0,0,0
8,2.6666666666666665,1,17,1,0,Minor,128,58,85,46,-5,0,1,0,0,0,0,0,0,0,256,0,0,0,0,0,0,0,0,0.6931471805599453,2.70805020110221,0,1,0,0,0
5.666666666666667,2,0,33.5,0,0,Major,79,53,54,30,-10,0,0,0,1,0,0,0,0,0,228,0,1,0,0,0,0,0,0,0.6931471805599453,3.9512437185814275,0,0,0,0,1
5.333333333333333,2,0,23,1,0,Minor,164,83,68,54,-5,0,0,0,0,0,0,0,0,0,207,0,0,0,0,0,0,0,1,0.6931471805599453,1.9459101490553132,0,0,1,0,0
5.666666666666667,0.6666666666666666,1,34,0,0,Major,103,30,67,57,-17,0,0,1,1,0,0,0,0,0,296,0,1,0,0,0,0,0,0,1.6094379124341003,2.302585092994046,0,0,0,0,1
4.666666666666667,2.6666666666666665,0,35,1,1,Major,112,40,61,36,-14,0,0,0,1,0,0,0,0,0,194,0,0,0,0,0,0,0,1,1.0986122886681098,3.044522437723423,0,0,0,1,0
7,3.3333333333333335,1,31,1,0,Minor,91,63,84,35,-6,0,0,0,1,0,0,0,0,0,217,0,1,0,0,1,1,0,1,2.3978952727983707,1.9459101490553132,0,0,1,0,0
5.666666666666667,4,1,32,1,0,Major,95,55,78,44,-7,0,0,0,1,0,0,0,0,0,242,0,0,0,0,0,0,0,0,1.3862943611198906,3.58351893845611,0,0,0,1,0
7.666666666666667,2.6666666666666665,0,30,1,1,Major,79,56,39,60,-12,0,0,1,1,0,0,0,0,0,215,0,0,0,0,0,0,0,0,0.6931471805599453,3.912023005428146,0,0,0,0,1
8.333333333333334,2.6666666666666665,0,22,0,0,Major,123,67,76,87,-7,0,0,1,0,0,0,0,0,0,195,0,0,1,0,0,1,0,0,0.6931471805599453,4.127134385045092,0,0,0,0,0
6,0,0,23,1,0,Multiple Keys,130,63,48,73,-10,0,0,1,1,0,0,0,0,0,174,0,0,0,0,0,0,0,1,1.3862943611198906,3.258096538021482,0,0,0,0,1
5,0,1,31.5,0,0,Multiple Keys,90,50,63,70,-12,0,0,0,1,0,0,0,0,0,215,0,1,0,0,0,0,0,0,1.0986122886681098,4.02535169073515,0,1,0,0,0
6.333333333333333,1.3333333333333333,1,21.75,0,0,Minor,110,80,76,65,-4,0,1,0,0,0,0,0,0,0,264,0,0,1,0,0,1,0,1,1.791759469228055,0.6931471805599453,0,1,0,0,0
7.333333333333333,4.666666666666667,0,52,0,0,Major,133,92,65,46,-7,0,0,0,1,0,0,0,0,0,239,0,1,0,0,0,0,0,0,1.6094379124341003,0.6931471805599453,1,0,0,0,0
4.666666666666667,0.6666666666666666,0,33,0,0,Major,174,86,51,95,-6,1,1,0,0,1,1,0,0,0,164,0,0,0,0,0,0,0,0,1.0986122886681098,4.23410650459726,0,0,0,1,0
7.333333333333333,0.6666666666666666,0,21,0,0,Major,146,36,41,40,-11,0,1,0,0,1,1,0,0,0,182,0,1,1,0,0,1,0,0,1.3862943611198906,4.276666119016055,0,0,0,1,0
5,1.3333333333333333,1,28,1,1,Multiple Keys,129,53,35,15,-6,0,0,0,1,0,0,0,0,0,257,0,0,0,0,0,0,0,0,0.6931471805599453,4.0943445622221,0,0,0,1,0
7,2,1,35,0,0,Multiple Keys,108,40,52,13,-7,0,0,1,1,1,0,1,0,0,243,0,0,1,0,0,1,0,0,0.6931471805599453,4.07753744390572,0,0,0,1,0
4.666666666666667,2,1,26,1,0,Minor,170,66,65,22,-7,0,0,0,0,0,0,0,0,0,200,0,0,0,0,1,1,0,0,0.6931471805599453,1.3862943611198906,0,0,1,0,0
4.333333333333333,0.6666666666666666,0,27,0,0,Minor,147,41,53,44,-15,0,0,1,0,1,0,0,1,0,209,0,1,0,0,0,0,0,0,0.6931471805599453,3.912023005428146,0,0,0,1,0
4,2,0,38,1,0,Multiple Keys,117,91,67,92,-6,0,0,0,0,0,1,0,0,0,284,0,1,0,0,1,1,1,0,1.0986122886681098,2.302585092994046,0,0,0,1,0
8.333333333333334,0.6666666666666666,0,36,1,1,Multiple Keys,114,63,64,73,-11,0,0,1,0,0,1,0,0,0,248,0,1,0,0,1,1,0,0,0.6931471805599453,0.6931471805599453,0,0,0,0,1
8.333333333333334,0.6666666666666666,0,36,1,1,Multiple Keys,114,63,64,73,-11,0,0,1,0,0,1,0,0,0,248,0,1,0,0,1,1,0,0,0.6931471805599453,0.6931471805599453,0,1,0,0,0
5.333333333333333,2.6666666666666665,1,21.333333333333332,1,0,Major,98,67,69,57,-9,0,0,1,1,0,0,0,0,0,221,0,1,0,0,0,0,0,0,0.6931471805599453,4.110873864173311,0,0,0,1,0
9.333333333333334,0.6666666666666666,0,29,0,0,Major,91,44,59,43,-10,0,0,0,1,1,1,0,0,0,237,0,1,1,0,0,1,0,0,1.0986122886681098,2.995732273553991,0,1,0,0,0
4,1.3333333333333333,0,28,1,1,Minor,125,73,62,51,-11,0,0,1,0,1,0,0,0,0,280,0,1,0,0,0,0,0,0,1.0986122886681098,1.0986122886681098,0,0,0,0,1
3.3333333333333335,2,0,28,0,0,Major,80,30,25,31,-10,1,0,1,0,1,1,0,0,0,145,0,0,1,0,0,1,0,0,1.6094379124341003,4.3694478524670215,0,0,0,1,0
4.333333333333333,0.6666666666666666,0,23,1,1,Major,115,95,81,70,-7,0,1,0,0,0,0,0,0,0,283,0,0,0,0,0,0,0,0,1.3862943611198906,1.3862943611198906,0,1,0,0,0
6.666666666666667,0.6666666666666666,0,26,1,0,Major,136,32,25,12,-11,0,0,1,1,0,0,1,0,0,233,0,0,0,0,0,0,0,0,0.6931471805599453,3.332204510175204,0,0,0,0,1
9,1.3333333333333333,0,25,0,0,Major,83,39,74,39,-12,0,1,1,0,0,1,0,0,0,162,0,1,0,0,0,0,0,0,0.6931471805599453,3.8918202981106265,0,0,0,0,1
7.666666666666667,2.6666666666666665,0,32,0,0,Minor,112,76,50,86,-10,0,1,1,0,1,0,0,0,0,229,0,1,0,0,0,0,0,0,1.0986122886681098,3.4657359027997265,0,1,0,0,0
5.333333333333333,0.6666666666666666,0,26,1,1,Major,105,46,86,83,-13,0,0,1,0,0,0,1,0,0,210,0,1,0,0,0,0,0,0,0.6931471805599453,2.3978952727983707,0,0,0,0,1
5.333333333333333,0.6666666666666666,0,26,1,1,Major,105,46,86,83,-13,0,0,1,0,0,0,1,0,0,210,0,1,0,0,0,0,0,0,0.6931471805599453,2.3978952727983707,0,1,0,0,0
9.333333333333334,1.3333333333333333,0,23,1,0,Minor,105,77,73,51,-5,0,0,1,1,0,0,1,1,0,228,0,0,0,0,0,0,0,1,2.0794415416798357,2.70805020110221,0,1,0,0,0
4.666666666666667,0.6666666666666666,0,30,1,0,Major,139,91,72,96,-6,0,1,1,0,0,1,0,0,0,244,0,0,0,0,1,1,0,0,0.6931471805599453,1.0986122886681098,0,0,0,0,1
5.666666666666667,0.6666666666666666,0,23,1,1,Multiple Keys,97,79,81,90,-7,0,0,0,1,0,0,0,0,0,191,0,0,0,0,0,0,0,0,1.9459101490553132,0.6931471805599453,0,0,0,1,0
5.666666666666667,0.6666666666666666,0,23,1,1,Multiple Keys,97,79,81,90,-7,0,0,0,1,0,0,0,0,0,191,0,0,0,0,0,0,0,0,1.9459101490553132,0.6931471805599453,0,0,0,0,0
9,0,1,34,1,1,Minor,103,69,68,80,-13,0,0,1,1,0,1,1,0,0,170,0,0,0,0,0,0,0,0,0.6931471805599453,4.219507705176107,0,1,0,0,0
7,1.3333333333333333,0,27,1,1,Major,109,69,80,96,-6,0,0,1,1,0,0,1,0,0,215,0,1,0,0,0,0,0,0,0.6931471805599453,2.995732273553991,0,0,0,0,1
7,2.6666666666666665,0,29,1,0,Multiple Keys,104,44,45,81,-13,0,0,0,1,0,1,0,0,1,231,0,0,0,0,0,0,0,0,1.791759469228055,3.9318256327243257,0,0,0,0,1
5.333333333333333,0.6666666666666666,0,32,0,0,Major,125,53,64,70,-11,0,0,1,0,1,1,0,0,0,206,1,1,0,0,0,0,0,0,0.6931471805599453,4.31748811353631,0,0,0,0,0
5,1.3333333333333333,0,28,1,1,Major,165,59,75,89,-10,0,0,1,1,0,0,0,0,0,202,0,1,0,0,1,1,0,0,0.6931471805599453,2.0794415416798357,0,0,0,1,0
3.6666666666666665,0.6666666666666666,0,23,0,0,Major,139,87,69,67,-6,0,0,0,1,0,0,0,0,0,227,0,1,1,0,0,1,0,0,0.6931471805599453,0,1,0,0,0,0
3,1.3333333333333333,0,26,0,0,Major,122,32,54,42,-14,0,0,1,1,1,0,0,0,0,210,0,0,0,0,0,0,0,0,0.6931471805599453,4.060443010546419,0,0,0,1,0
7.333333333333333,0.6666666666666666,0,36,1,1,Major,140,46,84,76,-8,0,0,0,1,0,0,0,0,0,201,0,1,0,0,1,1,0,1,2.70805020110221,1.3862943611198906,0,1,0,0,0
4,1.3333333333333333,0,33,0,0,Major,62,30,50,17,-11,0,0,1,0,1,0,0,0,0,220,0,0,0,0,0,0,0,0,0.6931471805599453,3.784189633918261,0,0,0,1,0
8.666666666666666,0.6666666666666666,0,27,1,0,Major,106,68,66,65,-8,0,0,1,1,1,0,0,0,0,258,0,1,0,0,0,0,0,0,1.3862943611198906,2.833213344056216,0,0,0,0,1
7.333333333333333,0.6666666666666666,1,29,1,1,Minor,89,64,85,69,-5,0,0,0,1,0,0,0,0,0,306,1,0,0,1,0,1,0,1,1.6094379124341003,3.7612001156935624,0,0,1,0,0
8.666666666666666,1.3333333333333333,0,29,1,0,Minor,165,38,53,19,-12,0,1,1,0,0,0,0,0,0,259,0,1,0,0,1,1,0,0,0.6931471805599453,1.3862943611198906,0,0,0,0,1
5,3.3333333333333335,0,27,1,1,Major,85,50,61,74,-10,0,0,1,0,0,0,1,0,0,250,0,1,0,0,0,0,0,0,1.6094379124341003,3.4965075614664802,0,0,0,1,0
5,1.3333333333333333,1,38,0,1,Major,165,36,48,24,-11,0,0,1,1,0,0,1,0,0,231,0,1,1,0,0,1,0,0,0.6931471805599453,3.044522437723423,0,1,0,0,0
5.333333333333333,2.6666666666666665,0,50,0,0,Major,121,66,38,14,-5,0,0,1,1,1,1,0,0,0,298,0,1,0,0,0,0,0,0,1.6094379124341003,2.8903717578961645,0,0,0,0,1
5.333333333333333,2,0,27,0,0,Minor,165,90,67,87,-8,0,1,0,0,0,0,0,0,0,299,0,1,0,0,0,0,0,0,0.6931471805599453,3.4339872044851463,0,1,0,0,0
4.666666666666667,1.3333333333333333,1,37,1,1,Major,112,80,56,79,-7,0,0,1,0,0,1,0,0,0,244,0,0,0,0,0,0,0,0,1.0986122886681098,0,1,0,0,0,0
6.333333333333333,2.6666666666666665,0,20,1,0,Major,136,57,42,47,-9,0,0,1,0,0,0,0,0,0,127,0,1,0,0,1,1,0,0,1.0986122886681098,3.367295829986474,0,0,0,0,1
7.333333333333333,4,0,31,1,1,Multiple Keys,117,45,82,74,-10,0,0,1,0,0,0,0,0,0,234,0,1,0,0,0,0,0,0,2.1972245773362196,4.007333185232471,0,0,0,1,0
8.333333333333334,2,0,25,0,0,Major,126,49,64,75,-9,1,0,0,1,0,0,0,0,0,196,0,0,1,0,0,1,0,0,1.791759469228055,4.174387269895637,0,0,0,1,0
8.666666666666666,1.3333333333333333,1,18,1,0,Minor,69,68,59,74,-3,0,0,1,0,1,0,1,0,0,240,0,0,0,0,0,0,0,0,1.3862943611198906,3.4011973816621555,0,1,0,0,0
10,0,1,11,0,0,Major,98,54,64,94,-13,0,1,1,1,1,0,0,1,0,180,0,1,0,0,0,0,0,0,0.6931471805599453,3.912023005428146,0,0,0,1,0
4.666666666666667,1.3333333333333333,0,17,0,0,Major,93,64,67,84,-10,0,1,1,0,0,0,0,0,0,110,0,0,1,0,0,1,1,0,0.6931471805599453,2.1972245773362196,0,0,0,0,1
3,2,1,20,1,0,Minor,102,88,78,91,-8,0,1,0,0,0,0,0,0,0,218,0,1,0,0,0,0,0,0,1.0986122886681098,1.6094379124341003,0,1,0,0,0
7.333333333333333,2,0,38,0,0,Major,100,53,30,45,-10,0,0,0,0,1,1,0,0,1,284,0,1,0,0,0,0,0,0,1.3862943611198906,3.1780538303479458,0,1,0,0,0
10,0,0,27,0,0,Major,93,46,45,66,-11,0,0,1,1,0,0,0,0,0,271,0,0,1,0,0,1,0,0,1.0986122886681098,3.4339872044851463,0,0,0,0,1
1.6666666666666667,1.3333333333333333,0,27,0,0,Minor,139,73,62,69,-7,0,1,1,1,0,0,0,0,0,154,0,1,1,0,0,1,0,0,0.6931471805599453,4.07753744390572,0,0,0,1,0
4.666666666666667,2.6666666666666665,0,27,1,0,Major,101,21,39,31,-12,0,0,1,1,1,0,1,0,0,204,0,1,0,0,0,0,0,0,0.6931471805599453,4.51085950651685,0,0,0,1,0
6.333333333333333,1.3333333333333333,0,24,1,0,Major,128,89,64,92,-5,0,0,1,0,0,0,0,0,0,307,0,0,0,0,0,0,0,0,0.6931471805599453,2.5649493574615367,0,0,0,0,1
8.333333333333334,0.6666666666666666,0,29,1,0,Minor,150,62,91,42,-7,0,0,0,1,0,0,0,0,0,177,1,0,0,0,0,0,0,1,0.6931471805599453,0,0,0,1,0,0
6,1.3333333333333333,0,29,1,1,Minor,131,80,75,37,-5,0,0,1,0,0,0,0,0,0,280,0,1,0,0,0,0,0,0,0.6931471805599453,3.2188758248682006,0,0,0,0,1
8.333333333333334,2,0,26,1,1,Major,120,55,83,89,-14,0,1,1,0,1,0,0,1,0,216,0,1,0,0,0,0,0,0,1.9459101490553132,1.6094379124341003,0,1,0,0,0
5.333333333333333,1.3333333333333333,0,37,1,1,Minor,100,46,88,45,-9,0,1,0,0,0,0,0,0,0,253,0,0,0,1,1,1,0,1,1.0986122886681098,1.0986122886681098,0,0,1,0,0
7.666666666666667,2,0,24,0,0,Minor,93,50,81,78,-8,0,0,1,0,0,1,0,0,0,266,0,1,0,1,0,1,0,0,1.6094379124341003,1.3862943611198906,0,0,1,0,0
6.333333333333333,0.6666666666666666,0,30,0,0,Major,123,57,74,69,-10,0,0,1,0,1,1,0,0,0,178,0,1,0,0,0,0,0,0,0.6931471805599453,2.995732273553991,0,1,0,0,0
5.333333333333333,2.6666666666666665,0,28,1,0,Minor,109,72,80,88,-5,0,0,1,0,0,0,0,0,0,181,0,0,0,0,0,0,1,0,0.6931471805599453,2.0794415416798357,0,0,0,0,1
5.333333333333333,0.6666666666666666,0,27,1,0,Major,90,38,40,74,-12,0,0,1,0,0,0,0,0,0,330,0,1,0,0,0,0,0,0,0.6931471805599453,4.189654742026425,0,0,0,0,1
7.666666666666667,1.3333333333333333,1,23,1,1,Major,132,46,52,68,-15,0,0,0,1,0,1,0,0,0,172,0,1,0,0,0,0,0,0,0.6931471805599453,4.418840607796598,0,1,0,0,0
7,1.3333333333333333,0,29,0,0,Multiple Keys,94,35,64,20,-9,0,0,0,1,0,0,0,0,0,204,0,0,1,0,0,1,0,0,0.6931471805599453,3.912023005428146,0,1,0,0,0
7.666666666666667,2,1,22.2,1,0,Major,110,86,77,89,-6,0,0,0,1,1,0,0,0,0,173,0,0,0,1,0,1,0,0,1.6094379124341003,2.3978952727983707,0,0,0,1,0
4.333333333333333,2,0,23,0,0,Multiple Keys,172,75,34,83,-7,0,0,1,0,0,1,0,0,0,169,0,1,0,0,0,0,0,0,0.6931471805599453,3.044522437723423,0,0,0,1,0
7,0,0,24,1,1,Major,125,77,72,77,-8,0,0,1,1,0,1,0,0,0,186,0,1,0,0,0,0,0,0,0.6931471805599453,4.007333185232471,0,0,0,0,1
6.666666666666667,1.3333333333333333,1,24,1,0,Major,168,55,73,61,-8,0,1,0,1,1,0,0,0,0,289,1,1,0,1,0,1,0,1,2.3978952727983707,3.1780538303479458,0,1,0,0,0
6.333333333333333,0.6666666666666666,0,31,0,0,Major,142,82,54,51,-12,0,0,1,1,0,0,0,0,0,246,0,0,1,0,0,1,1,0,0.6931471805599453,0.6931471805599453,0,0,0,0,1
6,3.3333333333333335,0,29,0,1,Major,130,66,68,96,-10,0,0,1,0,0,0,0,0,0,137,0,0,1,0,0,1,0,0,1.0986122886681098,4.382026634673881,0,0,0,0,0
7.666666666666667,2,0,32,1,1,Multiple Keys,123,37,68,62,-13,0,0,1,1,0,0,0,0,0,164,0,1,0,0,0,0,0,0,1.6094379124341003,4.1588830833596715,0,1,0,0,0
6.666666666666667,0.6666666666666666,0,26,0,0,Major,120,66,77,97,-11,0,0,0,1,0,0,0,0,0,218,0,1,0,0,0,0,0,1,1.9459101490553132,3.044522437723423,0,0,0,1,0
7.333333333333333,2.6666666666666665,0,18,0,0,Minor,176,80,63,91,-7,0,0,0,1,0,0,0,0,0,217,0,0,0,0,0,0,1,1,1.791759469228055,3.091042453358316,0,0,0,1,0
5.333333333333333,2,0,16,0,0,Major,131,72,75,94,-12,0,0,0,1,0,0,0,0,0,228,0,1,1,0,0,1,0,0,1.0986122886681098,1.3862943611198906,0,0,0,1,0
5.333333333333333,2,0,16,0,0,Major,131,72,75,94,-12,0,0,0,1,0,0,0,0,0,228,0,1,1,0,0,1,0,0,1.0986122886681098,1.3862943611198906,1,0,0,0,0
4.333333333333333,2,0,25,1,1,Minor,98,96,54,82,-7,0,1,0,0,0,0,0,0,0,289,0,1,0,0,0,0,0,0,1.0986122886681098,1.791759469228055,1,0,0,0,0
3.6666666666666665,4.666666666666667,0,33,1,0,Major,122,74,68,84,-13,0,1,0,1,0,1,0,0,0,170,1,0,0,1,1,1,0,0,1.3862943611198906,0,1,0,0,0,0
7.333333333333333,0.6666666666666666,0,26,1,0,Major,80,61,67,38,-7,0,0,1,0,0,0,0,0,0,184,0,0,0,0,0,0,0,0,1.3862943611198906,3.871201010907891,0,0,0,0,1
4.333333333333333,1.3333333333333333,0,34,0,1,Major,172,72,64,84,-13,0,1,0,1,0,1,0,0,0,207,0,1,1,0,1,1,0,0,2.0794415416798357,1.6094379124341003,0,0,0,1,0
4.333333333333333,1.3333333333333333,0,34,0,1,Major,172,72,64,84,-13,0,1,0,1,0,1,0,0,0,207,0,1,1,0,1,1,0,0,2.0794415416798357,1.6094379124341003,0,0,0,0,0
7,1.3333333333333333,0,34,1,1,Major,114,88,77,78,-5,0,1,1,0,0,0,1,0,0,272,1,0,0,1,0,1,0,1,2.0794415416798357,0.6931471805599453,0,1,0,0,0
5.333333333333333,3.3333333333333335,1,25.666666666666668,0,0,Major,126,96,72,91,-5,0,0,0,1,0,0,0,0,0,229,0,1,1,0,1,1,0,0,0.6931471805599453,2.302585092994046,1,0,0,0,0
6.666666666666667,2,0,26,1,0,Major,124,83,64,65,-5,0,0,0,0,1,0,0,0,0,227,0,0,0,0,0,0,0,0,1.6094379124341003,2.70805020110221,1,0,0,0,0
8,1.3333333333333333,0,22,1,0,Major,165,83,46,90,-9,0,0,1,0,0,1,0,1,1,150,0,1,0,0,1,1,0,0,1.0986122886681098,4.543294782270004,0,1,0,0,0
8,1.3333333333333333,0,22,1,0,Major,165,83,46,90,-9,0,0,1,0,0,1,0,1,1,150,0,1,0,0,1,1,0,0,1.0986122886681098,4.543294782270004,0,0,0,0,1
4,1.3333333333333333,1,32,1,0,Major,110,48,40,18,-8,0,0,0,1,1,0,0,0,0,259,0,1,0,0,0,0,0,0,0.6931471805599453,4.30406509320417,0,0,0,1,0
7.666666666666667,0.6666666666666666,0,22,0,0,Multiple Keys,119,54,83,93,-13,0,0,0,1,0,1,0,0,0,275,0,1,0,0,0,0,0,0,1.0986122886681098,3.044522437723423,1,0,0,0,0
7,2.6666666666666665,1,38,1,1,Major,96,33,57,28,-7,0,0,1,0,1,0,0,0,0,217,0,0,0,0,0,0,0,0,0.6931471805599453,3.7612001156935624,0,0,0,0,1
10,0,1,22.5,1,0,Major,139,81,59,80,-6,0,0,1,0,0,0,0,0,0,154,0,1,0,0,0,0,0,0,1.0986122886681098,2.70805020110221,0,0,0,0,1
9.333333333333334,0.6666666666666666,0,21,0,0,Major,115,70,80,85,-7,0,1,1,0,1,1,1,1,0,203,0,1,0,0,0,0,0,0,1.6094379124341003,1.9459101490553132,0,1,0,0,0
6,2.6666666666666665,0,26,0,0,Multiple Keys,99,79,39,38,-5,0,0,0,1,1,1,0,0,0,205,1,1,1,0,0,1,1,0,1.3862943611198906,2.995732273553991,0,1,0,0,0
6.333333333333333,2,0,27,1,1,Minor,172,76,45,54,-5,0,0,1,0,0,0,0,0,0,223,0,1,0,0,0,0,0,1,1.6094379124341003,0,0,0,0,0,1
7.666666666666667,2.6666666666666665,0,26,1,1,Major,98,70,70,58,-7,0,1,1,0,0,0,0,0,0,265,1,0,0,1,0,1,1,1,2.1972245773362196,3.4339872044851463,0,1,0,0,0
1.6666666666666667,0.6666666666666666,1,24,0,1,Major,133,55,66,96,-12,0,0,1,0,1,1,0,1,1,172,1,1,1,0,0,1,0,0,0.6931471805599453,2.70805020110221,0,0,0,1,0
7.666666666666667,2.6666666666666665,0,24,1,1,Major,124,83,59,49,-5,0,0,0,0,0,0,0,0,0,260,0,1,0,0,0,0,0,0,1.9459101490553132,0,1,0,0,0,0
5.333333333333333,1.3333333333333333,0,25,1,1,Minor,112,82,65,96,-12,0,0,1,1,0,1,0,0,0,187,0,1,0,0,0,0,0,0,0.6931471805599453,0.6931471805599453,0,1,0,0,0
7,1.3333333333333333,0,26,0,1,Major,95,72,66,51,-7,0,0,0,1,0,1,0,0,0,224,0,1,0,0,0,0,0,0,0.6931471805599453,2.4849066497880004,0,0,0,1,0
4.666666666666667,2,0,30,1,0,Major,148,80,67,88,-7,0,0,0,1,0,0,0,1,0,181,0,0,0,0,0,0,0,1,1.0986122886681098,3.970291913552122,0,0,0,0,1
7.333333333333333,2.6666666666666665,0,31,1,1,Major,116,82,69,28,-10,0,0,0,1,1,1,0,1,0,289,0,0,0,1,0,1,1,0,1.3862943611198906,0.6931471805599453,1,0,0,0,0
7.666666666666667,0.6666666666666666,0,27,1,0,Major,129,93,64,97,-4,0,0,1,1,0,1,0,1,0,230,0,1,0,0,0,0,0,1,1.0986122886681098,3.1354942159291497,0,0,0,0,1
7,1.3333333333333333,0,30,1,0,Major,130,45,73,29,-9,0,0,1,1,0,0,0,0,0,241,0,1,0,0,0,0,0,0,1.0986122886681098,3.912023005428146,0,0,0,1,0
4.666666666666667,2,0,36,1,0,Major,140,60,53,21,-6,0,0,1,1,0,0,0,0,0,245,0,0,0,0,0,0,0,0,1.3862943611198906,2.833213344056216,0,0,0,1,0
9.666666666666666,0.6666666666666666,0,25,0,0,Multiple Keys,115,56,81,96,-5,0,0,1,1,0,1,0,0,1,149,0,1,1,0,0,1,0,0,1.0986122886681098,2.833213344056216,0,1,0,0,0
4.333333333333333,1.3333333333333333,1,21,0,0,Major,83,41,53,23,-10,0,0,1,1,1,1,0,1,1,259,1,0,1,0,0,1,0,0,2.4849066497880004,3.1780538303479458,0,0,0,1,0
7.333333333333333,1.3333333333333333,0,32,1,1,Major,104,55,55,59,-10,0,0,1,0,0,0,0,0,0,270,0,1,0,0,0,0,0,0,0.6931471805599453,1.791759469228055,0,0,0,1,0
4.333333333333333,1.3333333333333333,1,34,1,1,Minor,130,84,62,38,-6,0,1,0,0,0,0,0,0,0,252,0,1,0,1,0,1,0,1,2.5649493574615367,2.5649493574615367,1,0,0,0,0
8.333333333333334,0.6666666666666666,0,32,1,0,Major,78,48,46,51,-13,0,0,1,0,1,0,0,0,0,212,0,0,0,0,0,0,0,0,0.6931471805599453,3.8501476017100584,0,0,0,0,1
5.666666666666667,0.6666666666666666,0,25,1,0,Minor,96,65,83,93,-3,0,0,1,1,0,0,1,0,0,233,0,0,0,0,1,1,0,0,2.5649493574615367,4.07753744390572,1,0,0,0,0
4.333333333333333,2.6666666666666665,0,35,0,0,Major,71,15,33,61,-18,1,0,0,1,1,0,0,0,0,156,0,0,0,0,1,1,0,0,1.9459101490553132,1.6094379124341003,0,0,0,1,0
6.333333333333333,0.6666666666666666,0,26,1,1,Minor,98,71,69,96,-13,0,0,0,1,0,1,0,0,0,224,0,1,0,0,0,0,0,0,1.0986122886681098,3.6375861597263857,0,1,0,0,0
6.666666666666667,1.3333333333333333,1,29,1,0,Major,131,86,74,78,-8,0,0,1,1,1,0,1,0,0,271,0,1,0,0,0,0,0,0,1.6094379124341003,2.9444389791664403,0,0,0,1,0
6,1.3333333333333333,0,38,1,0,Major,69,17,68,75,-23,1,0,0,0,0,0,1,1,0,294,0,1,0,0,0,0,1,0,1.0986122886681098,4.48863636973214,0,0,0,0,0
3.3333333333333335,1.3333333333333333,1,27,0,0,Major,117,88,95,87,-9,0,1,0,1,0,0,0,0,0,230,0,1,0,0,0,0,0,0,1.3862943611198906,3.8501476017100584,0,1,0,0,0
5,3.3333333333333335,0,24,0,0,Minor,100,89,63,59,-5,0,0,1,0,0,0,0,0,0,214,0,0,0,0,0,0,0,0,1.0986122886681098,1.791759469228055,0,0,0,1,0
3.3333333333333335,3.3333333333333335,0,47,1,0,Major,112,54,68,80,-15,0,0,1,1,1,0,0,0,0,231,1,1,0,0,0,0,1,0,0.6931471805599453,4.465908118654584,0,0,0,1,0
9.333333333333334,0.6666666666666666,0,26,1,0,Major,125,95,45,62,-5,0,0,1,0,0,0,0,0,0,356,0,0,0,0,0,0,0,0,1.0986122886681098,2.302585092994046,0,0,0,0,1
5.666666666666667,1.3333333333333333,1,24,1,1,Minor,128,76,69,96,-6,0,0,1,1,0,0,0,0,0,187,0,1,0,0,1,1,0,0,0.6931471805599453,3.8501476017100584,0,0,0,0,1
5.666666666666667,1.3333333333333333,0,21,1,0,Major,130,55,63,56,-9,0,0,1,1,0,0,0,0,0,142,0,1,0,0,0,0,0,0,1.3862943611198906,3.044522437723423,0,0,0,0,1
6.333333333333333,3.3333333333333335,0,21,1,1,Major,100,70,80,48,-9,0,0,1,0,0,0,0,0,0,235,1,1,0,1,1,1,0,1,0.6931471805599453,0,0,0,1,0,0
6,1.3333333333333333,1,35.5,0,0,Major,100,56,47,92,-8,0,0,1,1,1,1,0,0,0,209,0,1,0,0,0,0,0,0,0.6931471805599453,3.4657359027997265,0,1,0,0,0
6,1.3333333333333333,1,35.5,0,0,Major,100,56,47,92,-8,0,0,1,1,1,1,0,0,0,209,0,1,0,0,0,0,0,0,0.6931471805599453,3.4657359027997265,0,0,0,1,0
2.6666666666666665,1.3333333333333333,0,35,1,1,Major,101,63,51,95,-9,0,0,0,1,1,1,0,0,1,170,0,1,0,0,0,0,0,0,0.6931471805599453,3.6109179126442243,0,0,0,1,0
5,0,0,29,1,0,Minor,126,87,53,46,-3,0,0,1,0,0,0,0,0,0,215,0,0,0,0,0,0,1,1,0.6931471805599453,0,0,0,0,0,1
5,3.3333333333333335,0,29,1,1,Multiple Keys,108,70,42,91,-7,0,0,0,1,1,1,0,0,0,243,0,1,0,0,0,0,0,0,0.6931471805599453,3.044522437723423,0,0,0,0,1
7.333333333333333,0.6666666666666666,0,33,1,1,Minor,116,60,86,85,-8,0,0,1,0,0,0,1,0,0,253,0,1,0,0,0,0,0,0,1.0986122886681098,2.3978952727983707,0,0,0,0,1
9.666666666666666,0.6666666666666666,0,21,0,0,Major,117,76,71,87,-6,0,0,0,1,0,1,0,1,1,151,0,1,0,0,0,0,0,0,1.0986122886681098,4.1588830833596715,0,0,0,1,0
6,2.6666666666666665,0,28,1,1,Minor,108,32,61,11,-10,0,0,1,0,0,0,1,0,0,230,0,0,0,0,0,0,0,0,0.6931471805599453,4.30406509320417,0,0,0,1,0
9.666666666666666,0.6666666666666666,0,35,1,1,Minor,110,71,80,85,-5,0,0,1,0,0,0,0,0,0,225,0,1,0,0,0,0,0,0,0.6931471805599453,3.8066624897703196,0,1,0,0,0
7.666666666666667,1.3333333333333333,1,16,0,0,Major,121,78,79,97,-5,0,0,1,1,0,0,0,1,0,148,0,1,0,0,0,0,0,0,0.6931471805599453,4.290459441148391,0,0,0,1,0
3.6666666666666665,1.3333333333333333,1,23,1,1,Major,132,47,59,36,-10,0,0,0,1,1,1,0,0,0,239,0,1,0,0,0,0,0,0,0.6931471805599453,3.9318256327243257,0,0,0,1,0
5.666666666666667,1.3333333333333333,0,29.333333333333332,0,0,Major,127,67,65,97,-12,0,0,1,1,0,0,0,0,0,197,0,1,0,0,0,0,0,0,1.9459101490553132,3.871201010907891,0,0,0,0,1
7.666666666666667,2,0,32,1,1,Major,111,69,58,53,-12,0,0,0,1,0,0,0,0,0,298,0,1,0,0,0,0,0,0,0.6931471805599453,4.127134385045092,0,0,0,1,0
7,4,1,28,1,1,Minor,96,82,69,68,-7,0,1,0,1,0,0,1,1,0,299,0,1,0,1,0,1,0,0,1.3862943611198906,2.5649493574615367,0,0,1,0,0
3.3333333333333335,2.6666666666666665,0,30.333333333333332,0,0,Major,109,58,69,94,-12,0,0,0,1,0,0,0,1,0,206,0,1,1,0,0,1,0,0,0.6931471805599453,3.9318256327243257,0,0,0,0,1
5,1.3333333333333333,0,35,1,1,Major,89,50,72,83,-13,0,1,0,0,0,1,0,0,1,273,0,1,0,0,0,0,0,0,1.6094379124341003,1.6094379124341003,0,0,0,1,0
6.666666666666667,0.6666666666666666,0,35,1,1,Major,119,83,77,96,-5,0,0,1,1,0,0,0,0,0,234,0,1,0,0,0,0,0,0,1.0986122886681098,2.3978952727983707,0,0,0,0,1
8.333333333333334,2.6666666666666665,1,21,0,0,Minor,93,65,79,74,-6,0,1,0,0,0,0,0,0,0,287,0,1,0,0,1,1,0,0,0.6931471805599453,2.302585092994046,0,0,1,0,0
5.666666666666667,2.6666666666666665,0,19,0,0,Major,134,53,70,28,-6,0,0,0,1,0,0,0,0,0,273,1,1,0,0,0,0,0,0,1.0986122886681098,4.007333185232471,0,0,0,1,0
4,2,1,32.5,0,1,Major,93,31,32,19,-9,0,0,1,1,0,0,0,0,0,269,0,0,0,0,0,0,0,0,0.6931471805599453,3.2188758248682006,0,0,0,1,0
9,0,0,31,1,0,Major,93,91,59,76,-6,0,0,0,0,0,0,0,0,0,210,1,0,0,1,1,1,1,1,2.1972245773362196,2.302585092994046,0,0,1,0,0
9,2,0,25,1,0,Major,120,19,64,69,-11,0,0,1,0,1,0,0,0,0,255,0,0,0,0,0,0,0,0,1.6094379124341003,4.290459441148391,0,0,0,0,0
6,1.3333333333333333,0,28,1,1,Major,103,71,81,92,-8,0,0,0,1,0,1,0,0,0,158,0,1,0,0,1,1,0,0,0.6931471805599453,4.07753744390572,0,1,0,0,0
8,2.6666666666666665,1,36,1,1,Major,136,55,43,25,-8,0,0,0,1,0,0,0,0,0,346,0,0,1,0,0,1,0,0,0.6931471805599453,3.9318256327243257,0,0,0,0,1
6.333333333333333,2,0,38,1,1,Major,137,75,58,68,-8,0,1,1,0,0,1,0,1,0,248,0,0,0,0,0,0,0,0,1.3862943611198906,2.772588722239781,0,0,0,0,1
5.333333333333333,2.6666666666666665,0,25,1,0,Major,150,80,63,97,-7,0,0,1,1,0,0,0,1,0,235,0,1,0,0,1,1,0,0,1.3862943611198906,1.3862943611198906,0,0,0,0,1
6,1.3333333333333333,0,31,0,0,Multiple Keys,140,42,35,28,-11,0,0,1,1,1,1,0,0,0,204,0,0,1,0,0,1,0,0,0.6931471805599453,4.0943445622221,0,0,0,1,0
4.666666666666667,3.3333333333333335,0,26,1,0,Major,105,62,40,68,-6,0,0,0,1,1,1,0,0,0,237,0,1,0,0,1,1,0,0,0.6931471805599453,3.8066624897703196,0,0,0,1,0
8.666666666666666,0.6666666666666666,0,25,1,0,Major,172,50,77,76,-7,0,1,1,0,0,1,0,0,0,279,0,1,0,0,0,0,0,0,2.0794415416798357,3.4657359027997265,0,0,1,0,0
